"物理身份","表名","中间加工读取任务数","候选群数","候选加工群","全部观察生产任务","聚组处理"
"dataset:c068faabef5c1265f552c9dc8c7acd4f88a685b3ff46d87544746b4a30ae3ea7","dm_index_n.grp_def","445","35","K019;K060;K007;K061;K062;K006;K064;K065;K066;K070;K075;K077;K078;K013;K080;K081;K082;K084;K085;K033;K034;K015;K020;K091;K016;K038;K094;K039;K040;K041;K042;K095;K022;K100;K083","63446;76846;85251;86835;88733;123215;200369;201192;237301","高复用输入，保留依赖但不促成聚组"
"dataset:71971a99b87b0481d0a8790abc33720ffa263533e9b532f22e3efb5b53846140","pdata_n.ref_cd_cvt_map","221","19","K011;K005;K017;K024;K049;K025;K050;K051;K048;K001;K029;K008;K014;K031;K004;K009;K089;K021;K093","","高复用输入，保留依赖但不促成聚组"
"dataset:d1d317cd9977de850494e7de333613711dc9d5f0343bcf41f687737495ed186c","pdata_news_n.t02_scr_base_info","209","16","K045;K046;K001;K053;K054;K055;K056;K057;K065;K032;K090;K037;K098;K074;K100;K043","39356;39719;59446;59485;59493;61529;61577;69471;69617;69635;69642;69774;69801;69848;70117;103230;103232;105024","第一模块文档命中，保留输入但不促成聚组"
"dataset:ea13700b2ea673c78faf939fe9d42a6bd44807c4f225628c84b1e10dcf5ceceb","dm_index_n.tag_def","190","16","K001;K052;K012;K061;K064;K065;K070;K077;K082;K075;K034;K039;K040;K041;K094;K083","","高复用输入，保留依赖但不促成聚组"
"dataset:f322d64cc13f2c1fedf2c1d26bc3f5dbf17e636b8ef92b75b28867c45f417aed","pdata_n.t03_otc_deri_book_adtnl_info","149","9","K083;K086;K087;K034;K009;K008;K090;K093;K074","105382;106096;144293","第一模块文档命中，保留输入但不促成聚组"
"dataset:f89b8c64b0d26b2f8480485076dcb50d14a95d7da34aec1126864981495c5522","pdata_news_n.t02_tit_scr_base_info","70","8","K068;K006;K030;K004;K087;K009;K090;K008","103234;103235;103236;103237;144303;211515","第一模块文档命中，保留输入但不促成聚组"
"dataset:41c79fc4d5f07e133e0cf614fabc864f4c5f7426d422ca1b3720572872dec951","pdata_n.ref_dw_cd_val","34","8","K044;K026;K048;K059;K066;K008;K087;K074","62633;142305;186147","高复用输入，保留依赖但不促成聚组"
"dataset:879c9ca3e7fa50b1981471a74f67a0842f2687b8d4a5dcc8fa24ac76caca5701","pdata_news_n.t02_pub_covt_const","108","7","K055;K057;K030;K009;K090;K092;K098","74850","第一模块文档命中，保留输入但不促成聚组"
"dataset:23b13077753b594b6dc75f0395dd6620018b6e30f0d7ed7b83668862bf3d4c67","pdata_n.t01_pty_name","42","7","K044;K026;K068;K087;K090;K093;K096","63634;63653;63700;63702;63703;63731;63732;63775;63792;63794;63805;63823;73196;77079;104299;105076;144561","第一模块文档命中，保留输入但不促成聚组"
"dataset:5a5caef0289d22c7e3f34c3fb23f11ced5ca7ed35d22726c3bb48d046a2cf559","pdata_n.t98_otc_deri_comp_sale_info","42","7","K006;K071;K072;K034;K038;K095;K099","86840;86841;86842;220650","高复用输入，保留依赖但不促成聚组"
"dataset:87bb0c983bbd36efbb7599b806d1e6cf6427317bbf474cd3a1ae3e191638d224","pdata_n.t98_org_brch_div_info","46","6","K012;K069;K073;K074;K077;K015","61593","高复用输入，保留依赖但不促成聚组"
"dataset:7ac42558fef06b1fd2fb083947bc3874a9851ff1ec7490ab3317346efecd9ccc","pdata_n.t03_agt_stati_info_h","43","6","K027;K068;K008;K087;K090;K093","98304;103939;105069;105385;105387;105527;144289;210925","第一模块文档命中，保留输入但不促成聚组"
"dataset:4bc6bd11ad92b856c0e3f26937a55c37bb91d12ffc689634e503d05b578c8b2f","pdata_news_n.t02_fut_base_info","36","6","K068;K030;K004;K002;K090;K037","70099;105612;105862;144301;150919;211516","第一模块文档命中，保留输入但不促成聚组"
"dataset:e2b739b64af71674a0cde9d4fe61d4528cfa5c4d9de4c0b16251ebbca10f1f3a","pdata_news_n.t02_fxr_cfets_quot","27","6","K004;K008;K090;K093;K099;K043","105616;105863;144066;144298;151401;211752","第一模块文档命中，保留输入但不促成聚组"
"dataset:6ebabb447f462a09ed915b5632b2638807e7870ada3725edaa3f3361364cff0e","pdata_nds.om_flip_new_orgid","18","6","K013;K085;K039;K040;K042;K041","","参与相似计算；同时保留跨群复用"
"dataset:37a5d673846c0cb127f7fed7c44232647c94522662d3d2554e9c4492b1c4d66f","pdata_n.t98_otc_deri_comp_sale_adtnl_det","17","6","K006;K071;K072;K034;K038;K099","107491","参与相似计算；同时保留跨群复用"
"dataset:239a9b9edba7f63f77863d2822c27172249fd49cfeec086ceb1dd7395387b59c","pdata_n.t01_pty_inr_org_rela_h","16","6","K044;K026;K039;K040;K042;K041","63238","参与相似计算；同时保留跨群复用"
"dataset:2eb2a33c62057a1e01375519b9e6c34ad4eabe5f525dd5f6b073fade8163badf","pdata_n.t98_brok_indv_cust_base_info","70","5","K060;K069;K070;K074;K100","68275","高复用输入，保留依赖但不促成聚组"
"dataset:e4b3adf0b6ff37620a08c69009d1d80e6d37a0148814261f0adc2418edd6b23d","pdata_n.t98_brok_corp_cust_base_info","67","5","K066;K069;K074;K070;K100","68873","高复用输入，保留依赖但不促成聚组"
"dataset:7a0a012ae59ca1cef54144681535a6ac8f9384c233f6208eb3817299d44374bc","pdata_news_n.tyzx_exch_quot_h_fk","33","5","K035;K002;K010;K036;K037","104663;104933;144020;144022;183785;208352","高复用输入，保留依赖但不促成聚组"
"dataset:2a28c31d675728b6bcbc6c1a6f4fbc6f26832e7103ee1bfd3c88ba3d543ae4fa","pdata_n.t01_pty_emp_rela_adtnl_info","30","5","K085;K091;K040;K042;K041","102002","高复用输入，保留依赖但不促成聚组"
"dataset:ebe7b81d4e802129ab4551ebaf68dbb9f4e25312ec8e62d418dc5b3f63dcf3be","pdata_news_n.t02_fin_fctr_def","26","5","K088;K002;K010;K036;K037","","参与相似计算；同时保留跨群复用"
"dataset:30a45da7fcbdb2d48cab3d0633a118bfbd9a81fe395bc3f35c8f3298e9b3e185","pdata_n.t99_trd_cal_ref","23","4","K004;K002;K010;K021","62548","参与相似计算；同时保留跨群复用"
"dataset:e305ba49f95bb496054a40c861934469db1d1ba96d36b45a53c258a6324bade1","pdata_n.t98_otc_comp_mng_rela_info","21","4","K006;K071;K072;K099","105743","参与相似计算；同时保留跨群复用"
"dataset:5ae63b1571562da6b312951da1502799db1864df676a7975d1bba3482b707f6a","pdata_n.t01_pty","20","4","K044;K048;K026;K078","61526;61601;63101;63165;63168;63179;63182;63195;63206;63216;63262;76984;77076;77078;144556","第一模块文档命中，保留输入但不促成聚组"
"dataset:3a5f52761496ff23035b77170e69177d3b344618e4c778a1a0b4fe513c6639aa","pdata_n.t03_agt","20","4","K027;K080;K093;K096","64103;64107;64303;103928;103929;103930;105053;105054;105055;105381;105383;105521;105522;151338;169636;183084;211541","第一模块文档命中，保留输入但不促成聚组"
"dataset:4e68e4cec4135bf29271330e2158fbe071bbba5190e78526834bb09dfc6f1116","pdata_n.t03_otc_deri_agt_agt_grp_rela_adtnl_info","18","4","K008;K087;K093;K096","141595;141596","第一模块文档命中，保留输入但不促成聚组"
"dataset:d447eec4d7b09da0d1148dc1abc768193e951a77731a7de1164d3e41c6f5588f","odata_n_tit.d_trd_otc_trade","17","4","K059;K028;K076;K089","52806;71698","参与相似计算；同时保留跨群复用"
"dataset:d7f2062d76bf74e2d4262950c795e6a946b271af41c303b8e9b33f51faae5847","pdata_n.t01_otc_deri_cust","16","4","K071;K008;K096;K099","63132;144562;150757;179726","第一模块文档命中，保留输入但不促成聚组"
"dataset:824561731968c71976e1e6b3542e83847685bad4aa4d8e806ecc0826a5262fa8","pdata_nds.bundle_margin_daily_result","16","4","K004;K021;K093;K096","160816;160817;236415","参与相似计算；同时保留跨群复用"
"dataset:dfbcba19f89e005e097e3b6df15998b0a6d1b13a3e172e3199f9e1fc4346c90b","dm_index_n.grp_tag_otc_deri_contr_type_rpt_contr_type","10","4","K034;K038;K095;K006","200499","参与相似计算；同时保留跨群复用"
"dataset:f71ed2df603c69558c7effb4b700bf8461eb35fbeaeac7e58d1db4b6abb13b4b","pdata_n.t03_agt_rela_h","90","3","K090;K093;K074","64078;64168;103935;103936;105061;105063;105388;105529;107938;108070;144288;183087","第一模块文档命中，保留输入但不促成聚组"
"dataset:4db8aa55ce40db06353dbe35858ca5eefae93df348e25de00ead4721dfb2b94f","pdata_n.t98_org_emp_base_info","57","3","K073;K015;K016","61573","高复用输入，保留依赖但不促成聚组"
"dataset:130d8eaab919a16ff469e8270acf7f802e7371f09b77d8cb12e0560e9071518f","pdata_n.t03_otc_opt_comp_sub_trd_info","45","3","K068;K009;K087","105395;107636","第一模块文档命中，保留输入但不促成聚组"
"dataset:7387a1089a7df51ee569b5c67f593085f5466097f737c19b1b3a37912da756da","pdata_n.t03_otc_swap_comp_leg_info","28","3","K008;K090;K074","103942;105073;144299;183093;211639","第一模块文档命中，保留输入但不促成聚组"
"dataset:9c215566aa8c392fba61fcd382887491c5f1a4a899758778008ccb503aa29359","pdata_n.t03_otc_opt_comp_info","28","3","K068;K009;K074","103943;105074;209862","第一模块文档命中，保留输入但不促成聚组"
"dataset:d4f6b955d172f20db142a44064afc6aa96dd4611841f24686af738404d421695","pdata_n.t03_otc_swap_comp_info","27","3","K008;K090;K074","103941;105072;112119;112120;144296;151342;183091;211640","第一模块文档命中，保留输入但不促成聚组"
"dataset:d08f85661862d7d7876abde7806af27d155bbdbf2d9135bf128ac0c0ce67c577","dm_index_n.hold_def_hot","26","3","K001;K052;K012","","参与相似计算；同时保留跨群复用"
"dataset:14f76ea2f8842ca5cfa752d797e0303b6c08829ede69579e45dc6c72d66a3ab2","pdata_n.t03_agt_prd_rela_h","25","3","K080;K086;K087","105386;105526","第一模块文档命中，保留输入但不促成聚组"
"dataset:50dbf608aa591e980b98729a272bf5cf4afd1dbd1c1ae6346b38979e6d80c027","pdata_n.t03_otc_opt_comp_stru_elmn_info","24","3","K068;K087;K074","108951;108952;210339","第一模块文档命中，保留输入但不促成聚组"
"dataset:6c7bd6a6488ef126e1462384c4b12aab7641487b13cc9e8b8ae639cfb8d93ca9","pdata_news_n.t02_scr_trd_cal","23","3","K055;K013;K094","66099;70173","参与相似计算；同时保留跨群复用"
"dataset:8bfedab27396b1ef2107fed850807e8ed54089c754022acbff7bfb955880ded2","pdata_n.t98_sb_otc_swap_comp_info","22","3","K008;K083;K034","163672;211623","参与相似计算；同时保留跨群复用"
"dataset:36083dc993d803183e5c26c7ae71c9248bf84470a4a5e86b0000602d64a4cebb","dm_index_n.index_grp1_ast","21","3","K081;K015;K094","157103","参与相似计算；同时保留跨群复用"
"dataset:31874e1000c6d827fb247c17e2dc73584b4b77fa58ad4a61e23da3d067fd71f3","pdata_news_n.t02_fin_curv_fctr_def","20","3","K002;K010;K037","170265","第一模块文档命中，保留输入但不促成聚组"
"dataset:53f96094c7f4eb700ac7c3942b69c1e2dd0cbb40a36ead1ee4df620ecf17ed20","pdata_n.t03_agt_clas_h","19","3","K027;K026;K090","98094;106661;106676;139853;144287;211812","第一模块文档命中，保留输入但不促成聚组"
"dataset:70c0159250d5cdd722433c4aa9beca1e4bbd639fdad7ccf159f174f4e14ed90d","pdata_n.t98_cust_brok_mng_rela_info","19","3","K060;K069;K015","68061","参与相似计算；同时保留跨群复用"
"dataset:6bb80efc251b793f1930bb95ca4ce558523fe785986ae2f0d13e547b0935a9a0","pdata_n.t98_sb_otc_opt_comp_info","19","3","K009;K083;K087","119044","参与相似计算；同时保留跨群复用"
"dataset:a8a72cdbb4692d19e1824c6ae0c632709baec26fbef81f39a4d468678f6732d3","dm_index_n.real_account_info","17","3","K012;K014;K032","","参与相似计算；同时保留跨群复用"
"dataset:ed73155a54f70968d28d0804f05815372a9c4f92261f543595954ad6d85bd339","pdata_nds.pos_position_daily","16","3","K030;K004;K021","117937;160818","参与相似计算；同时保留跨群复用"
"dataset:128b4323c3bdd43a207f140d975b8a52d13545002d34491b07a02b8a74b31269","odata_n_tit.d_ref_trs","14","3","K059;K067;K076","78465;78473","参与相似计算；同时保留跨群复用"
"dataset:c1ede125763fd62d9cc7d2651fdabe63efb2142c7ff2ac96282912ec816a7ea3","pdata_nds.ref_book","14","3","K030;K004;K021","160814;160815","参与相似计算；同时保留跨群复用"
"dataset:4c9d4e981622156e2b51ff90e133962989ffedad3e1c21e11cacd426efb97c74","pdata_news_n.t02_fin_fctr_data","14","3","K088;K002;K037","","参与相似计算；同时保留跨群复用"
"dataset:332b26d5cfdb60c17697e5ab725b19c414136de02e400c36c2efc2174a2ee38e","pdata_n.t98_gks_ord_base_info","13","3","K019;K060;K007","","参与相似计算；同时保留跨群复用"
"dataset:62b3f177260cb7d99aefb10a8d0033ed0e13d38851ea95718079f7fffdd76a01","pdata_n.t01_pty_cutp","13","3","K068;K090;K074","105379;105518","第一模块文档命中，保留输入但不促成聚组"
"dataset:4d3933ad73548e19b5a662f03ec9b7406acf3121522b8120af5ac158ed3aee47","pdata_n.t05_otc_recv_pymt_evt","13","3","K068;K083;K008","104934;105080","第一模块文档命中，保留输入但不促成聚组"
"dataset:91cd687d70418b090085f6fff179773c42f46f16ce9a7eabb9a13b1cb8713e9b","pdata_n.t03_ast_acct","12","3","K026;K012;K027","63435","参与相似计算；同时保留跨群复用"
"dataset:a9eb44f253da2b9b30fc1bee91a788c53e5e54cab3d98c599cfffc8ee0353905","pdata_news_n.t02_fin_fxr_fctr_def","12","3","K035;K010;K036","170264","参与相似计算；同时保留跨群复用"
"dataset:f3a11d904cf64f73d87b6ecdd6f4b1a31287806b634ae8a23b462debea78668b","pdata_n.t03_ast_crrc_acct_bal","10","3","K008;K087;K096","107280;107646;112620;112644","第一模块文档命中，保留输入但不促成聚组"
"dataset:afaceeb7dbc281d1c839f939370d728ccca4863a3616e0e0f1c15e0af713acc5","pdata_n.t03_otc_opt_comp_conf_pric","7","3","K068;K083;K009","126200;211813","第一模块文档命中，保留输入但不促成聚组"
"dataset:2157572b1ff76d76fe1c6c396eeb25ea0edb08da325e70c3f6c891fac1056bf0","pdata_n.t99_deri_comp_base_coef_ref","6","3","K071;K072;K099","133054;133055","参与相似计算；同时保留跨群复用"
"dataset:e5292cf4c3d5d35ff5a02346ffe42f3e35387161c6acdad7aa25ede5dd0de3e1","pdata_n.t99_deri_comp_sprd_coef_ref","6","3","K071;K072;K099","133052;224028;246739","参与相似计算；同时保留跨群复用"
"dataset:fee85ab2c397cd0f37cfcb0303667e4ab7cc45f0a4a0ee36c1e7cd2c9726aa02","dm_index_n.index_grp2_std_ast_aft_covt_mth_apd","31","2","K013;K085","148763","高复用输入，保留依赖但不促成聚组"
"dataset:468f32c2e0e81f4af996ea87debc44fd7dccbdfbe4e8e110f1eaba4a379a5925","pdata_n.t01_pty_stati_info_h","25","2","K026;K093","57572;90735;100514;114401;114423;173975","第一模块文档命中，保留输入但不促成聚组"
"dataset:9ce39fb0742629e2f4658e8c4c5c25318a01a30636cd45a150489e8297eaadfd","pdata_news_n.t02_co_base_info","25","2","K098;K101","59471;63326;69477;69816;89673;109410","参与相似计算；同时保留跨群复用"
"dataset:191733b644683debcaf5f64ccbae0898efb6bcb765372b79ce26ceea1def9c56","dm_index_n.hold_tag_relation_pre","24","2","K001;K052","","参与相似计算；同时保留跨群复用"
"dataset:dc56d0cfc55edf3f957358de9ede6ee92c559b8458bb93c1ef025864488c1077","pdata_n.t03_agt_name_h","23","2","K086;K090","106660;106674;144290","第一模块文档命中，保留输入但不促成聚组"
"dataset:6235c04014ca24ee658a6b5e3cf71a79b4a11c8894780d85c905a2c3396b38fc","pdata_n.t04_emp_frnt","20","2","K011;K005","186350","参与相似计算；同时保留跨群复用"
"dataset:dbaf72a3b76555923595759f02de9eb33dfc8f05eb0e65e634ca78406bddf401","dm_index_n.grp_tag_client_aum_perf_exam","20","2","K084;K020","190620","参与相似计算；同时保留跨群复用"
"dataset:aa6bc0cb785d74be087d7df8cb9d8238813db7c423d3d52eea7cb7c4a6dcde4d","pdata_n.t01_corp_cust","19","2","K026;K038","63348;63382;63385;63398;63399;63413;63416;63418;63419;63433;63434;63478;72713;76304;77074;79797;91845;92718;144558","参与相似计算；同时保留跨群复用"
"dataset:4f843543ab4d974a9389e323a1b1810adc16fd65383a1ad851d27841802cb8da","pdata_news_n.t02_scr_type","16","2","K001;K065","66251","参与相似计算；同时保留跨群复用"
"dataset:4c726630c4e2d4f06d31074d02ddcb414a59dbe516a678546f58c8dd8d467401","pdata_n.t03_scr_acct","16","2","K026;K027","63460","参与相似计算；同时保留跨群复用"
"dataset:daba3cae756aae4b8f1899b4c0185aae39ec695ae6253bcb3683e32ce2e61646","pdata_n.t98_otc_deri_book_info","16","2","K068;K008","145871;211492","参与相似计算；同时保留跨群复用"
"dataset:3bf85551621bf99db1137b80218a46d2a331bba310593c5cb7c9d0ffe876b833","pdata_n.t01_pty_emp_rela","15","2","K026;K039","63090;63119;63121;63180;63242;63243;123795;145872;221009","参与相似计算；同时保留跨群复用"
"dataset:84d08bf9c2e0d75e0d368ac269dcfae65d312dda1da23d70ca2f4b6de078e164","pdata_n.t98_otc_book_hold_sum","15","2","K008;K087","106590;109369","参与相似计算；同时保留跨群复用"
"dataset:638ae4f95d3d68e18114824fcd55db95954632b29d19f41c3b80cd6486604227","pdata_news_n.t02_stk_base_info","15","2","K098;K043","66002;66039;66040;66041;66263;69946;70343;154677","参与相似计算；同时保留跨群复用"
"dataset:23fbfd96ecf0ea0418a64fefb92444d4094482bc7240e5dccfc72eb3bf415d54","pdata_n.t05_otc_comp_rgst_sac_evt","15","2","K008;K074","106204;107347","第一模块文档命中，保留输入但不促成聚组"
"dataset:ae8478ede5f1c90a74f3150af9ca9b51b6d33cb9e971ba50f57e1caf6bdc5d46","pdata_n.t03_agt_pty_rela_h","14","2","K012;K087","103931;103932;103933;103934;105058;105384;169637;183085;222317","第一模块文档命中，保留输入但不促成聚组"
"dataset:bcbe06888866bf3b66be5000a0a76955d6bc5cfa11db06db0d792771e13c961c","pdata_n.t03_otc_swap_comp_hold_info","14","2","K008;K090","105392;106083;144295;183096;211472","第一模块文档命中，保留输入但不促成聚组"
"dataset:e6b67c0fc34ddfbadb97e4bbe7493b375c09386340e2e5bca62dcf7c3b2f625f","pdata_n.t05_otc_comp_dura_chg_evt","14","2","K009;K099","124565;124566;216458","第一模块文档命中，保留输入但不促成聚组"
"dataset:b54f37917d411631a8b8ea1f00fdb1307ec72d249e43e3decef4690de95787e4","pdata_n.t03_otc_deri_agt_rela_adtnl_info","13","2","K004;K008","122185;122239","第一模块文档命中，保留输入但不促成聚组"
"dataset:48cf200482cbbce15351f667e210e46c6915b786d8cdce9fb21084159de06618","pdata_nds.trd_otc_trade","13","2","K004;K021","119489;160811","参与相似计算；同时保留跨群复用"
"dataset:6b107f6cc3771c2f871533d146534893afd147bb58b319c019df5112b141324b","pdata_n.t01_pty_rat","12","2","K044;K026","63711;63712;63764;63825;63827;63846;104300;105077","第一模块文档命中，保留输入但不促成聚组"
"dataset:eafa58d3a685e8b428cf9dc34fb7da5d92f51b586b50b2790b70b4fee35fdefb","odata_n_pas.j_hssemp_employee_basedoc_ver","12","2","K011;K005","141666","参与相似计算；同时保留跨群复用"
"dataset:8c0592a1b30a84b640548bd540d7b2691afbfc09b00c527169e793be68bd875f","odata_n_pas.j_hssorg_org_ver","12","2","K005;K029","141673","参与相似计算；同时保留跨群复用"
"dataset:cf5dcc9bb3733cd04fffcd16bf854cd3dff4b11c9749c17a1688e2c1b56d9b3f","odata_n_tit.d_ref_otc_option_deal","12","2","K028;K076","78464;78472","参与相似计算；同时保留跨群复用"
"dataset:7cf316082e22f46465f66eff57e6ac8c4e6a743c8d291269becf964eaf810b1f","pdata_nds.ref_counterparty","12","2","K004;K021","160826;160827","参与相似计算；同时保留跨群复用"
"dataset:568acaa46277d981c1ef7345e752c0d77fd9cc40d0fe4ab74fd1c017418869e3","pdata_nds.trd_otc_contr_report","12","2","K004;K021","118156;160829","参与相似计算；同时保留跨群复用"
"dataset:10f28afe91fce800bc28bd1284fb5a6e56872561417659fe34d295d9208633a6","pdata_nds.trd_transfer","12","2","K004;K021","160812;160813","参与相似计算；同时保留跨群复用"
"dataset:65a7e70914ebca5c44103b4cac0edc510ce5860b53e1ce13865fb217aed9c729","pdata_news_n.t02_fin_fctr_term_stru_def","12","2","K002;K037","","参与相似计算；同时保留跨群复用"
"dataset:efa2154cd5ce12a878dc38fd0b6afadd1c9f265354d6cd0d18e1b11c09013b2a","odata_n_pas.j_hssorg_org","11","2","K005;K029","141676","参与相似计算；同时保留跨群复用"
"dataset:6fe25163880c746448571f127e3e774ec3d12233239487215a34281dfd0dbdfa","pdata_n.t98_cust_indv_cust_base_info","11","2","K077;K015","37438;66147","参与相似计算；同时保留跨群复用"
"dataset:d69f9844cf252a1048797a5c720593e6bf10d759abd439bcf12a3f6b0d8c4fb9","pdata_n.t03_otc_cutp_marg_acct_perf_guar_rslt","11","2","K008;K087","147139;165155","第一模块文档命中，保留输入但不促成聚组"
"dataset:f7651f1da447b78b8082628b93489c787c6485118a2f94aadf310a6d1ee727e2","pdata_news_n.t02_fin_curv_mkt_quot","11","2","K010;K037","103198;103199;103200;103201;228422","第一模块文档命中，保留输入但不促成聚组"
"dataset:c63a1d4ba2d991eee977b9ebcc200de429636d291ba9218448851250889ddd22","pdata_n.t04_inr_org_name_h","10","2","K044;K026","61491;61492;61494;61623;89510;91097;94419;165635;197403","第一模块文档命中，保留输入但不促成聚组"
"dataset:a8c2cd175d491f4f3d947c64b2c36fc49709979671135ffd28de226f61166750","pdata_news_n.t02_marg_base_info","10","2","K001;K022","65994;66021","参与相似计算；同时保留跨群复用"
"dataset:f92608c1cde34bca7fdbb72c0b3c7336229965b220aa3d1a4e247539b2b92b79","pdata_n.t98_otc_swap_comp_leg_valu_info","10","2","K008;K090","106210;107641;183098;211644","参与相似计算；同时保留跨群复用"
"dataset:84a35a1b28b98b8055f2f277dd3ee093a9767abd0446bb7fb91dff84b7a07ca0","pdata_news_n.t02_prd_fin_info","10","2","K039;K040","66204","参与相似计算；同时保留跨群复用"
"dataset:1d47dbf22ef9288e7701f319185fb97c801092725701c2aacfa9ecb3ad2fb84d","pdata_n.t98_cust_prd_ret_info","9","2","K065;K081","66092;66093;66187","参与相似计算；同时保留跨群复用"
"dataset:f4927d9028a49bcc2df716c12afc0361c1f8432ef9ab4dcbdbb033ff15a3046d","pdata_n.t01_pty_clas_h","9","2","K066;K078","63227;69161;70723;74383;74388;104628;105380","第一模块文档命中，保留输入但不促成聚组"
"dataset:dbdcdd68a5e4d632f77d494331fcd3f5eabd2f9b6cb5d1b086c36afe3389150b","pdata_n.t01_pty_addr_info","8","2","K044;K026","63590;63605;63617;63667;63669;63671;63713;63747;63755;63772;63856","参与相似计算；同时保留跨群复用"
"dataset:5bfdfb891d6f792ccd0127077895e7e1a1bdbeebe222f3e1fa2d5dc882ca211a","pdata_n.t01_pty_idty_info","8","2","K044;K026","63779;63784;63819;219164","第一模块文档命中，保留输入但不促成聚组"
"dataset:aafa6e82b3afe24cf86169f572c672438bf29da2549459b5ee3523a419cee497","pdata_n.t01_pty_stat_h","8","2","K044;K026","63610;63611;63683;63734;63753;63787;72715","参与相似计算；同时保留跨群复用"
"dataset:e1dafc76f9e26b9688cc8edda802df7f93a561c67d28154d661d4bd0a879a0f4","odata_n_pas.j_hssemp_employee_basedoc","8","2","K005;K011","141936","参与相似计算；同时保留跨群复用"
"dataset:b22e950c4ee223152462392cc934b1ed1222453fc87e7b6657879ca18d311b40","pdata_n.t03_agt_stat_h","8","2","K026;K027","64075;64183;64205;103937;103938;169638;183088","第一模块文档命中，保留输入但不促成聚组"
"dataset:17ec8795e0c6aa06925f2b9ab97070d99a933058b4dae96cd2a9a2dbfcece0d6","odata_n_tit.d_ref_instrument","8","2","K059;K086","78330;78349","参与相似计算；同时保留跨群复用"
"dataset:bb21f92858c03e21124d52840b292d9f6bfad52f0a6237aa168cf93328a59c05","pdata_pcav_n.mid_sta_acs_single_stock_daily_profit","8","2","K014;K033","","参与相似计算；同时保留跨群复用"
"dataset:b58dc64ed84a30ec68171fbd260832f3811c8deb2395f122c2f8d162bbae4410","dm_index_n.index_grp1_cust_incm_allcali_mth_all","8","2","K084;K094","152879","参与相似计算；同时保留跨群复用"
"dataset:4da742aac0278c286953bb8f8031d4a910518ba38a636991b0d9f91b89917b20","pdata_n.t05_acct_chg_evt","7","2","K027;K026","65513","参与相似计算；同时保留跨群复用"
"dataset:9f3f4fd6e547fc8ed1f2cd09d694bc3e517ea9ab56e4f91a18590e9eb9b0526a","pdata_n.t01_pty_prd_info","7","2","K026;K066","63113","参与相似计算；同时保留跨群复用"
"dataset:ac80bdd6e07e477c93a8df146a5a30e2969a335ba2c9e038eae0800caac7dbc8","pdata_n.t98_otc_deri_undrl_income_rwd_sum","7","2","K072;K095","109089;203358","参与相似计算；同时保留跨群复用"
"dataset:0f37256f9ebe1cba38b31f98de7c637df0cbed9e8d5f9df17bda020feaedba19","dm_index_n.index_grp2_std_ast_bef_covt_mth_apd","7","2","K013;K085","148368","参与相似计算；同时保留跨群复用"
"dataset:cdc417deb302c596c9beb7c14af7d68196b6e713561b66b7c21861b7aad28aee","pdata_n.t01_indv","6","2","K044;K026","63741;104298;105075","第一模块文档命中，保留输入但不促成聚组"
"dataset:f42ed0603207a95ed4d03e2c7a3b09dea725bb6d9b8acdb22ff3f30b02f2db0d","pdata_n.t05_exch_scr_entr_evt","6","2","K061;K082","203916;203917;203918;203919","参与相似计算；同时保留跨群复用"
"dataset:aa5540faf887495a4279fe60e4d7166d1473a0b8451ae441aee46744690ea26c","dm_index_n.prdcust_mng_prd_ext_rela","6","2","K081;K100","","参与相似计算；同时保留跨群复用"
"dataset:aaa9c3b92fa74e856d5aa3f6e89c1433eb576fff89cdbb2058ec87c7a5668197","pdata_pcav_n.mid_sta_acs_single_fund_daily_profit","6","2","K032;K033","","参与相似计算；同时保留跨群复用"
"dataset:48f0f2959d2d089adb82b8d312488bab0d791fe2b587ae1c0892b16aaf231e31","pdata_news_n.t02_fin_vola_instc","6","2","K088;K037","103248;103250","第一模块文档命中，保留输入但不促成聚组"
"dataset:d63a6da1c2481a8e6727bfd1499d885c7cb8ad9a407432bbaaf01bf9f93a1798","pdata_news_n.t02_fin_mkt_quot_fctr_rslt","6","2","K035;K037","","参与相似计算；同时保留跨群复用"
"dataset:29b4b23dbba92e0a29c1de430d5c48941517722f535a1c09e18aac3765c8c869","pdata_news_n.t02_fin_equi_fctr_info","6","2","K035;K037","168302","第一模块文档命中，保留输入但不促成聚组"
"dataset:4c40c316442c4834f1ff96f690e0ccb50b2e01e3ef931ebcbb90f7562708d367","odata_n_tit.d_ref_fast_trs","6","2","K089;K059","179886;186932","参与相似计算；同时保留跨群复用"
"dataset:7e9c74bf5ae1a2c3f93b7b2a9f5d1e5d4e2b4daf7fce8454e9374a9cf3fdbf6c","odata_n_aum.c_tapp_channeltype_discount","5","2","K047;K023","192359","参与相似计算；同时保留跨群复用"
"dataset:7f33fce00fe826fef16f7e86964fc9c519ad42318453438e33ad95ec850ce1e6","pdata_news_n.t02_fin_vola_cate_fctr_def","5","2","K088;K037","176350","参与相似计算；同时保留跨群复用"
"dataset:b1fca94aab4a5e5c489c9d1c06c3324a93677e7a3355aed315971b3f50233f55","pdata_n.t01_pty_ecif_map","4","2","K044;K026","63187","参与相似计算；同时保留跨群复用"
"dataset:f2cf60a789866f583c38e6a13a2e44669a340a62ae2025eafcab9eb9e4869dc5","odata_n_rcc.h_his_assurecode","4","2","K045;K046","59413","参与相似计算；同时保留跨群复用"
"dataset:cccd61526052be6493abdbfb51c8440318089d3ce7f903f3a5fff415b642a719","odata_n_uip.w_asharedividend","4","2","K055;K057","67174","参与相似计算；同时保留跨群复用"
"dataset:3264c101fa869bf7de7425bc78c8d3cf027f4b00d459b8a10b931f647280d1c4","pdata_n.t03_otc_opt_comp_sub_trd_barr_line_info","4","2","K068;K009","156498;211699","第一模块文档命中，保留输入但不促成聚组"
"dataset:a67be974b8f8454ddbd420cfb9e49b0d02dce524ce5407c589187c268dd5a432","pdata_news_n.t02_otc_fin_info","4","2","K069;K074","69751","参与相似计算；同时保留跨群复用"
"dataset:457f32c20c57aaf8eea8ebc7a76518474031d2034cab9cf844fd780187985611","pdata_n.t04_otc_deri_dept_adtnl_info","4","2","K030;K090","165638;211773","第一模块文档命中，保留输入但不促成聚组"
"dataset:456be2540b00662322600c7a087cbf6f4e092080393322108e443cb138bedcf9","pdata_n.t03_sb_otc_comp_trd_fee","3","2","K087;K009","110164","第一模块文档命中，保留输入但不促成聚组"
"dataset:4b8da5b4a933d6d0d68f151132d144821642c37094a3e951f8b3c6ae9207d810","pdata_n.t05_otc_deri_cutp_marg_chg_evt","3","2","K008;K087","173965","第一模块文档命中，保留输入但不促成聚组"
