"候选群","任务数","写入关联对象数","涉及库","任务","共同输入示例","全部输出表","说明"
"K001","12","1","dm_index_n","66411;66412;66413;66415;66416;66686;66670;91298;91304;66419;66471;95146","dm_index_n.hold_def_hot;dm_index_n.hold_tag_relation_pre;pdata_news_n.t02_scr_type;pdata_news_n.t02_marg_base_info","dm_index_n.hold_tag_relation","共享输入结构的候选核对批次，不等于业务专题；不保证任意两成员都相似"
"K002","9","3","dm_rsk_n","178749;178766;183769;183777;183817;183820;178769;183831;183844","pdata_news_n.t02_fin_fctr_data;pdata_news_n.t02_fin_fctr_def;pdata_news_n.t02_fin_fctr_term_stru_def;pdata_n.t99_trd_cal_ref","dm_rsk_n.curv_delay_abn_hand_info;dm_rsk_n.curv_lack_abn_hand_info;dm_rsk_n.curv_jump_abn_hand_info","共享输入结构的候选核对批次，不等于业务专题；不保证任意两成员都相似"
"K003","9","9","dm_index_n","237459;237468;237474;237478;237480;237481;237483;237485;237486","dm_index_n.wide_idx_cust_aum_tot_score;dm_index_n.wide_idx_optional_index_score","dm_index_n.wide_idx_cust_aum_tot_score_7006;dm_index_n.wide_idx_cust_aum_tot_score_7007;dm_index_n.wide_idx_cust_aum_tot_score_7023;dm_index_n.wide_idx_cust_aum_tot_score_7029;dm_index_n.wide_idx_cust_aum_tot_score_7013;dm_index_n.wide_idx_cust_aum_tot_score_315;dm_index_n.wide_idx_cust_aum_tot_score_7025;dm_index_n.wide_idx_cust_aum_tot_score_7014;dm_index_n.wide_idx_cust_aum_tot_score_7020","共享输入结构的候选核对批次，不等于业务专题；不保证任意两成员都相似"
"K004","8","3","dm_rsk_n","159489;159495;159497;159506;160791;160792;160794;160795","pdata_nds.bundle_margin_daily_result;pdata_nds.pos_position_daily;pdata_nds.pos_trs_leg_his_pos;pdata_nds.pos_trs_leg_valuation;pdata_nds.pos_trs_underlying_valuation;pdata_nds.ref_book;pdata_nds.ref_counterparty;pdata_nds.ref_trs","dm_rsk_n.otc_trs_risk_plreport_bkup;dm_rsk_n.otc_trs_risk_plreport_temp;dm_rsk_n.otc_trs_risk_plreport","共享输入结构的候选核对批次，不等于业务专题；不保证任意两成员都相似"
"K005","7","7","pdata_n","61521;153220;61540;61629;208648;61524;61645","odata_n_pas.j_hssemp_employee_post;odata_n_pas.j_hssemp_employee_post_ver;pdata_n.t04_emp_frnt;odata_n_pas.j_hssbsi_defdoc_detail;odata_n_pas.j_hssemp_employee_post_status;odata_n_pas.j_hssemp_employee_basedoc;odata_n_pas.j_hssemp_employee_basedoc_ver;odata_n_pas.j_hssorg_org","pdata_n.t04_emp_stat_h;pdata_n.t04_emp_stati_info_h;pdata_n.t04_emp_inr_org_rela_h;pdata_n.t04_emp_rela_h;pdata_n.t04_emp_imp_date_h;pdata_n.t04_emp_pos_asgn_h;pdata_n.t04_emp","共享输入结构的候选核对批次，不等于业务专题；不保证任意两成员都相似"
"K006","7","7","dm_index_n;dm_otc_n","93338;147921;148124;159763;159768;206208;224351","pdata_n.t98_otc_comp_mng_rela_info;pdata_n.t98_otc_deri_comp_sale_adtnl_det","dm_index_n.index_avg_dyna_nom_prin_year;dm_index_n.index_grp2_compscal_otcderi_cs_yearapd;dm_index_n.index_grp2_compscal_otcderi_cs_mthapd;dm_index_n.index_grp3_compscal_otcderi_cs_mthapd;dm_index_n.index_grp3_compscal_otcderi_cs_yearapd;dm_index_n.index_grp1_compscal_otcderi_cs_yearapd;dm_otc_n.otc_cust_daily_dyna_nom_prin","共享输入结构的候选核对批次，不等于业务专题；不保证任意两成员都相似"
"K007","6","6","dm_index_n","87202;87209;87210;87211;89449;89450","pdata_n.t08_gks_chan_info;pdata_n.t98_gks_ord_base_info","dm_index_n.index_grp_gks_restore_order_chan;dm_index_n.index_grp_gks_restore_order_lvl1_chan;dm_index_n.index_grp_gks_restore_order_lvl2_chan;dm_index_n.index_grp_gks_restore_order_lvl3_chan;dm_index_n.index_grp_gks_restore_order_lock_org_flag;dm_index_n.index_grp_gks_restore_order_lock_refr_flag","共享输入结构的候选核对批次，不等于业务专题；不保证任意两成员都相似"
"K008","6","6","dm_otc_n;dm_fin_n;dm_rsk_n;dm_hk_n","138194;173559;176330;176930;176941;218601","pdata_n.t98_otc_book_hold_sum;pdata_n.t98_otc_deri_book_info;pdata_n.t98_sb_otc_swap_comp_info;pdata_n.t98_otc_swap_comp_leg_valu_info","dm_otc_n.d_v_equity_trs_plreport;dm_fin_n.otc_v_fin_trs;dm_rsk_n.otc_comp_marg_det;dm_hk_n.fin_info_otc_trs;dm_hk_n.fin_trd_otc_comp_day;dm_rsk_n.trs_pal_stmt","共享输入结构的候选核对批次，不等于业务专题；不保证任意两成员都相似"
"K009","6","7","dm_otc_n;dm_rsk_n","150790;175990;176827;181058;176831;176839","pdata_n.t98_sb_otc_opt_comp_info;pdata_n.t98_sb_otc_opt_sub_trd_prcg_indx;pdata_n.t98_sb_tit_day_hold_indx;pdata_n.t98_otc_opt_comp_sub_trd_pal_sum","dm_otc_n.otc_v_wm_greeks_pricing_tit;dm_otc_n.v_equity_plreport_contract;dm_otc_n.v_equity_plreport_contract_temp;dm_rsk_n.otc_opt_greek_val_det_h;dm_rsk_n.otc_opt_inr_comp_pal_sum;dm_rsk_n.otc_opt_inr_comp_pal_sum_temp;dm_rsk_n.otc_opt_mutl_undrl_prcg_indx","共享输入结构的候选核对批次，不等于业务专题；不保证任意两成员都相似"
"K010","6","2","dm_rsk_n","180145;180208;185564;185587;185661;185665","pdata_n.t99_trd_cal_ref;pdata_news_n.t02_fin_fctr_def;pdata_news_n.t02_fin_fxr_fctr_def;pdata_news_n.t02_fin_impl_yield_undrl_def","dm_rsk_n.curv_delay_abn_hand_info;dm_rsk_n.curv_lack_abn_hand_info","共享输入结构的候选核对批次，不等于业务专题；不保证任意两成员都相似"
"K011","5","4","pdata_n","61497;61546;132906;153221;153222","odata_n_pas.j_hssemp_employee_basedoc_ver;pdata_n.t04_emp_frnt;odata_n_pas.j_hssemp_employee_basedoc","pdata_n.t04_emp_idty_info_h;pdata_n.t04_emp_name_h;pdata_n.t04_emp_imp_date_h;pdata_n.t04_emp_stati_info_h","共享输入结构的候选核对批次，不等于业务专题；不保证任意两成员都相似"
"K012","5","1","dm_index_n","66551;66616;163725;66676;83444","dm_index_n.hold_def_hot;dm_index_n.real_account_info;pdata_n.t03_ast_acct","dm_index_n.hold_tag_relation","共享输入结构的候选核对批次，不等于业务专题；不保证任意两成员都相似"
"K013","5","5","dm_index_n","148419;149048;161054;161152;149236","dm_index_n.index_grp3_compscal_otcderi_cs_yearapd;dm_index_n.index_grp3_org_emp_cstdprd_avgast_aum_year;pdata_news_n.t02_scr_trd_cal;pdata_nds.om_flip_new_orgid","dm_index_n.index_grp2_std_ast_bef_covt_year_apd;dm_index_n.index_grp2_std_ast_aft_covt_year_apd;dm_index_n.index_grp3_cust_org_emp_std_ast_bef_covt_year_apd;dm_index_n.index_grp3_cust_org_emp_std_ast_aft_covt_year_apd;dm_index_n.index_grp1_stdast_covtfrnt_astpkgrela_yearapd","共享输入结构的候选核对批次，不等于业务专题；不保证任意两成员都相似"
"K014","5","1","dm_index_n","150221;164123;167963;184842;153067","dm_index_n.hold_def_daily_dict_stock;pdata_pcav_n.mid_sta_acs_single_stock_daily_profit;dm_index_n.real_account_info","dm_index_n.pcav_hold_index","共享输入结构的候选核对批次，不等于业务专题；不保证任意两成员都相似"
"K015","5","5","dm_index_n","173057;174370;174537;174933;174918","dm_index_n.grp_tag_client_whth_valid_flag;pdata_n.t98_cust_brok_mng_rela_info;pdata_n.t98_cust_corp_cust_base_info;pdata_n.t98_cust_indv_cust_base_info;dm_index_n.index_grp1_ast;dm_index_n.index_grp1_yield_fullacct_year_retandorgcntr","dm_index_n.index_grp1_vld_accttotast_servordevrela_tdy;dm_index_n.index_grp1_notvld_acct_servordevrela_year;dm_index_n.index_grp1_vld_acctnetastnetinamt_servordevrela_year;dm_index_n.index_grp1_vld_acct_servordevrela_year;dm_index_n.index_grp1_vld_acctpalamt_servordevrela_year","共享输入结构的候选核对批次，不等于业务专题；不保证任意两成员都相似"
"K016","5","5","dm_index_n","199245;207351;199817;199809;199879","pdata_n.t04_emp_inr_list_det;pdata_n.t98_brch_team_info;pdata_n.t98_brch_team_men_det;dm_index_n.index_grp1_emp_income_fullcali_devrela_delredpfee_tdy_pmthaccum;dm_index_n.index_grp1_income_exam_pqtrastendastpkgrela_mth_retandorgcntr;dm_index_n.index_grp1_stdast_covtfrnt_astpkgrela_delcorp_delrepocust_mthapd","dm_index_n.index_grp1_emp_totincome_devrela_teamleader_mth;dm_index_n.index_grp1_emp_totincome_devrela_teamleader_ninclteamleader_mth;dm_index_n.index_grp1_totincome_astpkgrela_teamleader_delnotprtcexamprsn_mth;dm_index_n.index_grp1_astincomerate_astpkgrela_teamleader_delnotprtcexamprsn_mth;dm_index_n.index_grp1_apdtotast_astpkgrela_teamleader_delnotprtcexamprsn_mth","共享输入结构的候选核对批次，不等于业务专题；不保证任意两成员都相似"
"K017","4","4","pdata_n","63212;63385;63605;63753","odata_n_ta5.d_ta_taccoinfo;odata_n_ta5.d_ta_tcustomerinfo","pdata_n.t01_corp_reg_info;pdata_n.t01_corp_cust;pdata_n.t01_pty_addr_info;pdata_n.t01_pty_stat_h","共享输入结构的候选核对批次，不等于业务专题；不保证任意两成员都相似"
"K018","4","4","dm_index_n","66541;107360;166106;166108","dm_index_n.grp_hold_relation;dm_index_n.hold_index;dm_index_n.hold_tag_relation","dm_index_n.index_grp_trade_amt_exch_rcc;dm_index_n.index_grp_mktval_nts;dm_index_n.index_grp1_cust_doctranoamt_covtrmb_tdy_all;dm_index_n.index_grp1_cust_docbkamt_covtrmb_tdy_all","共享输入结构的候选核对批次，不等于业务专题；不保证任意两成员都相似"
"K019","4","4","dm_index_n","87097;87130;87141;89236","pdata_n.t05_gks_tel_revst_evt;pdata_n.t98_gks_ord_base_info","dm_index_n.index_grp_gks_restore_order_fir_call_time;dm_index_n.index_grp_gks_restore_order_call_times;dm_index_n.index_grp_gks_restore_order_sum_dura;dm_index_n.index_grp_gks_restore_order_fir_abt_serv_time","共享输入结构的候选核对批次，不等于业务专题；不保证任意两成员都相似"
"K020","4","4","dm_index_n","184973;184974;235871;235878","dm_index_n.grp_tag_client_aum_perf_exam;dm_index_n.index_grp2_cust_stdast_covtpst_examapp_mth","dm_index_n.index_grp1_emp_std_ast_aum_bgng_mth_all;dm_index_n.index_grp1_emp_std_ast_aum_end_mth_all;dm_index_n.index_grp2_cust_emp_std_ast_aum_bgng_mth_all;dm_index_n.index_grp2_cust_emp_std_ast_aum_end_mth_all","共享输入结构的候选核对批次，不等于业务专题；不保证任意两成员都相似"
"K021","4","3","dm_rsk_n","188414;188419;188424;188429","pdata_nds.bundle_margin_daily_result;pdata_nds.pos_fast_trs_leg_his_pos;pdata_nds.pos_fast_trs_leg_valuation;pdata_nds.pos_position_daily;pdata_nds.ref_book;pdata_nds.ref_counterparty;pdata_nds.ref_fast_trs;pdata_nds.ref_fast_trs_leg","dm_rsk_n.otc_trs_risk_plreport_bkup;dm_rsk_n.otc_trs_risk_plreport_temp;dm_rsk_n.otc_trs_risk_plreport","共享输入结构的候选核对批次，不等于业务专题；不保证任意两成员都相似"
"K022","4","4","dm_index_n","203699;203702;203704;203709","pdata_n.t05_marg_comp_evt;pdata_news_n.t02_marg_base_info","dm_index_n.index_grp1_tgt_secu_sellqty_shts_tdy_ricc;dm_index_n.index_grp1_tgt_secu_sellamt_shts_tdy_ricc;dm_index_n.index_grp1_tgt_secu_rmbrsamt_shts_tdy_ricc;dm_index_n.index_grp1_tgt_secu_rmbrsqty_shts_tdy_ricc","共享输入结构的候选核对批次，不等于业务专题；不保证任意两成员都相似"
"K023","3","1","pdata_n","62895;62922;62923","odata_n_aum.c_tapp_channeltype_discount;odata_n_aum.c_tapp_channeltype_special;odata_n_aum.r_tapp_channeltype","pdata_n.t08_crm_dvrs_chan_info","共享输入结构的候选核对批次，不等于业务专题；不保证任意两成员都相似"
"K024","3","3","pdata_n","63217;63413;63667","odata_n_ecr.s_v_crm_acc_addr;odata_n_ecr.s_v_crm_account_info;odata_n_ecr.s_v_crm_acc_credentials","pdata_n.t01_corp_reg_info;pdata_n.t01_corp_cust;pdata_n.t01_pty_addr_info","共享输入结构的候选核对批次，不等于业务专题；不保证任意两成员都相似"
"K025","3","3","pdata_n","63238;63611;63671","odata_n_rcc.a_client;odata_n_rcc.a_clientinfo","pdata_n.t01_pty_inr_org_rela_h;pdata_n.t01_pty_stat_h;pdata_n.t01_pty_addr_info","共享输入结构的候选核对批次，不等于业务专题；不保证任意两成员都相似"
"K026","3","3","pdata_n","66148;68873;68275","pdata_n.t01_pty_addr_info;pdata_n.t01_pty_inr_org_rela_h;pdata_n.t01_pty_stat_h;pdata_n.t03_ast_acct;pdata_n.t03_scr_acct;pdata_n.t01_corp_cust;pdata_n.t01_corp_reg_info;pdata_n.t01_pty_emp_rela","pdata_n.t98_cust_corp_cust_base_info;pdata_n.t98_brok_corp_cust_base_info;pdata_n.t98_brok_indv_cust_base_info","共享输入结构的候选核对批次，不等于业务专题；不保证任意两成员都相似"
"K027","3","3","pdata_n","68061;68094;68196","pdata_n.t03_scr_acct;pdata_n.t05_acct_chg_evt","pdata_n.t98_cust_brok_mng_rela_info;pdata_n.t98_brok_ast_acct_base_info;pdata_n.t98_brok_scr_acct_base_info","共享输入结构的候选核对批次，不等于业务专题；不保证任意两成员都相似"
"K028","3","2","pdata_n","110827;110828;160494","odata_n_tit.d_pricing_bucket_metric;odata_n_tit.d_ref_ins_option_info;odata_n_tit.d_ref_otc_option_deal;odata_n_tit.d_trd_otc_trade","pdata_n.t98_otc_opt_comp_sub_trd_term_prcg_indx;pdata_n.t98_sb_otc_opt_sub_trd_prcg_indx","共享输入结构的候选核对批次，不等于业务专题；不保证任意两成员都相似"
"K029","3","3","pdata_n","127023;145723;148415","odata_n_pas.j_hssorg_org;odata_n_pas.j_hssorg_org_ver","pdata_n.t04_inr_org_clas_h;pdata_n.t04_inr_org_hrch_rela;pdata_n.t04_inr_org_stat_h","共享输入结构的候选核对批次，不等于业务专题；不保证任意两成员都相似"
"K030","3","2","dm_otc_n;dm_rsk_n","134191;148697;165949","pdata_nds.pos_eod_calc_metrics;pdata_nds.pos_position_daily;pdata_nds.ref_book","dm_otc_n.gfa_plreport_contract;dm_rsk_n.v_risk_hedging_position_tit","共享输入结构的候选核对批次，不等于业务专题；不保证任意两成员都相似"
"K031","3","1","dm_index_n","151652;164124;170348","dm_index_n.hold_def_daily_dict_opt;pdata_pcav_n.mid_sta_acs_single_opt_daily_profit","dm_index_n.pcav_hold_index","共享输入结构的候选核对批次，不等于业务专题；不保证任意两成员都相似"
"K032","3","1","dm_index_n","152924;164647;168844","dm_index_n.hold_def_daily_dict_secum;dm_index_n.real_account_info;pdata_n.t03_otc_chrem_acct;pdata_pcav_n.mid_sta_acs_single_fund_daily_profit","dm_index_n.pcav_hold_index","共享输入结构的候选核对批次，不等于业务专题；不保证任意两成员都相似"
"K033","3","3","dm_index_n","167458;167463;167466","pdata_pcav_n.mid_sta_acs_single_fund_daily_profit;pdata_pcav_n.mid_sta_acs_single_stock_daily_profit","dm_index_n.index_grp1_palprop_stkast_hy_nothremark;dm_index_n.index_grp1_palprop_stkast_year_nothremark;dm_index_n.index_grp1_palprop_stkast_treyear_nothremark","共享输入结构的候选核对批次，不等于业务专题；不保证任意两成员都相似"
"K034","3","3","dm_index_n","171347;171364;171370","dm_index_n.grp_tag_otc_deri_contr_type_rpt_contr_type;pdata_n.t98_sb_otc_swap_comp_info","dm_index_n.index_grp1_dealscal_otcderi_year;dm_index_n.index_grp1_dealscal_otcderi_mth;dm_index_n.index_grp1_compscal_otcderi_tdy","共享输入结构的候选核对批次，不等于业务专题；不保证任意两成员都相似"
"K035","3","1","dm_rsk_n","177526;182738;182755","pdata_news_n.t02_fin_fxr_fctr_def;pdata_news_n.t02_fin_mkt_quot_fctr_rslt","dm_rsk_n.pric_fctr_mkt_quot_day","共享输入结构的候选核对批次，不等于业务专题；不保证任意两成员都相似"
"K036","3","1","dm_rsk_n","180307;185736;185781","pdata_news_n.t02_fin_fctr_def;pdata_news_n.t02_fin_fxr_fctr_def","dm_rsk_n.curv_jump_abn_hand_info","共享输入结构的候选核对批次，不等于业务专题；不保证任意两成员都相似"
"K037","3","1","dm_rsk_n","191254;191534;191546","pdata_news_n.t02_fin_fctr_data;pdata_news_n.t02_fin_fctr_def;pdata_news_n.t02_fin_fctr_term_stru_def;pdata_news_n.t02_fin_mkt_quot_fctr_rslt;pdata_news_n.t02_fin_vola_cate_fctr_def","dm_rsk_n.curv_lack_abn_hand_info","共享输入结构的候选核对批次，不等于业务专题；不保证任意两成员都相似"
"K038","3","3","dm_index_n","201318;201483;203879","dm_index_n.grp_tag_otc_deri_contr_type_rpt_contr_type;pdata_n.t01_corp_cust;pdata_n.t98_otc_deri_comp_sale_adtnl_det","dm_index_n.index_grp1_cutpenty_compscal_otcderi_tdy;dm_index_n.index_grp1_cutpenty_trdscal_otcderi_year;dm_index_n.index_grp1_cutpenty_compscal_otcderi_yearapd","共享输入结构的候选核对批次，不等于业务专题；不保证任意两成员都相似"
"K039","3","3","dm_index_n","202397;202400;202401","pdata_n.t03_prd_ord_info;pdata_news_n.t02_prd_fin_info","dm_index_n.grp_tag_client_cust_year_ia_nws_new_addsign;dm_index_n.index_grp1_emp_newsign_custcount_ianws_mth_ricc;dm_index_n.index_grp1_org_newsign_custcount_ianws_mth_ricc","共享输入结构的候选核对批次，不等于业务专题；不保证任意两成员都相似"
"K040","3","3","dm_index_n","202540;202541;202550","dm_index_n.index_grp2_firtnrdate_finprd;pdata_news_n.t02_prd_fin_info;pdata_news_n.t02_prd_fin_info_ext","dm_index_n.index_grp1_emp_addcust_buyria_astpkgrela_mth_ricc;dm_index_n.index_grp1_org_addcust_buyria_oactrela_mth_ricc;dm_index_n.grp_tag_indv_cust_cust_year_buyria_newadd","共享输入结构的候选核对批次，不等于业务专题；不保证任意两成员都相似"
"K041","3","3","dm_index_n","202688;202693;202694","dm_index_n.grp_tag_client_is_mts_qual_pcus;pdata_n.t98_cust_cred_mng_info","dm_index_n.grp_tag_client_cust_year_marg_permeation;dm_index_n.index_grp1_org_perrate_margcust_oactrela_mth_ricc;dm_index_n.index_grp1_emp_perrate_marg_astpkgrela_mth_ricc","共享输入结构的候选核对批次，不等于业务专题；不保证任意两成员都相似"
"K042","3","3","dm_index_n","202689;202691;202692","dm_index_n.index_grp_apd_net_asset;dm_index_n.index_grp1_mval_stk_new_fullmkt_tdy","dm_index_n.index_grp1_emp_newmvalprop_astpkgrela_mth_ricc;dm_index_n.index_grp1_org_newmvalprop_oactrela_mth_ricc;dm_index_n.index_grp1_cust_newmvalprop_mth_ricc","共享输入结构的候选核对批次，不等于业务专题；不保证任意两成员都相似"
"K043","3","2","dm_otc_n","238523;245506;245662","pdata_news_n.t02_exch_quot_s;pdata_news_n.t02_stk_valu_idx","dm_otc_n.md_stock_daily_market;dm_otc_n.eod_contract_ins_daily_info","共享输入结构的候选核对批次，不等于业务专题；不保证任意两成员都相似"
"K044","2","1","pdata_n","37438;66147","pdata_n.t01_pty_addr_info;pdata_n.t01_pty_ecif_map;pdata_n.t01_pty_inr_org_rela_h;pdata_n.t01_pty_stat_h","pdata_n.t98_cust_indv_cust_base_info","共享输入结构的候选核对批次，不等于业务专题；不保证任意两成员都相似"
"K045","2","2","pdata_news_n","59441;66203","odata_n_rcc.h_his_assurecode;odata_n_rcc.u_stkcode;odata_n_uip.w_tb_object_1090;odata_n_uip.w_tb_object_1120","pdata_news_n.t02_exch_quot_h;pdata_news_n.t02_exch_quot_s","共享输入结构的候选核对批次，不等于业务专题；不保证任意两成员都相似"
"K046","2","2","pdata_news_n","59457;66185","odata_n_icc.h_his_optprice;odata_n_icc.h_his_price","pdata_news_n.t02_exch_quot_h;pdata_news_n.t02_exch_quot_s","共享输入结构的候选核对批次，不等于业务专题；不保证任意两成员都相似"
"K047","2","1","pdata_n","62891;62908","odata_n_aum.c_tapp_channeltype_discount;odata_n_gks.upload_boss_channel;odata_n_oao.c_channeltype;odata_n_oao.c_prioritychanneltype;odata_n_osc.c_t_b_brokerchannel","pdata_n.t08_gks_chan_info","共享输入结构的候选核对批次，不等于业务专题；不保证任意两成员都相似"
"K048","2","2","pdata_n","63187;67899","odata_ecif.ecif_e_t00_cust_acct_ref_s;odata_ecif.ecif_e_t01_cust_base_info_s","pdata_n.t01_pty_ecif_map;pdata_n.t97_ecf_cust_acct_info","共享输入结构的候选核对批次，不等于业务专题；不保证任意两成员都相似"
"K049","2","2","pdata_n","63419;63755","odata_n_xpb.p_company_company;odata_n_xpb.t_company_company","pdata_n.t01_corp_cust;pdata_n.t01_pty_addr_info","共享输入结构的候选核对批次，不等于业务专题；不保证任意两成员都相似"
"K050","2","2","pdata_n","64184;65803","odata_n_icc.h_his_refcashcompact;odata_n_icc.r_refcashcompact","pdata_n.t03_cash_comp_info;pdata_n.t03_agt_intr_h","共享输入结构的候选核对批次，不等于业务专题；不保证任意两成员都相似"
"K051","2","2","pdata_n","64189;65538","odata_n_rcc.h_his_refcashcompact;odata_n_rcc.r_refcashcompact","pdata_n.t03_cash_comp_info;pdata_n.t03_agt_intr_h","共享输入结构的候选核对批次，不等于业务专题；不保证任意两成员都相似"
"K052","2","1","dm_index_n","66417;66418","dm_index_n.hold_def_hot;dm_index_n.hold_tag_relation_pre;pdata_news_n.t02_opt_contr_info","dm_index_n.hold_tag_relation","共享输入结构的候选核对批次，不等于业务专题；不保证任意两成员都相似"
"K053","2","2","pdata_news_n","69312;163993","odata_n_uip.w_ashareanncolumn;odata_n_uip.w_ashareanninf","pdata_news_n.t02_ann_info;pdata_news_n.t02_nws_ntce_info","共享输入结构的候选核对批次，不等于业务专题；不保证任意两成员都相似"
"K054","2","2","pdata_news_n","69417;163994","odata_n_uip.w_bondanncolumn;odata_n_uip.w_bondanninf","pdata_news_n.t02_ann_info;pdata_news_n.t02_nws_ntce_info","共享输入结构的候选核对批次，不等于业务专题；不保证任意两成员都相似"
"K055","2","2","pdata_news_n","69692;69825","odata_n_uip.q_equ_allot;odata_n_uip.w_asharecapitalization;odata_n_uip.w_asharedividend;odata_n_uip.w_ashareeodprices;odata_n_uip.w_ashareexrightdividendrecord;odata_n_uip.w_asharerightissue","pdata_news_n.t02_exch_quot_s;pdata_news_n.t02_exch_quot_h","共享输入结构的候选核对批次，不等于业务专题；不保证任意两成员都相似"
"K056","2","2","pdata_news_n","69829;69852","odata_n_cap.a_biz_pro_closed_period_info;odata_n_cap.a_biz_pro_pe_info;odata_n_cap.a_biz_pro_sync_account_info;odata_n_cap.a_biz_pro_tenant;odata_n_cap.p_biz_pro_fund_raising;odata_n_cap.p_biz_pro_grade_info;odata_n_cap.p_biz_pro_investment_arrangement;odata_n_cap.p_biz_pro_lock_in_period_info","pdata_news_n.t02_cstd_prd_acct_info;pdata_news_n.t02_cstd_prd_base_info","共享输入结构的候选核对批次，不等于业务专题；不保证任意两成员都相似"
"K057","2","2","pdata_news_n","70348;137531","odata_n_uip.w_asharedividend;odata_n_uip.w_bsharedividend;odata_n_uip.w_cpsdividend;odata_n_uip.w_neeqsdividend","pdata_news_n.t02_stk_ex_dr;pdata_news_n.t02_stk_divd_info","共享输入结构的候选核对批次，不等于业务专题；不保证任意两成员都相似"
"K058","2","1","pdata_n","73031;73034","odata_n_ioa.i_gf_department;odata_n_ioa.i_gf_role;odata_n_ioa.i_gf_role_user;odata_n_ioa.i_gf_user;odata_n_ioa.i_gf_user_del","pdata_n.t04_user_role_dept","共享输入结构的候选核对批次，不等于业务专题；不保证任意两成员都相似"
"K059","2","1","pdata_n","86841;220650","odata_n_ois.g_hk_counterparty;odata_n_ois.o_otc_derivative_counterparty;odata_n_tit.d_margin_plan;odata_n_tit.d_ref_book;odata_n_tit.d_ref_ctpty_mapping;odata_n_tit.d_ref_future_properties;odata_n_tit.d_ref_instrument;odata_n_tit.d_ref_otc_contr_margin_param","pdata_n.t98_otc_deri_comp_sale_info","共享输入结构的候选核对批次，不等于业务专题；不保证任意两成员都相似"
"K060","2","2","dm_index_n","87175;87348","pdata_n.t98_crm_cust_chan_info;pdata_n.t98_crm_oact_pty_id_mobile_map_info;pdata_n.t98_gks_ord_base_info","dm_index_n.index_grp_gks_restore_order_bef_devpr_emp_id;dm_index_n.index_grp_gks_restore_order_pty_id","共享输入结构的候选核对批次，不等于业务专题；不保证任意两成员都相似"
"K061","2","2","dm_index_n","92112;92113","pdata_n.t05_exch_cmphs_busi_entr_evt;pdata_n.t05_exch_scr_entr_evt;pdata_n.t05_otc_chrem_entr_evt","dm_index_n.index_grp_tramt_mon_icc;dm_index_n.index_grp_tramt_mon_rcc","共享输入结构的候选核对批次，不等于业务专题；不保证任意两成员都相似"
"K062","2","2","dm_index_n","92220;146553","pdata_n.t01_refin_pty_dev_rela_adtnl;pdata_n.t98_crm_avg_lend_scal_info","dm_index_n.index_grp_divd_avg_lend_scal;dm_index_n.index_grp1_cust_divd_avg_lend_scal","共享输入结构的候选核对批次，不等于业务专题；不保证任意两成员都相似"
"K063","2","2","pdata_news_n","94167;190690","odata_n_fct.a_v_t_futinstrument;pdata_news_n.t02_fct_comp_prd_info","pdata_news_n.t02_fut_comp_info;pdata_news_n.t02_fut_comp_info_f","共享输入结构的候选核对批次，不等于业务专题；不保证任意两成员都相似"
"K064","2","2","dm_index_n","96834;101039","dm_index_n.index_grp_opt_actv_date_by_cert_no;dm_index_n.index_grp_opt_open_date_by_cert_no","dm_index_n.grp_tag_client_is_opt_valid_client;dm_index_n.index_grp_opt_vld_date_year","共享输入结构的候选核对批次，不等于业务专题；不保证任意两成员都相似"
"K065","2","2","dm_index_n","100054;115939","pdata_n.t98_cust_prd_ret_info;pdata_news_n.t02_scr_type","dm_index_n.index_grp_hld_pub_det_last_3trd;dm_index_n.index_grp_cust_prdcd_prdname_mval_ostfnd_last3d","共享输入结构的候选核对批次，不等于业务专题；不保证任意两成员都相似"
"K066","2","2","dm_index_n","102071;102072","pdata_n.t01_pty_prd_info;pdata_n.t99_brok_ib_pvt_plac_ref","dm_index_n.index_grp_corp_cust_pvt_type;dm_index_n.index_grp_corp_cust_ib_type","共享输入结构的候选核对批次，不等于业务专题；不保证任意两成员都相似"
"K067","2","1","pdata_n","106210;107641","odata_n_tit.d_pos_trs_leg_valuation;odata_n_tit.d_ref_trs","pdata_n.t98_otc_swap_comp_leg_valu_info","共享输入结构的候选核对批次，不等于业务专题；不保证任意两成员都相似"
"K068","2","1","pdata_n","107281;107481","odata_n_tit.d_ref_option_deal_structure;odata_n_tit.d_trd_cumulator_schedule_daily;pdata_n.t98_otc_deri_book_info","pdata_n.t98_otc_opt_comp_sub_trd_base_info","共享输入结构的候选核对批次，不等于业务专题；不保证任意两成员都相似"
"K069","2","2","dm_otc_n","109513;123668","pdata_n.t05_exch_scr_deli_evt;pdata_n.t99_rcc_busi_flag_ref;pdata_news_n.t02_otc_fin_info","dm_otc_n.otc_income_vchr_sale_det;dm_otc_n.otc_income_vchr_trd_dtl","共享输入结构的候选核对批次，不等于业务专题；不保证任意两成员都相似"
"K070","2","2","dm_index_n","112835;135973","dm_index_n.grp_tag_client_open_stib;dm_index_n.index_grp_custset_first_csdc_trd_date;dm_index_n.index_grp1_incl_non_trd_nts_last_20d_avg_asset;pdata_n.t98_cust_elig_info","dm_index_n.grp_tag_indv_cust_bse_bcust_flag;dm_index_n.grp_tag_client_cust_whth_stib_pcus","共享输入结构的候选核对批次，不等于业务专题；不保证任意两成员都相似"
"K071","2","2","dm_otc_n","113993;114013","pdata_n.t98_otc_comp_mng_rela_info;pdata_n.t98_otc_deri_comp_sale_adtnl_det;pdata_n.t99_deri_comp_base_coef_ref;pdata_n.t99_deri_comp_sprd_coef_ref;pdata_n.t99_otc_deri_inr_base_mapping;pdata_n.t99_otc_deri_inr_base_ref","dm_otc_n.otc_inr_sale_para;dm_otc_n.otc_inr_sale_daily_rpt","共享输入结构的候选核对批次，不等于业务专题；不保证任意两成员都相似"
"K072","2","2","dm_otc_n","118141;118143","pdata_n.t98_otc_comp_mng_rela_info;pdata_n.t99_deri_comp_base_coef_ref;pdata_n.t99_deri_comp_sprd_coef_ref;pdata_n.t99_deri_comp_type_base_coef_ref;pdata_n.t99_deri_cutp_comp_type_sprd_coef_ref","dm_otc_n.otc_sale_daily_rpt;dm_otc_n.otc_sale_para","共享输入结构的候选核对批次，不等于业务专题；不保证任意两成员都相似"
"K073","2","2","dm_otc_n","121433;121434","pdata_n.t04_oas_inr_org;pdata_n.t05_bpm_proc_instc_info;pdata_nds.bpm_flow_result;pdata_nds.bpm_oa1100_comment;pdata_nds.deriv_client_admit_flow_brk","dm_otc_n.otc_cust_access_status_org;dm_otc_n.otc_cust_access_status","共享输入结构的候选核对批次，不等于业务专题；不保证任意两成员都相似"
"K074","2","2","dm_otc_n;dm_cisp_n","123571;221300","pdata_news_n.t02_bnd_income_vchr_ois;pdata_news_n.t02_fin_float_income_vchr_info;pdata_news_n.t02_otc_fin_info","dm_otc_n.otc_income_vchr_ldg_list;dm_cisp_n.det_idx_use_situ_stati","共享输入结构的候选核对批次，不等于业务专题；不保证任意两成员都相似"
"K075","2","2","dm_index_n","125666;167822","dm_index_n.index_grp_cust_oact_date;dm_index_n.index_grp1_net_ast","dm_index_n.index_grp1_10to25apd_net_ast_aft_fst_pos;dm_index_n.index_grp1_apdnetast_oactdayapd_mth_retandorgcntr","共享输入结构的候选核对批次，不等于业务专题；不保证任意两成员都相似"
"K076","2","1","pdata_n","133052;246739","odata_n_ois.o_contract_spread_rate;odata_n_tit.d_ks_trade_comfirm_info;odata_n_tit.d_ref_otc_option_deal;odata_n_tit.d_ref_trs;odata_n_tit.d_trd_otc_trade","pdata_n.t99_deri_comp_sprd_coef_ref","共享输入结构的候选核对批次，不等于业务专题；不保证任意两成员都相似"
"K077","2","2","dm_index_n","135361;135663","pdata_n.t05_oao_ord_log;pdata_n.t98_cust_indv_cust_base_info;pdata_nds.oao_cust_oact_analyze_detail;pdata_nds.open_acct_penal","dm_index_n.index_grp1_onlineoactapprrwdamt;dm_index_n.index_grp1_onlineoactapprrwdacctnum","共享输入结构的候选核对批次，不等于业务专题；不保证任意两成员都相似"
"K078","2","2","dm_index_n","136285;136377","pdata_n.t03_srp_comp_info;pdata_news_n.t02_exch_quot_h","dm_index_n.index_grp1_tbbbamt_srp_civ_tdy_retandorgcntr;dm_index_n.index_grp1_tbbbamt_srp_assm_tdy_retandorgcntr","共享输入结构的候选核对批次，不等于业务专题；不保证任意两成员都相似"
"K079","2","2","dm_otc_n","144127;144146","pdata_news_n.t02_idx_compnt_wght;pdata_news_n.t02_idx_compnt_wght_ext","dm_otc_n.file_szse_consnextday;dm_otc_n.file_sse_weightnextday","共享输入结构的候选核对批次，不等于业务专题；不保证任意两成员都相似"
"K080","2","2","dm_index_n","149053;149054","pdata_n.t03_prd_cstd_unit_adtnl_info;pdata_n.t04_inr_org_div_rati_h;pdata_n.t04_inr_org_stati_info_h;pdata_n.t04_user_emp_rela_h;pdata_n.t98_inr_org_map;pdata_nds.s_cx_custody_rel","dm_index_n.index_grp3_org_emp_cstdprd_avgast_aum_mon;dm_index_n.index_grp3_org_emp_cstdprd_avgast_aum_year","共享输入结构的候选核对批次，不等于业务专题；不保证任意两成员都相似"
"K081","2","2","dm_index_n","149249;149270","dm_index_n.prdcust_mng_prd_ext_rela;pdata_n.t98_cust_prd_ret_info","dm_index_n.index_grp1_lvrgastprop_prdcust_mth;dm_index_n.index_grp2_tnrprop_prdcust_mth","共享输入结构的候选核对批次，不等于业务专题；不保证任意两成员都相似"
"K082","2","2","dm_index_n","149916;149929","pdata_n.t05_exch_scr_entr_evt;pdata_n.t99_src_sys_feat_code_info","dm_index_n.grp_tag_client_is_brok_sett_cust;dm_index_n.grp_tag_client_is_custd_org_cust","共享输入结构的候选核对批次，不等于业务专题；不保证任意两成员都相似"
"K083","2","2","dm_otc_n;dm_index_n","154591;243650","pdata_n.t98_sb_otc_opt_comp_info;pdata_n.t98_sb_otc_swap_comp_info","dm_otc_n.otc_recv_pymt_evt_info;dm_index_n.grp_tag_otc_deri_contr_rev_contr_scop","共享输入结构的候选核对批次，不等于业务专题；不保证任意两成员都相似"
"K084","2","2","dm_index_n","158480;189181","dm_index_n.grp_tag_client_aum_perf_exam;dm_index_n.index_grp1_apdstdast_examcoefcovtpst_astlt10ttsd_mth;dm_index_n.index_grp1_cust_incm_allcali_mth_all;dm_index_n.index_grp1_emp_income_cs_mth_all;dm_index_n.index_grp2_cust_emp_incm_plfmvabusi_aum_tdy_all;dm_index_n.index_grp2_emp_inr_incm_spaseat_mth;dm_index_n.index_grp3_cust_pd_emp_prdincome_nothselcond_tdy;dm_index_n.index_grp3_cust_prd_emp_income_nwsincome_astpkgrela_tdy","dm_index_n.index_grp1_incomemomincrsrate_fullcali_astpkgrela_qtr;dm_index_n.index_grp1_income_exam_pqtrastendastpkgrela_mth_retandorgcntr","共享输入结构的候选核对批次，不等于业务专题；不保证任意两成员都相似"
"K085","2","2","dm_index_n","160773;160780","dm_index_n.index_grp3_compscal_otcderi_cs_mthapd;dm_index_n.index_grp3_org_emp_cstdprd_avgast_aum_mon;pdata_nds.om_flip_new_orgid","dm_index_n.index_grp3_cust_org_emp_std_ast_bef_covt_mth_apd;dm_index_n.index_grp3_cust_org_emp_std_ast_aft_covt_mth_apd","共享输入结构的候选核对批次，不等于业务专题；不保证任意两成员都相似"
"K086","2","1","pdata_n","168293;211730","odata_n_tit.d_pos_bucket_vega_metrics;odata_n_tit.d_pos_eod_calc_metrics;odata_n_tit.d_ref_instrument","pdata_n.t98_sb_otc_opt_comp_prcg_indx","共享输入结构的候选核对批次，不等于业务专题；不保证任意两成员都相似"
"K087","2","2","pdata_n;dm_rsk_n","169145;176360","pdata_n.t98_otc_book_hold_sum;pdata_n.t98_sb_otc_opt_comp_info","pdata_n.t98_otc_opt_comp_sub_trd_pal_sum;dm_rsk_n.otc_comp_marg_det","共享输入结构的候选核对批次，不等于业务专题；不保证任意两成员都相似"
"K088","2","1","dm_rsk_n","176548;188171","pdata_news_n.t02_fin_fctr_data;pdata_news_n.t02_fin_fctr_def;pdata_news_n.t02_fin_undrl_data_lbr;pdata_news_n.t02_fin_vola_cate_fctr_def","dm_rsk_n.vola_mkt_quot_day","共享输入结构的候选核对批次，不等于业务专题；不保证任意两成员都相似"
"K089","2","1","pdata_n","183098;211644","odata_n_tit.d_pos_fast_trs_leg_valuation;odata_n_tit.d_ref_fast_trs;odata_n_tit.d_trd_otc_trade","pdata_n.t98_otc_swap_comp_leg_valu_info","共享输入结构的候选核对批次，不等于业务专题；不保证任意两成员都相似"
"K090","2","1","pdata_n","185234;211619","pdata_n.t98_otc_swap_comp_leg_valu_info;pdata_news_n.t02_pub_cst_info","pdata_n.t98_otc_swap_comp_trd_undrl_info","共享输入结构的候选核对批次，不等于业务专题；不保证任意两成员都相似"
"K091","2","2","dm_index_n","187699;187725","dm_index_n.index_grp2_std_ast_aft_covt_year_apd;pdata_n.t05_cust_ast_pkg_rela_adj_proc;pdata_n.t05_cust_ast_pkg_rela_adj_proc_det;pdata_n.t05_cust_rela_bat_adj_chg_evt","dm_index_n.index_grp1_cust_stdastincrsval_aum_ytddistrcust_tdy_all;dm_index_n.index_grp1_stdastincrsrate_aum_ytddistrcust_tdy_all","共享输入结构的候选核对批次，不等于业务专题；不保证任意两成员都相似"
"K092","2","2","dm_otc_n","189542;190382","pdata_news_n.t02_bond_valu_anls;pdata_news_n.t02_bond_valu_anls_ext","dm_otc_n.fdm_t02_bond_valu_anls_tzz_xir;dm_otc_n.fdm_t02_bond_valu_anls_tqss_xir","共享输入结构的候选核对批次，不等于业务专题；不保证任意两成员都相似"
"K093","2","2","dm_otc_n;dm_rsk_n","200030;200078","pdata_nds.bundle_daily_contr_param;pdata_nds.bundle_margin_daily_result;pdata_nds.bundle_margin_underlying_type;pdata_nds.margin_acct_current_balance;pdata_nds.margin_bundle_acct;pdata_nds.margin_plan","dm_otc_n.adm_v_risk_daily_bundle_margin;dm_rsk_n.adm_v_risk_daily_bundle_margin","共享输入结构的候选核对批次，不等于业务专题；不保证任意两成员都相似"
"K094","2","2","dm_index_n","202295;208182","dm_index_n.index_grp1_ast;pdata_news_n.t02_scr_trd_cal","dm_index_n.index_grp1_cust_aumnetast_muyield_fullcali_mth_all;dm_index_n.index_grp1_cust_totalast_npapd_qtr_all","共享输入结构的候选核对批次，不等于业务专题；不保证任意两成员都相似"
"K095","2","2","dm_index_n","203306;203311","dm_index_n.grp_tag_otc_deri_contr_type_rpt_contr_type;pdata_n.t98_otc_deri_undrl_income_rwd_sum","dm_index_n.index_grp1_company_salerwd_otcderi_qtr;dm_index_n.index_grp1_company_saleincome_otcderi_qtr","共享输入结构的候选核对批次，不等于业务专题；不保证任意两成员都相似"
"K096","2","1","dm_rsk_n","206952;236759","dm_rsk_n.otc_cutp_base_info;pdata_nds.bundle_margin_daily_result;pdata_nds.capital_acct_current_balance;pdata_nds.capital_acct_daily_balance","dm_rsk_n.trd_otc_deri_fnd_acct_bal_day","共享输入结构的候选核对批次，不等于业务专题；不保证任意两成员都相似"
"K097","2","2","pdata_n","209971;209974","odata_n_ecr.s_cx_ficc_aml;odata_n_ecr.s_cx_ledger_account","pdata_n.t98_ficc_org_cust_info_ecr;pdata_n.t98_ficc_prd_cust_info_ecr","共享输入结构的候选核对批次，不等于业务专题；不保证任意两成员都相似"
"K098","2","2","dm_otc_n","219287;219736","pdata_news_n.t02_co_base_info;pdata_news_n.t02_stk_base_info","dm_otc_n.trans_share_tit;dm_otc_n.trans_busi_inform_tit","共享输入结构的候选核对批次，不等于业务专题；不保证任意两成员都相似"
"K099","2","2","dm_otc_n","220979;220981","odata_n_ois.g_rev_hk_contract_commission_rate;odata_n_ois.g_rev_hk_sales_base_coef;odata_n_ois.g_rev_hkcpty_bid_ask_commission_rate;odata_n_ois.g_rev_hkcpty_bid_ask_spread_coef;pdata_n.t98_otc_comp_mng_rela_info;pdata_n.t99_deri_comp_base_coef_ref;pdata_n.t99_deri_comp_sprd_coef_ref","dm_otc_n.otc_hk_sale_daily_rpt;dm_otc_n.otc_hk_sale_para","共享输入结构的候选核对批次，不等于业务专题；不保证任意两成员都相似"
"K100","2","2","dm_index_n","226278;234860","dm_index_n.aum_wqj_prd_calc_as_grp_day;dm_index_n.buyr_investment_adviser_sale_rela_mon;dm_index_n.cust_prd_ret_info_pntra_slice_tag;dm_index_n.grp_tag_news_secu_prd_ast_clas;dm_index_n.index_grp3_tnramt_cros_bordchremstrd_tdy;dm_index_n.prdcust_mng_prd_ext_rela;dm_index_n.ty_cust_mid;pdata_n.t01_crm_ofst_oact_cust_div","dm_index_n.index_grp2_apdtnramt_2026yearaumexamcali_mthapd;dm_index_n.index_grp3_apdtnramt_2026yearaumexamcali_mthapd","共享输入结构的候选核对批次，不等于业务专题；不保证任意两成员都相似"
"K101","2","2","dm_otc_n","229012;229013","pdata_nds.t02_co_imp_info;pdata_news_n.t02_co_base_info;pdata_news_n.t02_qxb_equity_person_holding_otc_mid","dm_otc_n.rela_qxb_equity_otc_oper_ctrl;dm_otc_n.rela_qxb_equity_otc_person_ctrl","共享输入结构的候选核对批次，不等于业务专题；不保证任意两成员都相似"
