consumerTaskId,taskCategory,readCount,tables
"208983","sparkIndex","53","dm_index_n.index_grp_serv_emp_id;dm_index_n.index_grp_devpr_emp_id;dm_index_n.grp_tag_indv_cust_is_actv;dm_index_n.grp_tag_client_is_new_valid;dm_index_n.index_grp_brch_bel_div_org_name;dm_index_n.grp_tag_client_cust_typ;dm_index_n.grp_tag_client_lvst_prefr_clas_mth;dm_index_n.grp_tag_client_cust_ast_type;dm_index_n.grp_tag_client_cust_sex;dm_index_n.index_grp_occp_name;dm_index_n.index_grp_cust_id_own_prov;dm_index_n.index_grp_cust_id_own_city;dm_index_n.index_grp_oact_org_name;dm_index_n.index_grp_cust_oact_org_prov;dm_index_n.grp_tag_client_risk_lvl;dm_index_n.grp_tag_client_inve_kind;dm_index_n.grp_tag_client_briefest_ivst_term;dm_index_n.index_grp_ytj_app_start_days_last_15d;dm_index_n.index_grp1_view_times_meg_stk_prd_top5_last_30d;dm_index_n.index_grp_view_days_prd_det_30d;dm_index_n.index_grp_cust_viewdays_nws_last30day;dm_index_n.index_grp_newcust_page_view_times_30d;dm_index_n.index_grp1_page_view_days_meg_app_mon;dm_index_n.index_grp1_mval_otsd_tdy;dm_index_n.index_grp1_net_ast;dm_index_n.index_grp1_ast;dm_index_n.index_grp1_apdnetast_oactdayapd_mth_retandorgcntr;dm_index_n.grp_tag_client_open_gem;dm_index_n.grp_tag_client_open_stib;dm_index_n.index_grp_shhk_sc_active_status;dm_index_n.grp_tag_client_is_open_btrd;dm_index_n.grp_tag_client_is_open_covt_bond_righ;dm_index_n.grp_tag_client_is_hign_actv_cust;dm_index_n.index_grp1_prd_det_add_option_curr_hold;dm_index_n.index_grp_mobile_num_ytj_prom_last;dm_index_n.index_grp_cust_times_chgpoint_tdy;dm_index_n.grp_tag_client_whth_free_oper_cust;dm_index_n.grp_tag_client_whth_used_rsrv_purch_ipo;dm_index_n.grp_tag_client_whth_only_purch_ipo;dm_index_n.grp_tag_client_con_pond_potential_cust;dm_index_n.grp_tag_client_cust_exclu_lvl;dm_index_n.index_grp1_enddrawdate_custact;dm_index_n.index_grp_client_mobile_no_last_logn_ytj_ysg;dm_index_n.index_grp_total_asset_max;dm_index_n.grp_tag_client_is_elig_std_covt_bond;dm_index_n.index_grp_cust_hld_posstkcd_name_mkt_mval_a_scr_tdy_nothremark;dm_index_n.index_grp_cust_prdcd_prdname_mval_ostfnd_last3d;dm_index_n.index_grp_hld_pub_det_last_3trd;dm_index_n.grp_tag_client_is_all_user_wecon_auth;dm_index_n.index_grp_cust_last_auth_date_ew;dm_index_n.grp_tag_client_is_open_wecom_kyc"
"207665","sparkIndex","51","dm_index_n.index_grp1_cust_income_fullcali_mth_ricc;dm_index_n.index_grp1_cust_propincrsrate_fullcali_mth_ricc;dm_index_n.index_grp1_cust_aumnetast_muyield_fullcali_mth_all;dm_index_n.index_grp1_cust_nav_aum_tdy_all;dm_index_n.grp_tag_client_is_kyc_accts;dm_index_n.grp_tag_client_is_impsrv;dm_index_n.grp_tag_client_is_wlth_hnw_cust_flag;dm_index_n.grp_tag_client_cust_year_ia_nws_new_addsign;dm_index_n.grp_tag_client_cust_year_product_tenure;dm_index_n.grp_tag_client_is_opt_valid_client;dm_index_n.index_grp_opt_vld_date_year;dm_index_n.grp_tag_indv_cust_cust_year_buyria_newadd;dm_index_n.grp_tag_client_cust_year_marg_permeation;dm_index_n.index_grp1_cust_newmvalprop_mth_ricc;dm_index_n.index_grp1_cust_propincrsval_fullcali_mth_ricc"
"232836","sparkIndex","51","spdata_n.t98_cid_xir_scr_acct;pdata_n.t98_info_divn_base_ecr;spdata_n.t98_ficc_trd_acct_hrch_info;spdata_n.t98_xir_cutp_hrch_info;pdata_nds.s_v_crm_account_info;spdata_n.t98_cid_xir_bond_trd_base_info"
"144891","sparkIndex","50","pdata_n.t05_wecom_kyc_auth_evt;dm_index_n.grp_tag_client_cust_sex;dm_index_n.grp_tag_client_rich_cust_flag;dm_index_n.grp_tag_client_is_open_cash_chrem;dm_index_n.grp_tag_client_is_sign_qual_promis;dm_index_n.grp_tag_client_cust_whth_open_bse_righ;dm_index_n.grp_tag_client_cust_whth_open_opt_ia_nws_busi_righ;dm_index_n.grp_cust_open_gem_flag;dm_index_n.grp_tag_client_neeq_right_opend;dm_index_n.grp_tag_client_open_stib;dm_index_n.grp_cust_open_marg_flag;dm_index_n.grp_tag_ecif_corp_gf_opt_flag;dm_index_n.grp_tag_client_is_open_srp;dm_index_n.grp_cust_open_sh_mhs_flag;dm_index_n.grp_cust_open_sz_mhs_flag;dm_index_n.grp_tag_client_cust_whth_open_fnd_fix_ivst_busi_righ;dm_index_n.grp_tag_indv_cust_bse_bcust_flag;dm_index_n.grp_tag_client_cust_whth_stib_pcus;dm_index_n.grp_tag_client_potn_flag;dm_index_n.grp_tag_client_potn_gem_cust_flag;dm_index_n.grp_tag_client_cust_whth_leav_actv_pcus;dm_index_n.grp_tag_client_cust_whth_neeq_pcus;dm_index_n.grp_tag_client_is_elig_std_covt_bond;dm_index_n.grp_tag_client_is_mts_purp;dm_index_n.grp_tag_client_cust_mts_type;dm_index_n.grp_tag_indv_cust_is_high_age_pty;dm_index_n.grp_tag_client_corp_busi_cust_type;dm_index_n.grp_tag_client_emp_cust_inhr_src;dm_index_n.grp_tag_client_is_long_not_cont;dm_index_n.grp_tag_client_is_wlth_hnw_cust_flag;dm_index_n.grp_tag_client_is_new_valid;dm_index_n.grp_tag_client_cust_whth_szhk_sc_pcus;dm_index_n.grp_tag_client_cust_whth_shhk_sc_pcus;dm_index_n.grp_tag_indv_cust_is_actv;pdata_n.t99_lbl_info;pdata_n.t99_lbl_grp_info"
"203958","sparkIndex","43","pdata_nds.aum_org_base_info;dm_index_n.index_grp1_org_propincrsval_fullcali_oactrela_mth_ricc;dm_index_n.index_grp1_org_propincrsrate_fullcali_oactrela_mth_ricc;dm_index_n.index_grp1_org_aumnetast_muyield_oactrela_mth_all;dm_index_n.index_grp1_org_custaum_navsupernetrate_oactrela_mth_all;dm_index_n.index_grp1_org_empaum_navsupernetrate_mth_all;dm_index_n.index_grp1_servcovrg_impcust_astpkgrela_year;dm_index_n.index_grp1_losrate_richhnwcust_year;dm_index_n.index_grp1_org_newsign_custcount_ianws_mth_ricc;dm_index_n.index_grp1_covrg_fullprdtnrcust_oactrela_accumtomth_ricc;dm_index_n.index_grp1_org_addcust_optbusi_oactrela_mth_ricc;dm_index_n.index_grp1_org_addcust_buyria_oactrela_mth_ricc;dm_index_n.index_grp1_org_perrate_margcust_oactrela_mth_ricc;dm_index_n.index_grp1_org_newmvalprop_oactrela_mth_ricc;dm_index_n.index_grp2_avgservtimes_aumimpcust_astpkgrela_yearendmth_ricc"
"203979","sparkIndex","40","dm_index_n.index_grp1_emp_aumnetast_muyield_aumastpkgrela_mth_ricc;dm_index_n.index_grp1_emp_custaum_navsupernetrate_astpkgrela_mth_all;dm_index_n.index_grp1_emp_nav_aum_tdy_all;dm_index_n.index_grp1_authcust_servordevrela_endtdy;dm_index_n.index_grp1_servcovrg_impcust_astpkgrela_year;dm_index_n.index_grp1_custlosrate_richhnwcust_astpkgrela_qtr;dm_index_n.index_grp1_emp_newsign_custcount_ianws_mth_ricc;dm_index_n.index_grp1_emp_covrg_fullprdtnrcust_astpkgrela_accumtomth_ricc;dm_index_n.index_grp1_emp_addcust_optbusi_optdevrela_mth_ricc;dm_index_n.index_grp1_emp_addcust_buyria_astpkgrela_mth_ricc;dm_index_n.index_grp1_emp_perrate_marg_astpkgrela_mth_ricc;dm_index_n.index_grp1_emp_newmvalprop_astpkgrela_mth_ricc;dm_index_n.index_grp2_avgservtimes_aumimpcust_astpkgrela_yearendmth_ricc;dm_index_n.index_grp1_npssatiqstnnscor_refr_mth"
"207070","sparkIndex","39","dm_index_n.index_grp1_org_propincrsval_fullcali_oactrela_mth_ricc;dm_index_n.index_grp1_org_propincrsrate_fullcali_oactrela_mth_ricc;dm_index_n.index_grp1_org_aumnetast_muyield_oactrela_mth_all;dm_index_n.index_grp1_org_custaum_navsupernetrate_oactrela_mth_all;dm_index_n.index_grp1_org_empaum_navsupernetrate_mth_all;dm_index_n.index_grp1_servcovrg_impcust_astpkgrela_year;dm_index_n.index_grp1_losrate_richhnwcust_year;dm_index_n.index_grp1_org_newsign_custcount_ianws_mth_ricc;dm_index_n.index_grp1_covrg_fullprdtnrcust_oactrela_accumtomth_ricc;dm_index_n.index_grp1_org_addcust_optbusi_oactrela_mth_ricc;dm_index_n.index_grp1_org_addcust_buyria_oactrela_mth_ricc;dm_index_n.index_grp1_org_perrate_margcust_oactrela_mth_ricc;dm_index_n.index_grp1_org_newmvalprop_oactrela_mth_ricc"
"208353","sparkIndex","39","dm_index_n.index_grp1_cust_totalast_npapd_qtr_all;dm_index_n.index_grp1_cust_incm_fullcali_qtr_all;dm_index_n.grp_cust_open_gem_flag;dm_index_n.grp_tag_client_open_stib;dm_index_n.grp_tag_client_cust_whth_open_bse_righ;dm_index_n.grp_cust_open_sz_mhs_flag;dm_index_n.grp_cust_open_sh_mhs_flag;dm_index_n.grp_cust_open_marg_flag;dm_index_n.grp_tag_client_whth_pvt_qual_ivstr;dm_index_n.grp_tag_client_cust_year_product_tenure;dm_index_n.grp_tag_client_cust_year_ia_nws_new_addsign;dm_index_n.grp_tag_indv_cust_cust_year_buyria_newadd;dm_index_n.grp_tag_client_is_kyc_accts;dm_index_n.grp_tag_client_rich_cust_flag;dm_index_n.grp_tag_client_potn_gem_cust_flag;dm_index_n.grp_tag_client_cust_whth_stib_pcus;dm_index_n.grp_tag_indv_cust_bse_bcust_flag;dm_index_n.grp_tag_client_cust_whth_szhk_sc_pcus;dm_index_n.grp_tag_client_cust_whth_shhk_sc_pcus;dm_index_n.grp_tag_client_cust_whth_marg_pcus;dm_index_n.index_grp1_cust_bscast_astpkg_obsv_mth_all;dm_index_n.index_grp1_cust_palamt_relapst_astpkg_obsv_mth_all;dm_index_n.index_grp1_cust_nav_aum_tdy_all;dm_index_n.index_grp_apd_net_asset;dm_index_n.index_grp1_slp_emt_actv_date_appr_pst"
"207271","sparkIndex","36","dm_index_n.index_grp1_emp_custaum_navsupernetrate_astpkgrela_mth_all;dm_index_n.index_grp1_emp_nav_aum_tdy_all;dm_index_n.index_grp1_authcust_servordevrela_endtdy;dm_index_n.index_grp1_servcovrg_impcust_astpkgrela_year;dm_index_n.index_grp1_custlosrate_richhnwcust_astpkgrela_qtr;dm_index_n.index_grp1_emp_newsign_custcount_ianws_mth_ricc;dm_index_n.index_grp1_emp_covrg_fullprdtnrcust_astpkgrela_accumtomth_ricc;dm_index_n.index_grp1_emp_addcust_optbusi_optdevrela_mth_ricc;dm_index_n.index_grp1_emp_addcust_buyria_astpkgrela_mth_ricc;dm_index_n.index_grp1_emp_perrate_marg_astpkgrela_mth_ricc;dm_index_n.index_grp1_emp_newmvalprop_astpkgrela_mth_ricc;dm_index_n.index_grp1_emp_aumnetast_muyield_aumastpkgrela_mth_ricc"
"150023","sparkIndex","35","dm_index_n.grp_tag_client_is_pvt_org_prd_cust;dm_index_n.grp_tag_client_is_bank_prd_cust;dm_index_n.grp_tag_client_is_custd_org_cust;dm_index_n.grp_tag_client_is_brok_sett_cust;dm_index_n.grp_tag_client_is_serv_cstd_cust;dm_index_n.grp_tag_client_is_tyt_cust;dm_index_n.grp_tag_client_gpb_cust_type;dm_index_n.index_grp1_ast;dm_index_n.index_grp_trade_amt_exch;dm_index_n.index_grp_trade_amt_exch_mon;dm_index_n.index_grp_opt_trd_amt_mth_rcc;dm_index_n.index_grp_tramt_mon_rcc;dm_index_n.index_grp_tramt_mon_icc;dm_index_n.index_grp1_all_entr_num_mon;dm_index_n.index_grp_trade_amt_exch_year;dm_index_n.index_grp1_grp_opt_trd_amt_year_rcc;dm_index_n.index_grp1_all_entr_num_recentyear"
"203119","sparkIndex","25","dm_index_n.grp_tag_client_is_net_hnw_cust;pdata_n.t01_pty_inr_list_det;dm_index_n.index_grp1_cust_qtrapd_incomeincrsrate_fullcali_mth_all;dm_index_n.index_grp1_cust_incm_allcali_mth_all;dm_index_n.index_grp1_cust_propincrsrate_fullcali_mth_ricc;dm_index_n.index_grp1_cust_nav_aum_tdy_all;dm_index_n.index_grp1_cust_newmvalprop_mth_ricc;dm_index_n.index_grp_apd_net_asset;dm_index_n.grp_hold_relation;dm_index_n.hold_tag_relation;dm_index_n.grp_tag_client_is_all_user_wecon_auth;dm_index_n.grp_cust_open_gem_flag;dm_index_n.grp_tag_client_open_stib;dm_index_n.grp_tag_client_cust_whth_open_bse_righ;dm_index_n.grp_cust_open_sz_mhs_flag;dm_index_n.grp_cust_open_sh_mhs_flag;dm_index_n.grp_cust_open_marg_flag;dm_index_n.grp_tag_client_whth_pvt_qual_ivstr;dm_index_n.grp_tag_client_cust_year_product_tenure;dm_index_n.grp_tag_client_cust_year_ia_nws_new_addsign;dm_index_n.grp_tag_indv_cust_cust_year_buyria_newadd;dm_index_n.grp_tag_client_cust_year_marg_permeation"
"148763","sparkIndex","23","dm_index_n.grp_tag_client_corp_busi_cust_type;dm_index_n.index_grp_corp_cust_in_type;pdata_n.t01_crm_ofst_oact_cust_div;dm_index_n.pcav_hold_index;dm_index_n.hold_tag_relation;dm_index_n.index_grp1_ast_apptredpbusi_guar_tdy;dm_index_n.index_grp1_cust_divd_avg_lend_scal;dm_index_n.dm_co_t0_trd_prnt_stmt_perf;dm_index_n.index_grp2_cust_org_asset_std_mthaccum_all;dm_index_n.index_grp1_net_ast;dm_index_n.index_grp1_lvrgastprop_prdcust_mth;dm_index_n.index_grp2_tnrprop_prdcust_mth;pdata_nds.aum_asset_ast_style_cd;dm_index_n.index_grp1_ast;dm_index_n.grp_tag_client_is_aum_exam_del;dm_index_n.grp_tag_client_is_cust_judic_frz"
"244873","sparkIndex","23","dm_index_n.co_emp_seqab_projset;dm_index_n.index_grp1_newintroprdqty_astcstdprd_mon;dm_index_n.index_grp_staff_opt_corp_qual_cnt_year;dm_index_n.index_grp_staff_corp_bond_prof_qual_cnt_year;dm_index_n.index_grp1_saleamt_finprd_delcash_pvtibcorp_clmrela_year;dm_index_n.index_grp1_newintroprdscal_astcstdprd_mon;dm_index_n.index_grp1_netintrincome_margdevrela_orgseqempkpiexam_yearmthavg;dm_index_n.index_grp1_margbalincrsval_margdevrela_orgseqempkpiexam_yearapd;dm_index_n.index_grp1_margbalincrsrate_margdevrela_orgseqempkpiexam_yearapd;dm_index_n.index_grp_divd_avg_lend_scal;dm_index_n.index_emp_crd_valid_compact_amt_perday;dm_index_n.index_grp1_staff_apd_net_asset_adj;dm_index_n.index_grp1_emp_projnum_brchexam_mth_an;dm_index_n.index_grp1_income_fullcali_astpkgrela_orgbusicust_mth_ricc"
"168458","sparkIndex","22","dm_index_n.grp_tag_client_rich_cust_flag;dm_index_n.grp_tag_client_whth_valid_flag;dm_index_n.index_grp1_ast;dm_index_n.index_grp1_net_ast_net_in_amt_year;dm_index_n.index_grp1_yield_fullacct_year_retandorgcntr;dm_index_n.index_grp1_yieldamt_fullacct_year_retandorgcntr"
"206454","sparkIndex","22","dm_index_n.index_grp1_cust_netastandresmval_20trddayapd_ricc;dm_index_n.index_grp1_get_net_ast_1w_dealdays_last545day;dm_index_n.index_grp1_fst_net_ast_get_thrh_date_add_10dealdays_last545day;dm_index_n.index_grp1_firqualtotastmaxvaldate_endtdy;dm_index_n.index_grp1_cust_relacoef_since2019_retandorgcntr;dm_index_n.index_grp_apdmval_vari_last20td_compr_one_year;dm_index_n.index_grp1_fir_net_ast_reaching_thrh_date_from20231226;dm_index_n.index_grp1_astchgrate_retandorgcntr;dm_index_n.index_grp1_apdtnramt_finprd_1year;dm_index_n.index_grp1_premdlscor_ast_lvl;dm_index_n.index_grp1_ast_gt1w_trds_year;dm_index_n.index_grp_total_net_asset_fst_pos;dm_index_n.index_grp1_last30d_net_ast_ge_asgn_amt_days;dm_index_n.index_grp_add_net_asset;dm_index_n.index_grp1_yieldamt_year;dm_index_n.index_cust_prdqty_trd_hld_pos_12mth;dm_index_n.index_grp1_netast_bond_tdy_inclcash;dm_index_n.index_grp_cust_astnetinamt_mth;dm_index_n.index_grp1_nav_ostotsdscr_acctdiagclas_tdy_retandorgcntr;dm_index_n.index_grp_liab_highest_total_amount;dm_index_n.index_grp1_fir_10days_apd_net_ast_ge_20w_date_lst545days;dm_index_n.grp1_year_apd_mkt_val_all"
"203384","sparkIndex","19","dm_co_test.co_emp_seqc_csincome;dm_co_n.co_cust_addamtindx_brchexam;dm_co_n.co_listcorp_eff_empvstevt_brchexam;dm_co_n.co_seqan_exam_busiprojcnt;dm_co_n.co_seqb2_exam_csincome;dm_co_n.recmd_dir_ivst_emp_brchexam;dm_co_n.co_cust_futrib_brchexam;dm_index_n.index_grp_divd_avg_lend_scal;dm_index_n.index_grp1_margbalincrsval_margdevrela_orgseqempkpiexam_yearapd;dm_index_n.index_grp1_staff_apd_net_asset_adj;dm_index_n.index_grp1_newintroprdqty_astcstdprd_mon;dm_index_n.index_grp_staff_opt_corp_qual_cnt_year;dm_index_n.index_grp_staff_corp_bond_prof_qual_cnt_year;dm_index_n.index_grp1_saleamt_finprd_delcash_pvtibcorp_clmrela_year;dm_index_n.index_grp1_newintroprdscal_astcstdprd_mon"
"212945","sparkIndex","19","dm_co_n.co_whl_csincome_mth;dm_co_n.co_cust_addamtindx_brchexam;dm_co_n.co_listcorp_eff_empvstevt_brchexam;dm_co_n.co_seqan_exam_busiprojcnt;dm_co_n.co_seqb2_exam_csincome;dm_co_n.recmd_dir_ivst_emp_brchexam;dm_co_n.co_cust_futrib_brchexam;dm_index_n.index_grp_divd_avg_lend_scal;dm_index_n.index_grp1_staff_apd_net_asset_adj;dm_index_n.index_grp1_newintroprdqty_astcstdprd_mon;dm_index_n.index_grp_staff_opt_corp_qual_cnt_year;dm_index_n.index_grp_staff_corp_bond_prof_qual_cnt_year;dm_index_n.index_grp1_saleamt_finprd_delcash_pvtibcorp_clmrela_year;dm_index_n.index_grp1_newintroprdscal_astcstdprd_mon;dm_index_n.index_grp1_netintrincome_margdevrela_orgseqempkpiexam_yearmthavg;dm_index_n.index_grp1_margbalincrsval_margdevrela_orgseqempkpiexam_yearapd;dm_index_n.index_grp1_margbalincrsrate_margdevrela_orgseqempkpiexam_yearapd"
"100130","sparkIndex","16","dm_index_n.index_grp_gks_restore_order_pty_id;dm_index_n.index_grp_gks_restore_order_lvl3_chan;dm_index_n.index_grp_devpr_emp_id;dm_index_n.index_grp1_net_ast;dm_index_n.grp_tag_client_whth_valid_flag;dm_index_n.index_grp_gks_restore_order_bef_devpr_emp_id;dm_index_n.index_grp_gks_restore_order_fir_abt_serv_time;dm_index_n.index_grp_gks_restore_order_lock_refr_flag;dm_index_n.index_grp_gks_restore_order_lock_org_flag;dm_index_n.index_grp_gks_restore_order_fir_open_app_time;dm_index_n.index_grp_gks_restore_order_fir_call_time;dm_index_n.index_grp_gks_restore_order_sum_dura;dm_index_n.index_grp_gks_restore_order_call_times;dm_index_n.index_grp_gks_restore_order_chan;dm_index_n.index_grp_gks_restore_order_lvl1_chan;dm_index_n.index_grp_gks_restore_order_lvl2_chan"
"206467","sparkIndex","15","dm_index_n.grp_tag_client_cust_typ;dm_index_n.grp_tag_client_cust_stat;dm_index_n.index_grp1_endopenrighdate_inclhisopen;dm_index_n.grp_tag_client_risk_lvl;dm_index_n.grp_tag_client_inve_kind;dm_index_n.grp_tag_client_briefest_ivst_term;dm_index_n.index_grp_ytj_app_start_days_last_30d;dm_index_n.grp_tag_client_is_elig_std_covt_bond;dm_index_n.grp_tag_client_is_open_covt_bond_righ"
"160518","sparkIndex","14","dm_index_n.index_grp1_10to25apd_net_ast_aft_fst_pos;dm_index_n.index_grp1_net_ast;dm_index_n.index_grp2_cust_ast_algo_open_date;dm_index_n.index_grp2_cust_astacct_algo_trd_amt_day;dm_index_n.index_grp2_cust_astacct_tramt_mulplr_mkt_vwap_slip;dm_index_n.index_grp2_cust_astacct_tramt_mulplr_mkt_strk;dm_index_n.index_grp2_cust_astacct_entr_qty;dm_index_n.index_grp2_cust_astacct_trd_qty;dm_index_n.index_grp2_cust_astacct_algo_trd_net_cms;dm_index_n.index_grp2_cust_astacct_algo_net_cms_income;dm_index_n.index_grp2_cust_astacct_algo_flow_fee;dm_index_n.index_grp2_cust_astacct_algo_value_added_cms;dm_index_n.index_grp2_cust_astacct_algo_vendor_fee"
"210140","sparkIndex","13","pdata_nds.aum_org_base_info;dm_index_n.grp_tag_client_is_icc;dm_index_n.index_grp1_ast;dm_index_n.index_grp1_net_ast;dm_index_n.index_grp_trade_amt_exch_rcc;dm_index_n.index_grp1_ast_p1"
"234147","sparkIndex","13","dm_index_n.wt_cust_aum_income_fullcali_adv_linear_score;dm_index_n.wt_cust_aum_propincrsrate_fullcali_rate_linear_score;dm_index_n.wt_cust_aum_aumnetast_muyield_fullcali_linear_score;dm_index_n.wt_cust_aum_aumnav_linear_score;dm_index_n.wt_cust_aum_wxent_penetration_score;pdata_nds.aum_org_base_info"
"234954","sparkIndex","13","dm_index_n.index_grp1_ast;dm_index_n.index_grp1_cust_incm_allcali_mth_all;dm_index_n.index_grp1_cust_nav_aum_tdy_all;dm_index_n.index_grp1_cust_aumnetast_muyield_fullcali_mth_all;dm_index_n.grp_tag_client_is_kyc_accts;dm_index_n.grp_tag_client_is_impsrv;dm_index_n.grp_tag_client_cust_year_ia_nws_new_addsign;dm_index_n.grp_tag_client_cust_year_product_tenure;dm_index_n.grp_tag_indv_cust_cust_year_buyria_newadd;dm_index_n.grp_tag_client_cust_year_marg_permeation"
"153126","sparkIndex","12","dm_index_n.grp_tag_client_aum_perf_exam;dm_index_n.grp_tag_client_corp_busi_cust_type;dm_index_n.index_grp_corp_cust_in_type;dm_index_n.index_grp2_cust_org_asset_std_mthaccum_all;dm_index_n.grp_tag_client_is_cust_judic_frz"
"202091","sparkIndex","11","dm_index_n.index_grp1_emp_totincome_devrela_teamleader_mth;dm_index_n.index_grp1_income_fullcali_devrela_delredpfee_3mthavg;dm_index_n.index_grp1_emp_manp_activity_mth;dm_index_n.grp_tag_staff_human_efficiency_standard;dm_index_n.index_grp1_emp_manp_qualrate_delnotprtcexamprsn_qtrmthavg;dm_index_n.index_grp1_emp_addnetast_normdevrela_qtrmthavg;dm_index_n.index_grp1_addnetast_normdevrela_teamleader_delnotprtcexamprsn_qtrmthavg;dm_index_n.index_grp1_emp_manpcost_accotteamrelasum_mth;dm_index_n.index_grp1_emp_totincome_devrela_teamleader_ninclteamleader_mth"
"232164","sparkIndex","11","dm_index_n.index_grp2_cust_brch_avg_trd_net_asset_xsb_nts_covt_year_4th_qrt;dm_index_n.index_grp1_prdcd_prdname_mval_ostscr_otcscr_hld_posmvaltop1_tdy;dm_index_n.grp_tag_corp_cust_is_ib_kpi;dm_index_n.index_grp1_net_ast;dm_index_n.index_grp1_bal_marg_yearapd;dm_index_n.index_grp1_ast;dm_index_n.grp_tag_client_cust_purch_finprd_type;dm_index_n.grp_tag_corp_cust_is_pvt_kpi;dm_index_n.index_grp1_tbbbamt_srp_civ_tdy_retandorgcntr;dm_index_n.index_grp1_tbbbamt_srp_assm_tdy_retandorgcntr"
"148368","sparkIndex","10","pdata_n.t01_crm_ofst_oact_cust_div;dm_index_n.index_grp2_cust_org_asset_std_mthaccum_all;dm_index_n.index_grp1_lvrgastprop_prdcust_mth;dm_index_n.index_grp2_tnrprop_prdcust_mth;dm_index_n.index_grp2_apdtnramt_2026yearaumexamcali_mthapd;dm_index_n.index_grp3_org_emp_cstdprd_avgast_aum_mon;pdata_nds.aum_asset_ast_style_cd;dm_index_n.grp_tag_client_is_aum_exam_del;dm_index_n.grp_tag_client_is_cust_judic_frz"
"158480","sparkIndex","10","dm_index_n.grp_tag_client_aum_perf_exam;dm_index_n.index_grp1_cust_incm_allcali_mth_all;dm_index_n.index_grp2_emp_inr_incm_spaseat_mth;dm_index_n.index_grp3_cust_prd_emp_income_nwsincome_aumdevrela_tdy;dm_index_n.index_grp2_cust_emp_incm_plfmvabusi_aum_tdy_all"
"189181","sparkIndex","10","dm_index_n.grp_tag_client_aum_perf_exam;dm_index_n.index_grp1_cust_incm_allcali_mth_all;dm_index_n.index_grp2_emp_inr_incm_spaseat_mth;dm_index_n.index_grp3_cust_prd_emp_income_nwsincome_aumdevrela_tdy;dm_index_n.index_grp2_cust_emp_incm_plfmvabusi_aum_tdy_all"
"190435","sparkIndex","10","dm_index_n.grp_tag_client_aum_perf_exam;dm_index_n.index_grp1_cust_incm_allcali_mth_all;dm_index_n.index_grp2_emp_inr_incm_spaseat_mth;dm_index_n.index_grp3_cust_prd_emp_income_nwsincome_aumdevrela_tdy;dm_index_n.index_grp2_cust_emp_incm_plfmvabusi_aum_tdy_all;dm_index_n.grp_tag_client_corp_busi_cust_type;dm_index_n.index_grp_corp_cust_in_type;dm_index_n.index_grp2_cust_org_asset_std_mthaccum_all;dm_index_n.grp_tag_client_is_cust_judic_frz"
"224741","sparkIndex","10","dm_index_n.grp_tag_client_aum_perf_exam;dm_index_n.index_grp1_cust_incm_allcali_mth_all;dm_index_n.index_grp2_emp_inr_incm_spaseat_mth;dm_index_n.index_grp3_cust_prd_emp_income_nwsincome_aumdevrela_tdy;dm_index_n.index_grp2_cust_emp_incm_plfmvabusi_aum_tdy_all;dm_index_n.grp_tag_client_corp_busi_cust_type;dm_index_n.index_grp_corp_cust_in_type;dm_index_n.index_grp2_cust_org_asset_std_mthaccum_all;dm_index_n.grp_tag_client_is_cust_judic_frz"
"177585","hive2postgre","9","dm_om_n.aum_org_base_info;dm_om_n.aum_emp_base_info;dm_om_n.wt_taum_emp_indi_data;dm_om_n.wt_taum_emp_indi_dim_data;dm_om_n.wt_ins_indi_data_others;dm_om_n.wt_ins_indi_data"
"197997","sparkIndex","8","pdata_n.t01_crm_ofst_oact_cust_div;dm_index_n.grp_tag_client_rich_cust_flag;dm_index_n.index_grp1_ast;dm_index_n.index_grp1_tbbbamt_srp_civ_tdy_retandorgcntr;dm_index_n.index_grp_whl_prd_ret_amt;dm_index_n.grp_tag_client_is_mts_qual_pcus"
"201626","sparkIndex","8","pdata_n.t01_crm_ofst_oact_cust_div;dm_index_n.grp_tag_client_rich_cust_flag;dm_index_n.index_grp1_ast;dm_index_n.index_grp1_tbbbamt_srp_civ_tdy_retandorgcntr;dm_index_n.index_grp_whl_prd_ret_amt;dm_index_n.grp_tag_client_is_mts_qual_pcus"
"206510","sparkIndex","8","dm_index_n.grp_tag_client_cust_typ;dm_index_n.grp_tag_client_cust_stat;dm_index_n.grp_tag_client_is_elig_std_covt_bond;dm_index_n.grp_tag_client_is_open_covt_bond_righ;dm_index_n.grp_tag_client_risk_lvl;dm_index_n.grp_tag_client_inve_kind;dm_index_n.grp_tag_client_briefest_ivst_term;dm_index_n.index_grp_ytj_app_start_days_last_30d"
"187687","sparkIndex","7","pdata_n.t98_info_emp_base_ecr;pdata_n.t98_cust_info_of_res_serv_ecr;pdata_n.t00_proj_mem_info;pdata_nds.s_bg_acs_rel_emp_v;pdata_nds.f_view_act_pe_xm"
"237888","sparkIndex","7","spdata_nds.xir_acct_tree_land;spdata_n.t01_pty_name;spdata_n.t05_sb_otc_bond_trd"
"137467","sparkIndex","6","dm_index_n.grp_tag_client_is_mts_qual_pcus;dm_index_n.grp_tag_client_is_elig_match_mts;dm_index_n.index_grp1_palprop_stkast_hy_nothremark;dm_index_n.index_grp1_palprop_stkast_year_nothremark;dm_index_n.index_grp1_palprop_stkast_treyear_nothremark;dm_index_n.index_grp1_tr_stkfnd_mth_retandorgcntr_recent_1y"
"165154","sparkIndex","6","dm_index_n.index_grp3_org_emp_cstdprd_avgast_aum_mon;dm_index_n.index_grp3_apdtnramt_2026yearaumexamcali_mthapd;pdata_nds.aum_asset_ast_style_cd;dm_index_n.grp_tag_client_is_aum_exam_del;dm_index_n.grp_tag_client_is_cust_judic_frz"
"196465","sparkIndex","6","dm_index_n.index_grp_apd_net_asset;dm_index_n.index_grp1_cust_incm_allcali_mth_all;dm_index_n.index_grp1_emp_nav_aum_tdy_all;dm_index_n.index_grp1_emp_shr_aum_tdy_all;dm_index_n.index_grp_total_asset_avg_mon"
"197534","sparkIndex","6","dm_index_n.index_grp_apd_net_asset;dm_index_n.index_grp1_slp_emt_actv_date_appr_pst;dm_index_n.index_grp1_cust_incm_allcali_mth_all;dm_index_n.index_grp1_cust_nav_aum_tdy_all;dm_index_n.index_grp_total_asset_avg_mon"
"228803","sparkIndex","6","dm_index_n.index_grp_apd_net_asset;dm_index_n.index_grp1_slp_emt_actv_date_appr_pst;dm_index_n.index_grp1_cust_incm_allcali_mth_all;dm_index_n.index_grp1_cust_nav_aum_tdy_all;dm_index_n.index_grp_total_asset_avg_mon"
"237804","hive2postgre","6","dm_crd_n.wt_mts_qual_pcus_info_s;dm_crd_n.wt_crd_potential_cust_dev_label_s;dm_index_n.index_grp_mktval_nts;dm_index_n.index_grp1_ast;dm_index_n.grp_tag_client_is_a_scr_sharehold"
"239134","sparkIndex","6","dm_opt_n.cust_opt_ast_day;pdata_n.t05_fnd_chg_evt;dm_opt_n.cust_opt_base_info"
"104454","sparkIndex","5","dm_index_n.grp_tag_indv_highage_clbk_cust;dm_index_n.index_grp_highage_cust_slhp_auth_year_erlst_date;dm_index_n.index_grp_highage_cust_cstsv_clbk_year_erlst_date;dm_index_n.index_grp_highage_cust_cstsv_brch_clbk_year_erlst_date;dm_index_n.index_grp_highage_cust_oth_auth_year_erlst_date"
"136594","sparkIndex","5","dm_index_n.grp_tag_client_brk_inc_cust_type;dm_index_n.grp_tag_corp_cust_organ_cust_type;dm_index_n.grp_tag_client_is_cur_year_mts_valid_client;dm_index_n.index_grp_become_mts_valid_client_time_cur_year;dm_index_n.index_grp1_ast"
"167299","sparkIndex","5","pdata_n.t98_brok_imp_cust_list;pdata_n.t05_wecom_kyc_auth_evt"
"175419","sparkIndex","5","dm_index_n.index_grp1_cust_docbkamt_covtrmb_tdy_all;dm_index_n.index_grp1_cust_doctranoamt_covtrmb_tdy_all;dm_index_n.index_grp1_cust_incm_allcali_tdy_all;dm_index_n.index_grp_total_asset_avg_mon;dm_index_n.index_grp_trade_amt_exch"
"175427","sparkIndex","5","dm_index_n.index_grp1_cust_docbkamt_covtrmb_tdy_all;dm_index_n.index_grp1_cust_doctranoamt_covtrmb_tdy_all;dm_index_n.index_grp1_cust_incm_allcali_tdy_all;dm_index_n.index_grp_total_asset_avg_mon;dm_index_n.index_grp_trade_amt_exch"
"176693","sparkIndex","5","dm_index_n.index_grp1_cust_docbkamt_covtrmb_tdy_all;dm_index_n.index_grp1_cust_doctranoamt_covtrmb_tdy_all;dm_index_n.index_grp1_cust_incm_allcali_tdy_all;dm_index_n.index_grp_total_asset_avg_mon;dm_index_n.index_grp_trade_amt_exch"
"177390","sparkIndex","5","spdata_n.t01_pty_idty_info;spdata_n.t01_pty_addr_info;spdata_n.t01_pty_name"
"177677","sparkIndex","5","dm_index_n.index_grp1_cust_incm_allcali_mth_all;dm_index_n.index_grp_apd_net_asset;dm_index_n.index_grp_total_asset_avg_mon"
"192442","sparkIndex","5","dm_index_n.index_grp1_cust_docbkamt_covtrmb_tdy_all;dm_index_n.index_grp1_cust_doctranoamt_covtrmb_tdy_all;dm_index_n.index_grp1_cust_incm_allcali_tdy_all;dm_index_n.index_grp_total_asset_avg_mon;dm_index_n.index_grp_trade_amt_exch"
"209813","sparkIndex","5","dm_index_n.index_grp1_cust_docbkamt_covtrmb_tdy_all;dm_index_n.index_grp1_cust_doctranoamt_covtrmb_tdy_all;dm_index_n.index_grp1_cust_incm_allcali_tdy_all;dm_index_n.index_grp_total_asset_avg_mon;dm_index_n.index_grp_trade_amt_exch"
"209817","sparkIndex","5","dm_index_n.index_grp1_cust_docbkamt_covtrmb_tdy_all;dm_index_n.index_grp1_cust_doctranoamt_covtrmb_tdy_all;dm_index_n.index_grp1_cust_incm_allcali_tdy_all;dm_index_n.index_grp_total_asset_avg_mon;dm_index_n.index_grp_trade_amt_exch"
"218029","sparkIndex","5","dm_index_n.index_grp1_cust_incm_allcali_mth_all;dm_index_n.index_grp_apd_net_asset;dm_index_n.index_grp_total_asset_avg_mon"
"237113","sparkIndex","5","dm_index_n.grp_tag_client_is_cur_year_mts_valid_client;dm_index_n.index_grp_become_mts_valid_client_time_cur_year;dm_index_n.index_grp1_margliabdate_last_tdy;dm_index_n.index_grp_mts_actv_date_filter_by_client;dm_index_n.grp_tag_client_is_mts_qual_pcus"
"177395","sparkIndex","4","dm_index_n.index_grp1_cust_incm_allcali_mth_all;dm_index_n.index_grp_apd_net_asset;dm_index_n.index_grp_total_asset_avg_mon"
"177407","sparkIndex","4","dm_index_n.index_grp1_cust_incm_allcali_mth_all;dm_index_n.index_grp_apd_net_asset;dm_index_n.index_grp_total_asset_avg_mon"
"177681","sparkIndex","4","dm_index_n.index_grp1_cust_incm_allcali_mth_all;dm_index_n.index_grp_apd_net_asset;dm_index_n.index_grp_total_asset_avg_mon"
"178667","hive2postgre","4","dm_om_n.wt_taum_emp_indi_dim_data;dm_om_n.aum_emp_base_info;dm_om_n.wt_taum_emp_indi_data"
"196245","sparkIndex","4","dm_index_n.index_grp_apd_net_asset;dm_index_n.index_grp1_cust_incm_allcali_mth_all;dm_index_n.index_grp_total_asset_avg_mon"
"196248","sparkIndex","4","dm_index_n.index_grp_apd_net_asset;dm_index_n.index_grp1_cust_incm_allcali_mth_all;dm_index_n.index_grp_total_asset_avg_mon"
"197653","sparkIndex","4","dm_index_n.index_grp1_net_ast;dm_index_n.index_grp2_cust_ast_algo_open_date;dm_index_n.dm_co_t0_trd_prnt_stmt_perf"
"218037","sparkIndex","4","dm_index_n.index_grp1_cust_incm_allcali_mth_all;dm_index_n.index_grp_apd_net_asset;dm_index_n.index_grp_total_asset_avg_mon"
"237421","sparkIndex","4","pdata_nds.aum_org_base_info;dm_index_n.index_grp1_cust_incm_allcali_mth_all;dm_index_n.index_cust_prd_emp_kpiexamindx_finprd_day;dm_index_n.grp_cust_open_marg_flag"
"121469","sparkIndex","3","dm_index_n.index_grp_client_secu_mkt_val;dm_index_n.index_grp_client_mkt_val_off;dm_index_n.index_grp1_ast"
"174918","sparkIndex","3","dm_index_n.grp_tag_client_whth_valid_flag;dm_index_n.index_grp1_yield_fullacct_year_retandorgcntr;dm_index_n.index_grp1_yieldamt_fullacct_year_retandorgcntr"
"176826","hive2postgre","3","dm_om_n.wt_taum_cust_stat_rela_incm_mon;dm_om_n.wt_aum_temployee"
"212630","sparkIndex","3","pdata_n.t04_inr_org_exam_schm_use_scop;pdata_nds.aum_org_base_info;dm_co_n.co_whl_csincome_mth"
"219085","sparkIndex","3","pdata_n.t98_ficc_org_cust_info_ecr;pdata_nds.f_otc_derivative_counterparty;dm_index_n.grp_tag_cstd_mngr_cstd_ecr_id_map_flag"
"231804","sparkIndex","3","pdata_nds.aum_asset_ast_style_cd"
"231821","sparkIndex","3","pdata_nds.aum_asset_ast_style_cd"
"236483","sparkIndex","3","dm_index_n.index_grp1_cust_income_fullcali_mth_ricc"
"237505","sparkIndex","3","pdata_nds.aum_emp_base_info"
"237807","sparkIndex","3","pdata_nds.aum_emp_base_info;dm_index_n.grp_hold_relation;dm_index_n.hold_tag_relation"
"125761","hive2oracle","2","dm_crd_n.wt_mts_qual_pcus_info_s;dm_crd_n.wt_crd_potential_cust_dev_label_s"
"127360","hiveTask-2.0","2","pdata_n.t98_otc_trd_cutp_dms_info;dm_scrm_n.wt_sign_dmb_info"
"148419","sparkIndex","2","dm_index_n.index_grp3_org_emp_cstdprd_avgast_aum_year"
"149001","sparkIndex","2","pdata_nds.aum_asset_ast_style_cd"
"149048","sparkIndex","2","dm_index_n.index_grp3_org_emp_cstdprd_avgast_aum_year"
"149841","sparkIndex","2","pdata_nds.aum_asset_ast_style_cd"
"155612","sparkIndex","2","pdata_nds.aum_asset_ast_style_cd;dm_index_n.grp_tag_client_aum_asset_cbs_cust"
"161054","sparkIndex","2","dm_index_n.index_grp3_org_emp_cstdprd_avgast_aum_year"
"161152","sparkIndex","2","dm_index_n.index_grp3_org_emp_cstdprd_avgast_aum_year"
"173057","sparkIndex","2","dm_index_n.index_grp1_ast;dm_index_n.grp_tag_client_whth_valid_flag"
"174370","sparkIndex","2","dm_index_n.index_grp1_ast;dm_index_n.grp_tag_client_whth_valid_flag"
"174537","sparkIndex","2","dm_index_n.grp_tag_client_whth_valid_flag;dm_index_n.index_grp1_net_ast_net_in_amt_year"
"174933","sparkIndex","2","dm_index_n.grp_tag_client_whth_valid_flag;dm_index_n.index_grp1_yield_fullacct_year_retandorgcntr"
"197760","sparkIndex","2","dm_index_n.index_grp1_cust_incm_allcali_mth_all;dm_index_n.index_grp_total_asset_avg_mon"
"203407","sparkIndex","2","dm_co_test.co_emp_seqc_csincome"
"206314","sparkIndex","2","spdata_n.t98_our_cutp_grant_occp_det;spdata_n.t99_risk_grant_type_rel_ref"
"206482","sparkIndex","2","spdata_n.t98_our_cutp_grant_occp_det;spdata_n.t99_risk_grant_type_rel_ref"
"206877","sparkIndex","2","pdata_n.t98_kzzcxhjy_bbmd_ecr"
"222860","sparkIndex","2","pdata_n.t04_inr_org_exam_schm_use_scop;pdata_nds.aum_org_base_info"
"225926","sparkIndex","2","spdata_n.t98_our_cutp_grant_occp_det;spdata_n.t99_risk_grant_type_rel_ref"
"230016","sparkIndex","2","dm_index_n.grp_tag_client_aum_perf_exam"
"230829","hive2mysql","2","dm_dg_n.cust_rsk_lst_acct;dm_dg_n.cust_rsk_lst_certno"
"76185","hiveTask","2","pdata_n.t05_fnd_chg_evt"
"110695","hive2postgre","1","dm_om_n.wt_tcust_oth_comp_stat_mon"
"112088","sparkIndex","1","pdata_n.t03_intel_cond_ord"
"134690","sparkIndex","1","pdata_news_n.t02_oth_assm_busi_plac"
"140633","sparkIndex","1","pdata_n.t03_intel_cond_ord"
"143497","hive2postgre","1","dm_om_n.wt_taum_emp_indi_dim_data"
"149236","sparkIndex","1","dm_index_n.index_grp3_org_emp_cstdprd_avgast_aum_year"
"149951","sparkIndex","1","dm_index_n.index_grp3_org_emp_cstdprd_avgast_aum_year"
"152234","sparkIndex","1","pdata_nds.aum_asset_ast_style_cd"
"152257","sparkIndex","1","pdata_nds.aum_asset_ast_style_cd"
"158972","sparkIndex","1","dm_index_n.index_grp1_ast"
"159756","sparkIndex","1","dm_index_n.index_grp1_cust_incm_allcali_mth_all"
"160773","sparkIndex","1","dm_index_n.index_grp3_org_emp_cstdprd_avgast_aum_mon"
"160780","sparkIndex","1","dm_index_n.index_grp3_org_emp_cstdprd_avgast_aum_mon"
"162676","sparkIndex","1","dm_index_n.gfhk_currency_hkd_usd_rate"
"163640","sparkIndex","1","dm_index_n.gfhk_currency_hkd_usd_rate"
"174041","hive2postgre","1","dm_om_n.wt_cust_comm_incm_mon"
"174129","hive2postgre","1","dm_om_n.wt_cust_oth_incm_mon"
"174163","hive2postgre","1","dm_om_n.wt_cust_opt_incm_mon"
"174164","hive2postgre","1","dm_om_n.wt_cust_csfc_incm_mon"
"178833","sparkIndex","1","pdata_n.t98_ficc_prd_cust_info_ecr"
"184973","sparkIndex","1","dm_index_n.grp_tag_client_aum_perf_exam"
"184974","sparkIndex","1","dm_index_n.grp_tag_client_aum_perf_exam"
"185515","sparkIndex","1","dm_opt_n.doten_covt_exch_list"
"193642","sparkIndex","1","dm_index_n.grp_tag_client_aum_perf_exam"
"193671","sparkIndex","1","dm_index_n.grp_tag_client_aum_perf_exam"
"193686","sparkIndex","1","dm_index_n.grp_tag_client_aum_perf_exam"
"193691","sparkIndex","1","dm_index_n.grp_tag_client_aum_perf_exam"
"193766","sparkIndex","1","dm_index_n.grp_tag_client_aum_perf_exam"
"193770","sparkIndex","1","dm_index_n.grp_tag_client_aum_perf_exam"
"193799","sparkIndex","1","dm_index_n.grp_tag_client_aum_perf_exam"
"193800","sparkIndex","1","dm_index_n.grp_tag_client_aum_perf_exam"
"193805","sparkIndex","1","dm_index_n.grp_tag_client_aum_perf_exam"
"193806","sparkIndex","1","dm_index_n.grp_tag_client_aum_perf_exam"
"198806","sparkIndex","1","pdata_nds.y_bd_acc_fi_int"
"198929","sparkIndex","1","pdata_nds.y_bd_acc_fi_int"
"200199","sparkIndex","1","pdata_nds.y_bd_acc_fi_int"
"201133","sparkIndex","1","pdata_nds.y_bd_acc_fi_int"
"202286","sparkIndex","1","dm_index_n.index_grp1_cust_income_fullcali_mth_ricc"
"202510","sparkIndex","1","pdata_nds.y_bd_acc_fi_int"
"202861","sparkIndex","1","spdata_n.t01_pty_idty_info"
"205988","hive2oracle","1","dm_om_n.wt_smart_call_index_list"
"206853","sparkIndex","1","pdata_n.t03_intel_cond_ord"
"207030","sparkIndex","1","spdata_n.t01_pty_idty_info"
"218236","sparkIndex","1","pdata_nds.aum_org_base_info"
"218244","sparkIndex","1","pdata_nds.aum_org_base_info"
"218252","sparkIndex","1","pdata_nds.aum_org_base_info"
"218255","sparkIndex","1","pdata_nds.aum_org_base_info"
"218404","sparkIndex","1","pdata_nds.aum_org_base_info"
"224286","hive2postgre","1","dm_om_n.wt_smart_call_index_list"
"229443","sparkIndex","1","dm_index_n.wide_cm_cust_lst"
"230140","sparkIndex","1","dm_dg_n.dm_dbs_tbl_ct"
"232652","sparkIndex","1","pdata_nds.aum_org_base_info"
"232675","sparkIndex","1","pdata_nds.aum_org_base_info"
"232676","sparkIndex","1","pdata_nds.aum_org_base_info"
"232677","sparkIndex","1","pdata_nds.aum_org_base_info"
"234130","sparkIndex","1","pdata_nds.aum_org_base_info"
"235142","sparkIndex","1","dm_index_n.grp_tag_client_aum_perf_exam"
"235871","sparkIndex","1","dm_index_n.grp_tag_client_aum_perf_exam"
"235878","sparkIndex","1","dm_index_n.grp_tag_client_aum_perf_exam"
"236184","sparkIndex","1","pdata_nds.aum_asset_ast_style_cd"
"236275","sparkIndex","1","dm_index_n.grp_tag_client_aum_perf_exam"
"87970","hive2postgre","1","pdata_n.t98_crm_oact_pty_id_mobile_map_info"
"95834","hive2postgre","1","dm_om_n.wt_taum_emp_assn_indi_data"
"95854","hive2postgre","1","dm_om_n.wt_taum_ins_assn_indi_data"