consumerTaskId,readOccurrenceId,table,before,after,reason
"100130","task:100130:statement:0:relation:root.casttable.t.t11.t2.read.index_grp_devpr_emp_id","dm_index_n.index_grp_devpr_emp_id","CANDIDATE_ONLY","FULLY_CONFIRMED","DAY_SAME_GRAIN_POLICY"
"100130","task:100130:statement:0:relation:root.casttable.t.t11.t3.t1.read.index_grp1_net_ast","dm_index_n.index_grp1_net_ast","CANDIDATE_ONLY","UNRESOLVED","WRITE_PARTITION_VALUE_MISSING"
"110695","task:110695:statement:0:relation:root.read.wt_tcust_oth_comp_stat_mon","dm_om_n.wt_tcust_oth_comp_stat_mon","CANDIDATE_ONLY","FULLY_CONFIRMED","FIXED_RANGE_INCLUSION"
"125761","task:125761:statement:0:relation:root.c.read.wt_crd_potential_cust_dev_label_s","dm_crd_n.wt_crd_potential_cust_dev_label_s","CANDIDATE_ONLY","FULLY_CONFIRMED","DAY_SAME_GRAIN_POLICY"
"136594","task:136594:statement:0:relation:root.casttable.setop.b0.cust.cust_list.asset.read.index_grp1_ast","dm_index_n.index_grp1_ast","CANDIDATE_ONLY","UNRESOLVED","WRITE_PARTITION_VALUE_MISSING"
"143497","task:143497:statement:0:relation:root.k.read.wt_taum_emp_indi_dim_data","dm_om_n.wt_taum_emp_indi_dim_data","CANDIDATE_ONLY","UNRESOLVED","WRITE_PARTITION_VALUE_MISSING"
"144891","task:144891:statement:0:relation:root.(child).a.setop.b0.setop.b0.setop.b0.setop.b0.setop.b0.setop.b0.setop.b0.setop.b0.khxx.setop.b0.a.setop.b0.setop.b0.setop.b0.setop.b0.setop.b0.setop.b0.setop.b0.setop.b0.setop.b0.setop.b0.setop.b0.setop.b0.setop.b0.setop.b0.setop.b0.setop.b0.setop.b0.setop.b0.setop.b0.setop.b0.setop.b0.setop.b0.setop.b0.setop.b0.setop.b0.setop.b0.setop.b0.setop.b0.setop.b0.setop.b0.setop.b0.setop.b0.setop.b0.setop.b1.read.grp_tag_client_rich_cust_flag","dm_index_n.grp_tag_client_rich_cust_flag","CANDIDATE_ONLY","UNRESOLVED","READ_SCOPE_BINDING_REQUIRED"
"148368","task:148368:statement:0:relation:root.(child-2).a.setop.b0.setop.b0.setop.b0.setop.b0.setop.b0.a.s1.t1.read.index_grp2_cust_org_asset_std_mthaccum_all","dm_index_n.index_grp2_cust_org_asset_std_mthaccum_all","CANDIDATE_ONLY","UNRESOLVED","READ_SCOPE_BINDING_REQUIRED"
"148368","task:148368:statement:0:relation:root.(child-2).a.setop.b0.setop.b0.setop.b0.setop.b0.setop.b0.a.s2.setop.b0.t1.b.read.index_grp2_tnrprop_prdcust_mth","dm_index_n.index_grp2_tnrprop_prdcust_mth","CANDIDATE_ONLY","UNRESOLVED","READ_SCOPE_BINDING_REQUIRED"
"148368","task:148368:statement:0:relation:root.(child-2).a.setop.b0.setop.b0.setop.b0.setop.b0.setop.b1.read.index_grp2_apdtnramt_2026yearaumexamcali_mthapd","dm_index_n.index_grp2_apdtnramt_2026yearaumexamcali_mthapd","CANDIDATE_ONLY","UNRESOLVED","WRITE_PARTITION_VALUE_MISSING"
"148368","task:148368:statement:0:relation:root.(child-2).a.setop.b0.setop.b0.setop.b1.read.index_grp3_org_emp_cstdprd_avgast_aum_mon","dm_index_n.index_grp3_org_emp_cstdprd_avgast_aum_mon","CANDIDATE_ONLY","UNRESOLVED","READ_SCOPE_BINDING_REQUIRED"
"148368","task:148368:statement:0:relation:root.index.b.t.setop.b0.a.read.grp_tag_client_is_aum_exam_del","dm_index_n.grp_tag_client_is_aum_exam_del","CANDIDATE_ONLY","UNRESOLVED","READ_SCOPE_BINDING_REQUIRED"
"148419","task:148419:statement:0:relation:root.(child-1).setop.b1.read.index_grp3_org_emp_cstdprd_avgast_aum_year","dm_index_n.index_grp3_org_emp_cstdprd_avgast_aum_year","CANDIDATE_ONLY","UNRESOLVED","OTHER_EXPRESSION_OR_RANGE_NOT_PROVEN"
"148763","task:148763:statement:0:relation:root.(child).t.setop.b0.setop.b0.a2.a.setop.b0.a.read.grp_tag_client_corp_busi_cust_type","dm_index_n.grp_tag_client_corp_busi_cust_type","CANDIDATE_ONLY","UNRESOLVED","READ_SCOPE_BINDING_REQUIRED"
"148763","task:148763:statement:0:relation:root.(child).t.setop.b0.setop.b0.a2.a.setop.b1.a.read.grp_tag_client_corp_busi_cust_type","dm_index_n.grp_tag_client_corp_busi_cust_type","CANDIDATE_ONLY","UNRESOLVED","READ_SCOPE_BINDING_REQUIRED"
"148763","task:148763:statement:0:relation:root.(child-1).a.setop.b0.setop.b0.a.read.grp_tag_client_corp_busi_cust_type","dm_index_n.grp_tag_client_corp_busi_cust_type","CANDIDATE_ONLY","UNRESOLVED","READ_SCOPE_BINDING_REQUIRED"
"148763","task:148763:statement:0:relation:root.(child-1).a.setop.b0.setop.b1.a.read.grp_tag_client_corp_busi_cust_type","dm_index_n.grp_tag_client_corp_busi_cust_type","CANDIDATE_ONLY","UNRESOLVED","READ_SCOPE_BINDING_REQUIRED"
"148763","task:148763:statement:0:relation:root.(child-4).t.setop.b0.a.mkt.setop.b1.b.read.index_grp1_ast_apptredpbusi_guar_tdy","dm_index_n.index_grp1_ast_apptredpbusi_guar_tdy","CANDIDATE_ONLY","UNRESOLVED","READ_SCOPE_BINDING_REQUIRED"
"148763","task:148763:statement:0:relation:root.(child-4).t.setop.b1.b.read.index_grp1_cust_divd_avg_lend_scal","dm_index_n.index_grp1_cust_divd_avg_lend_scal","CANDIDATE_ONLY","UNRESOLVED","READ_SCOPE_BINDING_REQUIRED"
"148763","task:148763:statement:0:relation:root.(child-5).a1.t2.read.dm_co_t0_trd_prnt_stmt_perf","dm_index_n.dm_co_t0_trd_prnt_stmt_perf","CANDIDATE_ONLY","UNRESOLVED","READ_SCOPE_BINDING_REQUIRED"
"148763","task:148763:statement:0:relation:root.(child-6).s1.setop.b0.setop.b0.setop.b1.t1.a.opt.a.read.index_grp1_net_ast","dm_index_n.index_grp1_net_ast","CANDIDATE_ONLY","UNRESOLVED","WRITE_PARTITION_VALUE_MISSING"
"148763","task:148763:statement:0:relation:root.(child-6).s1.setop.b0.setop.b0.setop.b1.t1.b.t.a.a.read.index_grp1_net_ast","dm_index_n.index_grp1_net_ast","CANDIDATE_ONLY","UNRESOLVED","WRITE_PARTITION_VALUE_MISSING"
"148763","task:148763:statement:0:relation:root.(child-6).s2.setop.b0.t1.b.read.index_grp2_tnrprop_prdcust_mth","dm_index_n.index_grp2_tnrprop_prdcust_mth","CANDIDATE_ONLY","UNRESOLVED","READ_SCOPE_BINDING_REQUIRED"
"148763","task:148763:statement:0:relation:root.(child-7).setop.b1.a4.t.a.read.index_grp1_ast","dm_index_n.index_grp1_ast","CANDIDATE_ONLY","UNRESOLVED","WRITE_PARTITION_VALUE_MISSING"
"148763","task:148763:statement:0:relation:root.(child-7).setop.b1.a4.t.b.read.index_grp1_net_ast","dm_index_n.index_grp1_net_ast","CANDIDATE_ONLY","UNRESOLVED","WRITE_PARTITION_VALUE_MISSING"
"148763","task:148763:statement:0:relation:root.index.b.t.setop.b0.a.read.grp_tag_client_is_aum_exam_del","dm_index_n.grp_tag_client_is_aum_exam_del","CANDIDATE_ONLY","UNRESOLVED","READ_SCOPE_BINDING_REQUIRED"
"149048","task:149048:statement:0:relation:root.(child-1).setop.b1.read.index_grp3_org_emp_cstdprd_avgast_aum_year","dm_index_n.index_grp3_org_emp_cstdprd_avgast_aum_year","CANDIDATE_ONLY","UNRESOLVED","OTHER_EXPRESSION_OR_RANGE_NOT_PROVEN"
"150023","task:150023:statement:0:relation:root.casttable.idx.a.setop.b0.setop.b0.setop.b0.setop.b0.setop.b0.setop.b0.setop.b0.setop.b0.setop.b0.setop.b0.setop.b0.setop.b0.setop.b0.setop.b0.setop.b0.setop.b0.setop.b0.setop.b0.setop.b0.setop.b0.setop.b0.setop.b0.setop.b0.setop.b0.setop.b0.setop.b0.setop.b0.setop.b0.setop.b0.setop.b0.setop.b0.setop.b0.setop.b0.setop.b0.setop.b0.setop.b0.read.grp_tag_client_is_pvt_org_prd_cust","dm_index_n.grp_tag_client_is_pvt_org_prd_cust","CANDIDATE_ONLY","FULLY_CONFIRMED","DAY_SAME_GRAIN_POLICY"
"150023","task:150023:statement:0:relation:root.casttable.idx.a.setop.b0.setop.b0.setop.b0.setop.b0.setop.b0.setop.b0.setop.b0.setop.b0.setop.b0.setop.b0.setop.b0.setop.b0.setop.b0.setop.b0.setop.b0.setop.b0.setop.b0.setop.b0.setop.b0.setop.b0.setop.b0.setop.b0.setop.b0.setop.b0.setop.b0.setop.b0.setop.b0.setop.b0.setop.b0.setop.b0.setop.b0.setop.b0.setop.b0.setop.b0.setop.b0.setop.b1.read.grp_tag_client_is_bank_prd_cust","dm_index_n.grp_tag_client_is_bank_prd_cust","CANDIDATE_ONLY","FULLY_CONFIRMED","DAY_SAME_GRAIN_POLICY"
"150023","task:150023:statement:0:relation:root.casttable.idx.a.setop.b0.setop.b0.setop.b0.setop.b0.setop.b0.setop.b0.setop.b0.setop.b0.setop.b0.setop.b0.setop.b0.setop.b0.setop.b0.setop.b0.setop.b0.setop.b0.setop.b0.setop.b0.setop.b0.setop.b0.setop.b0.setop.b0.setop.b0.setop.b0.setop.b0.setop.b0.setop.b0.setop.b0.setop.b0.setop.b0.setop.b0.setop.b0.setop.b0.setop.b0.setop.b1.read.grp_tag_client_is_custd_org_cust","dm_index_n.grp_tag_client_is_custd_org_cust","CANDIDATE_ONLY","FULLY_CONFIRMED","DAY_SAME_GRAIN_POLICY"
"150023","task:150023:statement:0:relation:root.casttable.idx.a.setop.b0.setop.b0.setop.b0.setop.b0.setop.b0.setop.b0.setop.b0.setop.b0.setop.b0.setop.b0.setop.b0.setop.b0.setop.b0.setop.b0.setop.b0.setop.b0.setop.b0.setop.b0.setop.b0.setop.b0.setop.b0.setop.b0.setop.b0.setop.b0.setop.b0.setop.b0.setop.b0.setop.b0.setop.b0.setop.b0.setop.b0.setop.b0.setop.b0.setop.b1.read.grp_tag_client_is_brok_sett_cust","dm_index_n.grp_tag_client_is_brok_sett_cust","CANDIDATE_ONLY","FULLY_CONFIRMED","DAY_SAME_GRAIN_POLICY"
"150023","task:150023:statement:0:relation:root.casttable.idx.a.setop.b0.setop.b0.setop.b0.setop.b0.setop.b0.setop.b0.setop.b0.setop.b0.setop.b0.setop.b0.setop.b0.setop.b0.setop.b0.setop.b0.setop.b0.setop.b0.setop.b0.setop.b0.setop.b0.setop.b0.setop.b0.setop.b0.setop.b0.setop.b0.setop.b0.setop.b0.setop.b0.setop.b0.setop.b0.setop.b0.setop.b0.setop.b0.setop.b1.read.grp_tag_client_is_serv_cstd_cust","dm_index_n.grp_tag_client_is_serv_cstd_cust","CANDIDATE_ONLY","FULLY_CONFIRMED","DAY_SAME_GRAIN_POLICY"
"150023","task:150023:statement:0:relation:root.casttable.idx.a.setop.b0.setop.b0.setop.b0.setop.b0.setop.b0.setop.b0.setop.b0.setop.b0.setop.b0.setop.b0.setop.b0.setop.b0.setop.b0.setop.b0.setop.b0.setop.b0.setop.b0.setop.b0.setop.b0.setop.b0.setop.b0.setop.b0.setop.b0.setop.b0.setop.b0.setop.b0.setop.b0.setop.b0.setop.b0.setop.b0.setop.b0.setop.b1.read.grp_tag_client_is_tyt_cust","dm_index_n.grp_tag_client_is_tyt_cust","CANDIDATE_ONLY","FULLY_CONFIRMED","DAY_SAME_GRAIN_POLICY"
"153126","task:153126:statement:0:relation:root.(child-7).read.a","dm_index_n.grp_tag_client_aum_perf_exam","CANDIDATE_ONLY","UNRESOLVED","READ_SCOPE_BINDING_REQUIRED"
"153126","task:153126:statement:0:relation:root.(child-8).setop.b0.setop.b0.setop.b0.setop.b0.setop.b1.read.g","dm_index_n.grp_tag_client_corp_busi_cust_type","CANDIDATE_ONLY","UNRESOLVED","READ_SCOPE_BINDING_REQUIRED"
"153126","task:153126:statement:0:relation:root.(child-8).setop.b0.setop.b0.setop.b0.setop.b1.read.g","dm_index_n.grp_tag_client_corp_busi_cust_type","CANDIDATE_ONLY","UNRESOLVED","READ_SCOPE_BINDING_REQUIRED"
"153126","task:153126:statement:0:relation:root.(child-8).setop.b0.setop.b0.setop.b1.read.g","dm_index_n.index_grp_corp_cust_in_type","CANDIDATE_ONLY","UNRESOLVED","READ_SCOPE_BINDING_REQUIRED"
"153126","task:153126:statement:0:relation:root.(child-8).setop.b1.a.read.grp_tag_client_is_cust_judic_frz","dm_index_n.grp_tag_client_is_cust_judic_frz","CANDIDATE_ONLY","UNRESOLVED","READ_SCOPE_BINDING_REQUIRED"
"155612","task:155612:statement:0:relation:root.casttable.t6.a.read.grp_tag_client_aum_asset_cbs_cust","dm_index_n.grp_tag_client_aum_asset_cbs_cust","CANDIDATE_ONLY","UNRESOLVED","READ_SCOPE_BINDING_REQUIRED"
"158480","task:158480:statement:0:relation:root.(child-13).read.a","dm_index_n.grp_tag_client_aum_perf_exam","CANDIDATE_ONLY","UNRESOLVED","READ_SCOPE_BINDING_REQUIRED"
"158480","task:158480:statement:0:relation:root.(child-14).read.a","dm_index_n.index_grp1_cust_incm_allcali_mth_all","CANDIDATE_ONLY","UNRESOLVED","WRITE_PARTITION_VALUE_MISSING"
"158480","task:158480:statement:0:relation:root.(child-15).setop.b0.setop.b0.setop.b0.setop.b1.read.a","dm_index_n.index_grp3_cust_prd_emp_income_nwsincome_aumdevrela_tdy","CANDIDATE_ONLY","UNRESOLVED","WRITE_PARTITION_VALUE_MISSING"
"158480","task:158480:statement:0:relation:root.(child-6).setop.b0.setop.b0.setop.b0.setop.b1.read.a","dm_index_n.index_grp3_cust_prd_emp_income_nwsincome_aumdevrela_tdy","CANDIDATE_ONLY","UNRESOLVED","WRITE_PARTITION_VALUE_MISSING"
"158972","task:158972:statement:0:relation:root.(child-1).t6.a.read.index_grp1_ast","dm_index_n.index_grp1_ast","CANDIDATE_ONLY","UNRESOLVED","WRITE_PARTITION_VALUE_MISSING"
"160518","task:160518:statement:0:relation:root.(child).a.setop.b1.read.index_grp1_net_ast","dm_index_n.index_grp1_net_ast","CANDIDATE_ONLY","UNRESOLVED","WRITE_PARTITION_VALUE_MISSING"
"160518","task:160518:statement:0:relation:root.(child-1).sfkh.a.c2.read.index_grp2_cust_astacct_algo_trd_amt_day","dm_index_n.index_grp2_cust_astacct_algo_trd_amt_day","CANDIDATE_ONLY","UNRESOLVED","OTHER_EXPRESSION_OR_RANGE_NOT_PROVEN"
"160518","task:160518:statement:0:relation:root.(child-3).idx1.idx0.setop.b0.setop.b0.setop.b0.setop.b0.setop.b0.setop.b0.setop.b0.setop.b0.setop.b0.read.index_grp2_cust_astacct_tramt_mulplr_mkt_vwap_slip","dm_index_n.index_grp2_cust_astacct_tramt_mulplr_mkt_vwap_slip","CANDIDATE_ONLY","FULLY_CONFIRMED","FIXED_RANGE_INCLUSION"
"160518","task:160518:statement:0:relation:root.(child-3).idx1.idx0.setop.b0.setop.b0.setop.b0.setop.b0.setop.b0.setop.b0.setop.b0.setop.b0.setop.b1.read.index_grp2_cust_astacct_tramt_mulplr_mkt_strk","dm_index_n.index_grp2_cust_astacct_tramt_mulplr_mkt_strk","CANDIDATE_ONLY","FULLY_CONFIRMED","FIXED_RANGE_INCLUSION"
"160518","task:160518:statement:0:relation:root.(child-3).idx1.idx0.setop.b0.setop.b0.setop.b0.setop.b0.setop.b0.setop.b0.setop.b0.setop.b1.read.index_grp2_cust_astacct_entr_qty","dm_index_n.index_grp2_cust_astacct_entr_qty","CANDIDATE_ONLY","FULLY_CONFIRMED","FIXED_RANGE_INCLUSION"
"160518","task:160518:statement:0:relation:root.(child-3).idx1.idx0.setop.b0.setop.b0.setop.b0.setop.b0.setop.b0.setop.b0.setop.b1.read.index_grp2_cust_astacct_trd_qty","dm_index_n.index_grp2_cust_astacct_trd_qty","CANDIDATE_ONLY","FULLY_CONFIRMED","FIXED_RANGE_INCLUSION"
"160518","task:160518:statement:0:relation:root.(child-3).idx1.idx0.setop.b0.setop.b0.setop.b0.setop.b0.setop.b0.setop.b1.read.index_grp2_cust_astacct_algo_trd_amt_day","dm_index_n.index_grp2_cust_astacct_algo_trd_amt_day","CANDIDATE_ONLY","FULLY_CONFIRMED","FIXED_RANGE_INCLUSION"
"160518","task:160518:statement:0:relation:root.(child-3).idx1.idx0.setop.b0.setop.b0.setop.b0.setop.b0.setop.b1.read.index_grp2_cust_astacct_algo_trd_net_cms","dm_index_n.index_grp2_cust_astacct_algo_trd_net_cms","CANDIDATE_ONLY","FULLY_CONFIRMED","FIXED_RANGE_INCLUSION"
"160518","task:160518:statement:0:relation:root.(child-3).idx1.idx0.setop.b0.setop.b0.setop.b0.setop.b1.read.index_grp2_cust_astacct_algo_net_cms_income","dm_index_n.index_grp2_cust_astacct_algo_net_cms_income","CANDIDATE_ONLY","FULLY_CONFIRMED","FIXED_RANGE_INCLUSION"
"160518","task:160518:statement:0:relation:root.(child-3).idx1.idx0.setop.b0.setop.b0.setop.b1.read.index_grp2_cust_astacct_algo_flow_fee","dm_index_n.index_grp2_cust_astacct_algo_flow_fee","CANDIDATE_ONLY","FULLY_CONFIRMED","FIXED_RANGE_INCLUSION"
"160518","task:160518:statement:0:relation:root.(child-3).idx1.idx0.setop.b0.setop.b1.read.index_grp2_cust_astacct_algo_value_added_cms","dm_index_n.index_grp2_cust_astacct_algo_value_added_cms","CANDIDATE_ONLY","FULLY_CONFIRMED","FIXED_RANGE_INCLUSION"
"160518","task:160518:statement:0:relation:root.(child-3).idx1.idx0.setop.b1.read.index_grp2_cust_astacct_algo_vendor_fee","dm_index_n.index_grp2_cust_astacct_algo_vendor_fee","CANDIDATE_ONLY","FULLY_CONFIRMED","FIXED_RANGE_INCLUSION"
"160773","task:160773:statement:0:relation:root.(child).setop.b0.setop.b1.read.index_grp3_org_emp_cstdprd_avgast_aum_mon","dm_index_n.index_grp3_org_emp_cstdprd_avgast_aum_mon","CANDIDATE_ONLY","UNRESOLVED","READ_SCOPE_BINDING_REQUIRED"
"160780","task:160780:statement:0:relation:root.(child).setop.b0.setop.b1.read.index_grp3_org_emp_cstdprd_avgast_aum_mon","dm_index_n.index_grp3_org_emp_cstdprd_avgast_aum_mon","CANDIDATE_ONLY","UNRESOLVED","READ_SCOPE_BINDING_REQUIRED"
"161054","task:161054:statement:0:relation:root.(child-3).setop.b1.read.index_grp3_org_emp_cstdprd_avgast_aum_year","dm_index_n.index_grp3_org_emp_cstdprd_avgast_aum_year","CANDIDATE_ONLY","UNRESOLVED","OTHER_EXPRESSION_OR_RANGE_NOT_PROVEN"
"161152","task:161152:statement:0:relation:root.(child-3).setop.b1.read.index_grp3_org_emp_cstdprd_avgast_aum_year","dm_index_n.index_grp3_org_emp_cstdprd_avgast_aum_year","CANDIDATE_ONLY","UNRESOLVED","OTHER_EXPRESSION_OR_RANGE_NOT_PROVEN"
"165154","task:165154:statement:0:relation:root.(child-2).a.setop.b0.setop.b1.read.index_grp3_org_emp_cstdprd_avgast_aum_mon","dm_index_n.index_grp3_org_emp_cstdprd_avgast_aum_mon","CANDIDATE_ONLY","UNRESOLVED","READ_SCOPE_BINDING_REQUIRED"
"165154","task:165154:statement:0:relation:root.(child-2).a.setop.b1.read.index_grp3_apdtnramt_2026yearaumexamcali_mthapd","dm_index_n.index_grp3_apdtnramt_2026yearaumexamcali_mthapd","CANDIDATE_ONLY","UNRESOLVED","WRITE_PARTITION_VALUE_MISSING"
"165154","task:165154:statement:0:relation:root.index.b.t.setop.b0.a.read.grp_tag_client_is_aum_exam_del","dm_index_n.grp_tag_client_is_aum_exam_del","CANDIDATE_ONLY","UNRESOLVED","READ_SCOPE_BINDING_REQUIRED"
"167299","task:167299:statement:0:relation:root.casttable.setop.b1.t.setop.b0.setop.b0.setop.b0.setop.b0.qywx_weekly_report_com.c.read.t98_brok_imp_cust_list","pdata_n.t98_brok_imp_cust_list","CANDIDATE_ONLY","UNRESOLVED","WRITE_PARTITION_VALUE_MISSING"
"167299","task:167299:statement:0:relation:root.casttable.setop.b1.t.setop.b0.setop.b0.setop.b0.setop.b1.qywx_weekly_report_dept.t1.c.read.t98_brok_imp_cust_list","pdata_n.t98_brok_imp_cust_list","CANDIDATE_ONLY","UNRESOLVED","WRITE_PARTITION_VALUE_MISSING"
"167299","task:167299:statement:0:relation:root.casttable.setop.b1.t.setop.b0.setop.b0.setop.b1.qywx_weekly_report_org.a.t5.read.t98_brok_imp_cust_list","pdata_n.t98_brok_imp_cust_list","CANDIDATE_ONLY","UNRESOLVED","WRITE_PARTITION_VALUE_MISSING"
"167299","task:167299:statement:0:relation:root.casttable.setop.b1.t.setop.b0.setop.b0.setop.b1.qywx_weekly_report_org.e.read.t98_brok_imp_cust_list","pdata_n.t98_brok_imp_cust_list","CANDIDATE_ONLY","UNRESOLVED","WRITE_PARTITION_VALUE_MISSING"
"168458","task:168458:statement:0:relation:root.(child).typ.read.grp_tag_client_rich_cust_flag","dm_index_n.grp_tag_client_rich_cust_flag","CANDIDATE_ONLY","UNRESOLVED","READ_SCOPE_BINDING_REQUIRED"
"168458","task:168458:statement:0:relation:root.(child).vld.read.grp_tag_client_whth_valid_flag","dm_index_n.grp_tag_client_whth_valid_flag","CANDIDATE_ONLY","UNRESOLVED","READ_SCOPE_BINDING_REQUIRED"
"168458","task:168458:statement:0:relation:root.casttable.setop.b0.setop.b0.setop.b0.setop.b0.ast.read.index_grp1_ast","dm_index_n.index_grp1_ast","CANDIDATE_ONLY","UNRESOLVED","WRITE_PARTITION_VALUE_MISSING"
"168458","task:168458:statement:0:relation:root.casttable.setop.b0.setop.b0.setop.b0.setop.b1.ast.read.index_grp1_ast","dm_index_n.index_grp1_ast","CANDIDATE_ONLY","UNRESOLVED","WRITE_PARTITION_VALUE_MISSING"
"168458","task:168458:statement:0:relation:root.casttable.setop.b0.setop.b0.setop.b1.ast.read.index_grp1_ast","dm_index_n.index_grp1_ast","CANDIDATE_ONLY","UNRESOLVED","WRITE_PARTITION_VALUE_MISSING"
"168458","task:168458:statement:0:relation:root.casttable.setop.b0.setop.b1.ast.read.index_grp1_ast","dm_index_n.index_grp1_ast","CANDIDATE_ONLY","UNRESOLVED","WRITE_PARTITION_VALUE_MISSING"
"168458","task:168458:statement:0:relation:root.casttable.setop.b1.ast.read.index_grp1_ast","dm_index_n.index_grp1_ast","CANDIDATE_ONLY","UNRESOLVED","WRITE_PARTITION_VALUE_MISSING"
"173057","task:173057:statement:0:relation:root.(child).ast.read.index_grp1_ast","dm_index_n.index_grp1_ast","CANDIDATE_ONLY","UNRESOLVED","WRITE_PARTITION_VALUE_MISSING"
"173057","task:173057:statement:0:relation:root.(child).vld.read.grp_tag_client_whth_valid_flag","dm_index_n.grp_tag_client_whth_valid_flag","CANDIDATE_ONLY","UNRESOLVED","READ_SCOPE_BINDING_REQUIRED"
"174041","task:174041:statement:0:relation:root.read.wt_cust_comm_incm_mon","dm_om_n.wt_cust_comm_incm_mon","CANDIDATE_ONLY","UNRESOLVED","OTHER_EXPRESSION_OR_RANGE_NOT_PROVEN"
"174129","task:174129:statement:0:relation:root.read.wt_cust_oth_incm_mon","dm_om_n.wt_cust_oth_incm_mon","CANDIDATE_ONLY","UNRESOLVED","OTHER_EXPRESSION_OR_RANGE_NOT_PROVEN"
"174163","task:174163:statement:0:relation:root.read.wt_cust_opt_incm_mon","dm_om_n.wt_cust_opt_incm_mon","CANDIDATE_ONLY","UNRESOLVED","OTHER_EXPRESSION_OR_RANGE_NOT_PROVEN"
"174164","task:174164:statement:0:relation:root.read.wt_cust_csfc_incm_mon","dm_om_n.wt_cust_csfc_incm_mon","CANDIDATE_ONLY","UNRESOLVED","OTHER_EXPRESSION_OR_RANGE_NOT_PROVEN"
"174370","task:174370:statement:0:relation:root.(child).ast.read.index_grp1_ast","dm_index_n.index_grp1_ast","CANDIDATE_ONLY","UNRESOLVED","WRITE_PARTITION_VALUE_MISSING"
"174370","task:174370:statement:0:relation:root.(child).vld.read.grp_tag_client_whth_valid_flag","dm_index_n.grp_tag_client_whth_valid_flag","CANDIDATE_ONLY","UNRESOLVED","READ_SCOPE_BINDING_REQUIRED"
"174537","task:174537:statement:0:relation:root.(child).vld.read.grp_tag_client_whth_valid_flag","dm_index_n.grp_tag_client_whth_valid_flag","CANDIDATE_ONLY","UNRESOLVED","READ_SCOPE_BINDING_REQUIRED"
"174918","task:174918:statement:0:relation:root.(child).vld.read.grp_tag_client_whth_valid_flag","dm_index_n.grp_tag_client_whth_valid_flag","CANDIDATE_ONLY","UNRESOLVED","READ_SCOPE_BINDING_REQUIRED"
"174933","task:174933:statement:0:relation:root.(child).vld.read.grp_tag_client_whth_valid_flag","dm_index_n.grp_tag_client_whth_valid_flag","CANDIDATE_ONLY","UNRESOLVED","READ_SCOPE_BINDING_REQUIRED"
"175419","task:175419:statement:0:relation:root.casttable.covt.a.setop.b0.read.index_grp1_cust_docbkamt_covtrmb_tdy_all","dm_index_n.index_grp1_cust_docbkamt_covtrmb_tdy_all","CANDIDATE_ONLY","UNRESOLVED","WRITE_PARTITION_VALUE_MISSING"
"175419","task:175419:statement:0:relation:root.casttable.covt.a.setop.b1.read.index_grp1_cust_doctranoamt_covtrmb_tdy_all","dm_index_n.index_grp1_cust_doctranoamt_covtrmb_tdy_all","CANDIDATE_ONLY","UNRESOLVED","WRITE_PARTITION_VALUE_MISSING"
"175419","task:175419:statement:0:relation:root.casttable.incm.a.read.index_grp1_cust_incm_allcali_tdy_all","dm_index_n.index_grp1_cust_incm_allcali_tdy_all","CANDIDATE_ONLY","FULLY_CONFIRMED","FIXED_RANGE_INCLUSION"
"175419","task:175419:statement:0:relation:root.casttable.total.a.read.index_grp_total_asset_avg_mon","dm_index_n.index_grp_total_asset_avg_mon","CANDIDATE_ONLY","UNRESOLVED","WRITE_PARTITION_VALUE_MISSING"
"175427","task:175427:statement:0:relation:root.casttable.covt.a.setop.b0.read.index_grp1_cust_docbkamt_covtrmb_tdy_all","dm_index_n.index_grp1_cust_docbkamt_covtrmb_tdy_all","CANDIDATE_ONLY","UNRESOLVED","WRITE_PARTITION_VALUE_MISSING"
"175427","task:175427:statement:0:relation:root.casttable.covt.a.setop.b1.read.index_grp1_cust_doctranoamt_covtrmb_tdy_all","dm_index_n.index_grp1_cust_doctranoamt_covtrmb_tdy_all","CANDIDATE_ONLY","UNRESOLVED","WRITE_PARTITION_VALUE_MISSING"
"175427","task:175427:statement:0:relation:root.casttable.incm.a.read.index_grp1_cust_incm_allcali_tdy_all","dm_index_n.index_grp1_cust_incm_allcali_tdy_all","CANDIDATE_ONLY","FULLY_CONFIRMED","FIXED_RANGE_INCLUSION"
"175427","task:175427:statement:0:relation:root.casttable.total.a.read.index_grp_total_asset_avg_mon","dm_index_n.index_grp_total_asset_avg_mon","CANDIDATE_ONLY","UNRESOLVED","WRITE_PARTITION_VALUE_MISSING"
"176693","task:176693:statement:0:relation:root.casttable.covt.a.setop.b0.read.index_grp1_cust_docbkamt_covtrmb_tdy_all","dm_index_n.index_grp1_cust_docbkamt_covtrmb_tdy_all","CANDIDATE_ONLY","UNRESOLVED","WRITE_PARTITION_VALUE_MISSING"
"176693","task:176693:statement:0:relation:root.casttable.covt.a.setop.b1.read.index_grp1_cust_doctranoamt_covtrmb_tdy_all","dm_index_n.index_grp1_cust_doctranoamt_covtrmb_tdy_all","CANDIDATE_ONLY","UNRESOLVED","WRITE_PARTITION_VALUE_MISSING"
"176693","task:176693:statement:0:relation:root.casttable.incm.a.read.index_grp1_cust_incm_allcali_tdy_all","dm_index_n.index_grp1_cust_incm_allcali_tdy_all","CANDIDATE_ONLY","FULLY_CONFIRMED","FIXED_RANGE_INCLUSION"
"176693","task:176693:statement:0:relation:root.casttable.total.a.read.index_grp_total_asset_avg_mon","dm_index_n.index_grp_total_asset_avg_mon","CANDIDATE_ONLY","UNRESOLVED","WRITE_PARTITION_VALUE_MISSING"
"176826","task:176826:statement:0:relation:root.setop.b0.k1.read.wt_taum_cust_stat_rela_incm_mon","dm_om_n.wt_taum_cust_stat_rela_incm_mon","CANDIDATE_ONLY","UNRESOLVED","OTHER_EXPRESSION_OR_RANGE_NOT_PROVEN"
"176826","task:176826:statement:0:relation:root.setop.b1.k.read.wt_taum_cust_stat_rela_incm_mon","dm_om_n.wt_taum_cust_stat_rela_incm_mon","CANDIDATE_ONLY","UNRESOLVED","READ_SCOPE_BINDING_REQUIRED"
"177395","task:177395:statement:0:relation:root.(child).a.incm.a.read.index_grp1_cust_incm_allcali_mth_all","dm_index_n.index_grp1_cust_incm_allcali_mth_all","CANDIDATE_ONLY","UNRESOLVED","WRITE_PARTITION_VALUE_MISSING"
"177395","task:177395:statement:0:relation:root.(child).a.net.b.read.index_grp_apd_net_asset","dm_index_n.index_grp_apd_net_asset","CANDIDATE_ONLY","UNRESOLVED","WRITE_PARTITION_VALUE_MISSING"
"177395","task:177395:statement:0:relation:root.(child).a.the_net.b.read.index_grp_apd_net_asset","dm_index_n.index_grp_apd_net_asset","CANDIDATE_ONLY","UNRESOLVED","WRITE_PARTITION_VALUE_MISSING"
"177395","task:177395:statement:0:relation:root.(child).a.totl.a.read.index_grp_total_asset_avg_mon","dm_index_n.index_grp_total_asset_avg_mon","CANDIDATE_ONLY","UNRESOLVED","WRITE_PARTITION_VALUE_MISSING"
"177407","task:177407:statement:0:relation:root.(child).a.incm.a.read.index_grp1_cust_incm_allcali_mth_all","dm_index_n.index_grp1_cust_incm_allcali_mth_all","CANDIDATE_ONLY","UNRESOLVED","WRITE_PARTITION_VALUE_MISSING"
"177407","task:177407:statement:0:relation:root.(child).a.net.b.read.index_grp_apd_net_asset","dm_index_n.index_grp_apd_net_asset","CANDIDATE_ONLY","UNRESOLVED","WRITE_PARTITION_VALUE_MISSING"
"177407","task:177407:statement:0:relation:root.(child).a.the_net.b.read.index_grp_apd_net_asset","dm_index_n.index_grp_apd_net_asset","CANDIDATE_ONLY","UNRESOLVED","WRITE_PARTITION_VALUE_MISSING"
"177407","task:177407:statement:0:relation:root.(child).a.totl.a.read.index_grp_total_asset_avg_mon","dm_index_n.index_grp_total_asset_avg_mon","CANDIDATE_ONLY","UNRESOLVED","WRITE_PARTITION_VALUE_MISSING"
"177585","task:177585:statement:0:relation:root.(child-4).b.n.setop.b0.setop.b0.read.wt_taum_emp_indi_data","dm_om_n.wt_taum_emp_indi_data","CANDIDATE_ONLY","UNRESOLVED","READ_SCOPE_BINDING_REQUIRED"
"177585","task:177585:statement:0:relation:root.(child-4).b.n.setop.b1.read.wt_taum_emp_indi_dim_data","dm_om_n.wt_taum_emp_indi_dim_data","CANDIDATE_ONLY","UNRESOLVED","WRITE_PARTITION_VALUE_MISSING"
"177585","task:177585:statement:0:relation:root.t1.setop.b0.setop.b0.setop.b0.b.k.setop.b1.read.wt_ins_indi_data_others","dm_om_n.wt_ins_indi_data_others","CANDIDATE_ONLY","UNRESOLVED","READ_SCOPE_BINDING_REQUIRED"
"177585","task:177585:statement:0:relation:root.t1.setop.b0.setop.b0.setop.b1.read.wt_ins_indi_data","dm_om_n.wt_ins_indi_data","CANDIDATE_ONLY","UNRESOLVED","READ_SCOPE_BINDING_REQUIRED"
"177585","task:177585:statement:0:relation:root.t1.setop.b0.setop.b1.read.wt_ins_indi_data_others","dm_om_n.wt_ins_indi_data_others","CANDIDATE_ONLY","UNRESOLVED","READ_SCOPE_BINDING_REQUIRED"
"177677","task:177677:statement:0:relation:root.casttable.a.net.b.read.index_grp_apd_net_asset","dm_index_n.index_grp_apd_net_asset","CANDIDATE_ONLY","UNRESOLVED","WRITE_PARTITION_VALUE_MISSING"
"177677","task:177677:statement:0:relation:root.casttable.a.totl.a.read.index_grp_total_asset_avg_mon","dm_index_n.index_grp_total_asset_avg_mon","CANDIDATE_ONLY","UNRESOLVED","WRITE_PARTITION_VALUE_MISSING"
"177677","task:177677:statement:0:relation:root.casttable.b.incm.a.read.index_grp1_cust_incm_allcali_mth_all","dm_index_n.index_grp1_cust_incm_allcali_mth_all","CANDIDATE_ONLY","UNRESOLVED","WRITE_PARTITION_VALUE_MISSING"
"177677","task:177677:statement:0:relation:root.casttable.b.totl.a.read.index_grp_total_asset_avg_mon","dm_index_n.index_grp_total_asset_avg_mon","CANDIDATE_ONLY","UNRESOLVED","WRITE_PARTITION_VALUE_MISSING"
"177681","task:177681:statement:0:relation:root.casttable.a.net.b.read.index_grp_apd_net_asset","dm_index_n.index_grp_apd_net_asset","CANDIDATE_ONLY","UNRESOLVED","WRITE_PARTITION_VALUE_MISSING"
"177681","task:177681:statement:0:relation:root.casttable.a.the_net.b.read.index_grp_apd_net_asset","dm_index_n.index_grp_apd_net_asset","CANDIDATE_ONLY","UNRESOLVED","WRITE_PARTITION_VALUE_MISSING"
"177681","task:177681:statement:0:relation:root.casttable.a.totl.a.read.index_grp_total_asset_avg_mon","dm_index_n.index_grp_total_asset_avg_mon","CANDIDATE_ONLY","UNRESOLVED","WRITE_PARTITION_VALUE_MISSING"
"178667","task:178667:statement:0:relation:root.k.setop.b0.setop.b0.setop.b0.b.k.setop.b1.read.wt_taum_emp_indi_dim_data","dm_om_n.wt_taum_emp_indi_dim_data","CANDIDATE_ONLY","UNRESOLVED","WRITE_PARTITION_VALUE_MISSING"
"178667","task:178667:statement:0:relation:root.k.setop.b0.setop.b0.setop.b1.read.wt_taum_emp_indi_data","dm_om_n.wt_taum_emp_indi_data","CANDIDATE_ONLY","UNRESOLVED","READ_SCOPE_BINDING_REQUIRED"
"178667","task:178667:statement:0:relation:root.k.setop.b1.read.wt_taum_emp_indi_dim_data","dm_om_n.wt_taum_emp_indi_dim_data","CANDIDATE_ONLY","UNRESOLVED","WRITE_PARTITION_VALUE_MISSING"
"189181","task:189181:statement:0:relation:root.(child-4).setop.b0.setop.b0.setop.b0.setop.b1.read.a","dm_index_n.index_grp3_cust_prd_emp_income_nwsincome_aumdevrela_tdy","CANDIDATE_ONLY","UNRESOLVED","WRITE_PARTITION_VALUE_MISSING"
"189181","task:189181:statement:0:relation:root.(child-7).read.a","dm_index_n.grp_tag_client_aum_perf_exam","CANDIDATE_ONLY","UNRESOLVED","READ_SCOPE_BINDING_REQUIRED"
"189181","task:189181:statement:0:relation:root.(child-8).read.a","dm_index_n.index_grp1_cust_incm_allcali_mth_all","CANDIDATE_ONLY","UNRESOLVED","WRITE_PARTITION_VALUE_MISSING"
"189181","task:189181:statement:0:relation:root.(child-9).setop.b0.setop.b0.setop.b0.setop.b1.read.a","dm_index_n.index_grp3_cust_prd_emp_income_nwsincome_aumdevrela_tdy","CANDIDATE_ONLY","UNRESOLVED","WRITE_PARTITION_VALUE_MISSING"
"192442","task:192442:statement:0:relation:root.casttable.covt.a.setop.b0.read.index_grp1_cust_docbkamt_covtrmb_tdy_all","dm_index_n.index_grp1_cust_docbkamt_covtrmb_tdy_all","CANDIDATE_ONLY","UNRESOLVED","WRITE_PARTITION_VALUE_MISSING"
"192442","task:192442:statement:0:relation:root.casttable.covt.a.setop.b1.read.index_grp1_cust_doctranoamt_covtrmb_tdy_all","dm_index_n.index_grp1_cust_doctranoamt_covtrmb_tdy_all","CANDIDATE_ONLY","UNRESOLVED","WRITE_PARTITION_VALUE_MISSING"
"192442","task:192442:statement:0:relation:root.casttable.incm.a.read.index_grp1_cust_incm_allcali_tdy_all","dm_index_n.index_grp1_cust_incm_allcali_tdy_all","CANDIDATE_ONLY","FULLY_CONFIRMED","FIXED_RANGE_INCLUSION"
"192442","task:192442:statement:0:relation:root.casttable.total.a.read.index_grp_total_asset_avg_mon","dm_index_n.index_grp_total_asset_avg_mon","CANDIDATE_ONLY","UNRESOLVED","WRITE_PARTITION_VALUE_MISSING"
"196245","task:196245:statement:0:relation:root.(child).d.setop.b0.setop.b0.setop.b0.setop.b0.net.b.read.index_grp_apd_net_asset","dm_index_n.index_grp_apd_net_asset","CANDIDATE_ONLY","UNRESOLVED","WRITE_PARTITION_VALUE_MISSING"
"196245","task:196245:statement:0:relation:root.(child).incm.a.read.index_grp1_cust_incm_allcali_mth_all","dm_index_n.index_grp1_cust_incm_allcali_mth_all","CANDIDATE_ONLY","UNRESOLVED","WRITE_PARTITION_VALUE_MISSING"
"196245","task:196245:statement:0:relation:root.(child).totl.a.read.index_grp_total_asset_avg_mon","dm_index_n.index_grp_total_asset_avg_mon","CANDIDATE_ONLY","UNRESOLVED","WRITE_PARTITION_VALUE_MISSING"
"196245","task:196245:statement:0:relation:root.(child).totl_incm_year.a.read.index_grp1_cust_incm_allcali_mth_all","dm_index_n.index_grp1_cust_incm_allcali_mth_all","CANDIDATE_ONLY","UNRESOLVED","WRITE_PARTITION_VALUE_MISSING"
"196248","task:196248:statement:0:relation:root.(child).d.setop.b0.setop.b0.setop.b0.setop.b0.net.b.read.index_grp_apd_net_asset","dm_index_n.index_grp_apd_net_asset","CANDIDATE_ONLY","UNRESOLVED","WRITE_PARTITION_VALUE_MISSING"
"196248","task:196248:statement:0:relation:root.(child).incm.a.read.index_grp1_cust_incm_allcali_mth_all","dm_index_n.index_grp1_cust_incm_allcali_mth_all","CANDIDATE_ONLY","UNRESOLVED","WRITE_PARTITION_VALUE_MISSING"
"196248","task:196248:statement:0:relation:root.(child).totl.a.read.index_grp_total_asset_avg_mon","dm_index_n.index_grp_total_asset_avg_mon","CANDIDATE_ONLY","UNRESOLVED","WRITE_PARTITION_VALUE_MISSING"
"196248","task:196248:statement:0:relation:root.(child).totl_incm_year.a.read.index_grp1_cust_incm_allcali_mth_all","dm_index_n.index_grp1_cust_incm_allcali_mth_all","CANDIDATE_ONLY","UNRESOLVED","WRITE_PARTITION_VALUE_MISSING"
"196465","task:196465:statement:0:relation:root.casttable.a.d.setop.b0.setop.b0.setop.b0.setop.b0.net.b.read.index_grp_apd_net_asset","dm_index_n.index_grp_apd_net_asset","CANDIDATE_ONLY","UNRESOLVED","WRITE_PARTITION_VALUE_MISSING"
"196465","task:196465:statement:0:relation:root.casttable.a.totl.a.read.index_grp_total_asset_avg_mon","dm_index_n.index_grp_total_asset_avg_mon","CANDIDATE_ONLY","UNRESOLVED","WRITE_PARTITION_VALUE_MISSING"
"196465","task:196465:statement:0:relation:root.casttable.a.year_incm.a.read.index_grp1_cust_incm_allcali_mth_all","dm_index_n.index_grp1_cust_incm_allcali_mth_all","CANDIDATE_ONLY","UNRESOLVED","WRITE_PARTITION_VALUE_MISSING"
"197534","task:197534:statement:0:relation:root.casttable.d.setop.b0.net.b.read.index_grp_apd_net_asset","dm_index_n.index_grp_apd_net_asset","CANDIDATE_ONLY","UNRESOLVED","WRITE_PARTITION_VALUE_MISSING"
"197534","task:197534:statement:0:relation:root.casttable.totl.a.read.index_grp_total_asset_avg_mon","dm_index_n.index_grp_total_asset_avg_mon","CANDIDATE_ONLY","UNRESOLVED","WRITE_PARTITION_VALUE_MISSING"
"197534","task:197534:statement:0:relation:root.casttable.totl_incm_year.a.read.index_grp1_cust_incm_allcali_mth_all","dm_index_n.index_grp1_cust_incm_allcali_mth_all","CANDIDATE_ONLY","UNRESOLVED","WRITE_PARTITION_VALUE_MISSING"
"197653","task:197653:statement:0:relation:root.casttable.a.t.t0_cust.trd.trd.read.dm_co_t0_trd_prnt_stmt_perf","dm_index_n.dm_co_t0_trd_prnt_stmt_perf","CANDIDATE_ONLY","UNRESOLVED","OTHER_EXPRESSION_OR_RANGE_NOT_PROVEN"
"197760","task:197760:statement:0:relation:root.(child).incm.a.read.index_grp1_cust_incm_allcali_mth_all","dm_index_n.index_grp1_cust_incm_allcali_mth_all","CANDIDATE_ONLY","UNRESOLVED","WRITE_PARTITION_VALUE_MISSING"
"197760","task:197760:statement:0:relation:root.(child).totl.a.read.index_grp_total_asset_avg_mon","dm_index_n.index_grp_total_asset_avg_mon","CANDIDATE_ONLY","UNRESOLVED","WRITE_PARTITION_VALUE_MISSING"
"197997","task:197997:statement:0:relation:root.(child-3).a1.setop.b0.b.read.grp_tag_client_rich_cust_flag","dm_index_n.grp_tag_client_rich_cust_flag","CANDIDATE_ONLY","UNRESOLVED","OTHER_EXPRESSION_OR_RANGE_NOT_PROVEN"
"197997","task:197997:statement:0:relation:root.casttable.setop.b0.b.b2.read.index_grp1_ast","dm_index_n.index_grp1_ast","CANDIDATE_ONLY","UNRESOLVED","WRITE_PARTITION_VALUE_MISSING"
"197997","task:197997:statement:0:relation:root.casttable.setop.b0.b.b3.read.index_grp1_tbbbamt_srp_civ_tdy_retandorgcntr","dm_index_n.index_grp1_tbbbamt_srp_civ_tdy_retandorgcntr","CANDIDATE_ONLY","FULLY_CONFIRMED","DAY_SAME_GRAIN_POLICY"
"197997","task:197997:statement:0:relation:root.casttable.setop.b0.b.b5.read.index_grp_whl_prd_ret_amt","dm_index_n.index_grp_whl_prd_ret_amt","CANDIDATE_ONLY","UNRESOLVED","WRITE_PARTITION_VALUE_MISSING"
"197997","task:197997:statement:0:relation:root.casttable.setop.b0.e.read.grp_tag_client_is_mts_qual_pcus","dm_index_n.grp_tag_client_is_mts_qual_pcus","CANDIDATE_ONLY","FULLY_CONFIRMED","DAY_SAME_GRAIN_POLICY"
"201626","task:201626:statement:0:relation:root.(child-4).setop.b0.b.b2.read.index_grp1_ast","dm_index_n.index_grp1_ast","CANDIDATE_ONLY","UNRESOLVED","WRITE_PARTITION_VALUE_MISSING"
"201626","task:201626:statement:0:relation:root.(child-4).setop.b0.b.b3.read.index_grp1_tbbbamt_srp_civ_tdy_retandorgcntr","dm_index_n.index_grp1_tbbbamt_srp_civ_tdy_retandorgcntr","CANDIDATE_ONLY","UNRESOLVED","READ_SCOPE_BINDING_REQUIRED"
"201626","task:201626:statement:0:relation:root.(child-4).setop.b0.b.b5.read.index_grp_whl_prd_ret_amt","dm_index_n.index_grp_whl_prd_ret_amt","CANDIDATE_ONLY","UNRESOLVED","WRITE_PARTITION_VALUE_MISSING"
"201626","task:201626:statement:0:relation:root.(child-4).setop.b0.e.read.grp_tag_client_is_mts_qual_pcus","dm_index_n.grp_tag_client_is_mts_qual_pcus","CANDIDATE_ONLY","UNRESOLVED","READ_SCOPE_BINDING_REQUIRED"
"202091","task:202091:statement:0:relation:root.casttable.t3.setop.b0.setop.b0.setop.b0.setop.b0.setop.b0.setop.b0.setop.b0.setop.b0.setop.b0.setop.b0.setop.b0.setop.b0.setop.b0.setop.b0.setop.b0.setop.b0.setop.b1.read.index_grp1_emp_totincome_devrela_teamleader_mth","dm_index_n.index_grp1_emp_totincome_devrela_teamleader_mth","CANDIDATE_ONLY","UNRESOLVED","OTHER_EXPRESSION_OR_RANGE_NOT_PROVEN"
"202091","task:202091:statement:0:relation:root.casttable.t3.setop.b0.setop.b0.setop.b0.setop.b0.setop.b0.setop.b0.setop.b0.setop.b0.setop.b0.setop.b0.setop.b0.setop.b0.setop.b0.setop.b0.setop.b0.setop.b1.read.index_grp1_emp_totincome_devrela_teamleader_mth","dm_index_n.index_grp1_emp_totincome_devrela_teamleader_mth","CANDIDATE_ONLY","UNRESOLVED","OTHER_EXPRESSION_OR_RANGE_NOT_PROVEN"
"202286","task:202286:statement:0:relation:root.index.a.setop.b0.read.index_grp1_cust_income_fullcali_mth_ricc","dm_index_n.index_grp1_cust_income_fullcali_mth_ricc","CANDIDATE_ONLY","UNRESOLVED","WRITE_PARTITION_VALUE_MISSING"
"202861","task:202861:statement:0:relation:root.casttable.aaa.c.d.read.t01_pty_idty_info","spdata_n.t01_pty_idty_info","CANDIDATE_ONLY","UNRESOLVED","WRITE_PARTITION_VALUE_MISSING"
"203119","task:203119:statement:0:relation:root.(child).a1.a.read.grp_tag_client_is_net_hnw_cust","dm_index_n.grp_tag_client_is_net_hnw_cust","CANDIDATE_ONLY","UNRESOLVED","OTHER_EXPRESSION_OR_RANGE_NOT_PROVEN"
"203119","task:203119:statement:0:relation:root.(child).t1.a.setop.b0.setop.b0.setop.b0.setop.b0.setop.b0.setop.b0.setop.b0.setop.b0.setop.b0.setop.b0.setop.b0.setop.b0.setop.b0.setop.b0.setop.b0.setop.b0.setop.b0.setop.b0.setop.b0.setop.b0.setop.b0.setop.b0.setop.b0.setop.b0.setop.b0.setop.b0.setop.b1.a.setop.b0.read.index_grp1_cust_incm_allcali_mth_all","dm_index_n.index_grp1_cust_incm_allcali_mth_all","CANDIDATE_ONLY","UNRESOLVED","WRITE_PARTITION_VALUE_MISSING"
"203119","task:203119:statement:0:relation:root.(child).t1.a.setop.b0.setop.b0.setop.b0.setop.b0.setop.b0.setop.b0.setop.b0.setop.b0.setop.b0.setop.b0.setop.b0.setop.b0.setop.b0.setop.b0.setop.b0.setop.b0.setop.b0.setop.b0.setop.b0.setop.b0.setop.b0.setop.b0.setop.b0.setop.b0.setop.b0.setop.b0.setop.b1.a.setop.b1.read.index_grp1_cust_incm_allcali_mth_all","dm_index_n.index_grp1_cust_incm_allcali_mth_all","CANDIDATE_ONLY","UNRESOLVED","WRITE_PARTITION_VALUE_MISSING"
"203119","task:203119:statement:0:relation:root.(child).t1.a.setop.b0.setop.b0.setop.b0.setop.b0.setop.b0.setop.b0.setop.b0.setop.b0.setop.b0.setop.b0.setop.b0.setop.b0.setop.b0.setop.b0.setop.b0.setop.b1.read.index_grp_apd_net_asset","dm_index_n.index_grp_apd_net_asset","CANDIDATE_ONLY","UNRESOLVED","WRITE_PARTITION_VALUE_MISSING"
"203119","task:203119:statement:0:relation:root.(child).t1.a.setop.b0.setop.b0.setop.b0.setop.b0.setop.b0.setop.b0.setop.b0.setop.b0.setop.b0.setop.b0.setop.b0.setop.b0.setop.b0.setop.b0.setop.b1.hh.read.hold_tag_relation","dm_index_n.hold_tag_relation","CANDIDATE_ONLY","FULLY_CONFIRMED","DAY_SAME_GRAIN_POLICY"
"203119","task:203119:statement:0:relation:root.(child).t1.a.setop.b0.setop.b0.setop.b0.setop.b0.setop.b0.setop.b0.setop.b0.setop.b0.setop.b0.setop.b0.setop.b1.read.grp_tag_client_cust_whth_open_bse_righ","dm_index_n.grp_tag_client_cust_whth_open_bse_righ","CANDIDATE_ONLY","FULLY_CONFIRMED","DAY_SAME_GRAIN_POLICY"
"203119","task:203119:statement:0:relation:root.(child).t1.a.setop.b0.setop.b0.setop.b0.setop.b0.setop.b0.setop.b0.setop.b0.setop.b1.read.grp_cust_open_marg_flag","dm_index_n.grp_cust_open_marg_flag","CANDIDATE_ONLY","FULLY_CONFIRMED","DAY_SAME_GRAIN_POLICY"
"203119","task:203119:statement:0:relation:root.(child).t1.a.setop.b0.setop.b0.setop.b0.setop.b0.setop.b0.setop.b0.setop.b1.read.grp_tag_client_whth_pvt_qual_ivstr","dm_index_n.grp_tag_client_whth_pvt_qual_ivstr","CANDIDATE_ONLY","FULLY_CONFIRMED","DAY_SAME_GRAIN_POLICY"
"203119","task:203119:statement:0:relation:root.(child-1).a.a1.a.read.grp_tag_client_is_net_hnw_cust","dm_index_n.grp_tag_client_is_net_hnw_cust","CANDIDATE_ONLY","UNRESOLVED","READ_SCOPE_BINDING_REQUIRED"
"203384","task:203384:statement:0:relation:root.casttable.u.setop.b0.setop.b0.setop.b0.setop.b0.setop.b0.setop.b0.setop.b0.setop.b1.read.co_seqan_exam_busiprojcnt","dm_co_n.co_seqan_exam_busiprojcnt","CANDIDATE_ONLY","UNRESOLVED","OTHER_EXPRESSION_OR_RANGE_NOT_PROVEN"
"203384","task:203384:statement:0:relation:root.casttable.u.setop.b0.setop.b0.setop.b0.setop.b0.setop.b0.setop.b0.setop.b1.read.co_seqan_exam_busiprojcnt","dm_co_n.co_seqan_exam_busiprojcnt","CANDIDATE_ONLY","UNRESOLVED","OTHER_EXPRESSION_OR_RANGE_NOT_PROVEN"
"203384","task:203384:statement:0:relation:root.casttable.u.setop.b0.setop.b0.setop.b0.setop.b0.setop.b0.setop.b1.read.co_seqan_exam_busiprojcnt","dm_co_n.co_seqan_exam_busiprojcnt","CANDIDATE_ONLY","UNRESOLVED","OTHER_EXPRESSION_OR_RANGE_NOT_PROVEN"
"203384","task:203384:statement:0:relation:root.casttable.u.setop.b0.setop.b0.setop.b0.setop.b0.setop.b1.read.co_seqan_exam_busiprojcnt","dm_co_n.co_seqan_exam_busiprojcnt","CANDIDATE_ONLY","UNRESOLVED","OTHER_EXPRESSION_OR_RANGE_NOT_PROVEN"
"203384","task:203384:statement:0:relation:root.casttable.u.setop.b0.setop.b0.setop.b0.setop.b1.read.co_seqb2_exam_csincome","dm_co_n.co_seqb2_exam_csincome","CANDIDATE_ONLY","UNRESOLVED","OTHER_EXPRESSION_OR_RANGE_NOT_PROVEN"
"203384","task:203384:statement:0:relation:root.casttable.u.setop.b0.setop.b0.setop.b1.read.recmd_dir_ivst_emp_brchexam","dm_co_n.recmd_dir_ivst_emp_brchexam","CANDIDATE_ONLY","UNRESOLVED","OTHER_EXPRESSION_OR_RANGE_NOT_PROVEN"
"203384","task:203384:statement:0:relation:root.casttable.u.setop.b1.val.setop.b0.setop.b0.setop.b0.setop.b0.setop.b0.setop.b0.setop.b1.read.index_grp1_staff_apd_net_asset_adj","dm_index_n.index_grp1_staff_apd_net_asset_adj","CANDIDATE_ONLY","UNRESOLVED","WRITE_PARTITION_VALUE_MISSING"
"203958","task:203958:statement:0:relation:root.casttable.t3.setop.b0.setop.b0.setop.b0.setop.b0.setop.b0.setop.b0.setop.b0.setop.b0.setop.b0.setop.b0.setop.b0.setop.b0.setop.b0.setop.b0.setop.b0.setop.b0.setop.b0.setop.b0.setop.b0.setop.b0.setop.b0.setop.b1.read.index_grp1_org_newsign_custcount_ianws_mth_ricc","dm_index_n.index_grp1_org_newsign_custcount_ianws_mth_ricc","CANDIDATE_ONLY","UNRESOLVED","OTHER_EXPRESSION_OR_RANGE_NOT_PROVEN"
"203958","task:203958:statement:0:relation:root.casttable.t3.setop.b0.setop.b0.setop.b0.setop.b0.setop.b0.setop.b0.setop.b0.setop.b0.setop.b0.setop.b0.setop.b0.setop.b0.setop.b0.setop.b0.setop.b0.setop.b0.setop.b0.setop.b0.setop.b0.setop.b0.setop.b1.read.index_grp1_org_newsign_custcount_ianws_mth_ricc","dm_index_n.index_grp1_org_newsign_custcount_ianws_mth_ricc","CANDIDATE_ONLY","FULLY_CONFIRMED","FIXED_RANGE_INCLUSION"
"203958","task:203958:statement:0:relation:root.casttable.t3.setop.b0.setop.b0.setop.b0.setop.b0.setop.b0.setop.b0.setop.b0.setop.b0.setop.b0.setop.b0.setop.b0.setop.b0.setop.b0.setop.b0.setop.b0.setop.b1.read.index_grp1_org_addcust_optbusi_oactrela_mth_ricc","dm_index_n.index_grp1_org_addcust_optbusi_oactrela_mth_ricc","CANDIDATE_ONLY","UNRESOLVED","OTHER_EXPRESSION_OR_RANGE_NOT_PROVEN"
"203958","task:203958:statement:0:relation:root.casttable.t3.setop.b0.setop.b0.setop.b0.setop.b0.setop.b0.setop.b0.setop.b0.setop.b0.setop.b0.setop.b0.setop.b0.setop.b0.setop.b0.setop.b0.setop.b1.read.index_grp1_org_addcust_optbusi_oactrela_mth_ricc","dm_index_n.index_grp1_org_addcust_optbusi_oactrela_mth_ricc","CANDIDATE_ONLY","FULLY_CONFIRMED","FIXED_RANGE_INCLUSION"
"203958","task:203958:statement:0:relation:root.casttable.t3.setop.b0.setop.b0.setop.b0.setop.b0.setop.b0.setop.b0.setop.b0.setop.b0.setop.b0.setop.b0.setop.b0.setop.b0.setop.b1.read.index_grp1_org_addcust_buyria_oactrela_mth_ricc","dm_index_n.index_grp1_org_addcust_buyria_oactrela_mth_ricc","CANDIDATE_ONLY","UNRESOLVED","OTHER_EXPRESSION_OR_RANGE_NOT_PROVEN"
"203958","task:203958:statement:0:relation:root.casttable.t3.setop.b0.setop.b0.setop.b0.setop.b0.setop.b0.setop.b0.setop.b0.setop.b0.setop.b0.setop.b0.setop.b0.setop.b1.read.index_grp1_org_addcust_buyria_oactrela_mth_ricc","dm_index_n.index_grp1_org_addcust_buyria_oactrela_mth_ricc","CANDIDATE_ONLY","FULLY_CONFIRMED","FIXED_RANGE_INCLUSION"
"203979","task:203979:statement:0:relation:root.casttable.t3.setop.b0.setop.b0.setop.b0.setop.b0.setop.b0.setop.b0.setop.b0.setop.b0.setop.b0.setop.b0.setop.b0.setop.b0.setop.b0.setop.b0.setop.b0.setop.b0.setop.b0.setop.b0.setop.b0.setop.b0.setop.b1.read.index_grp1_emp_newsign_custcount_ianws_mth_ricc","dm_index_n.index_grp1_emp_newsign_custcount_ianws_mth_ricc","CANDIDATE_ONLY","UNRESOLVED","OTHER_EXPRESSION_OR_RANGE_NOT_PROVEN"
"203979","task:203979:statement:0:relation:root.casttable.t3.setop.b0.setop.b0.setop.b0.setop.b0.setop.b0.setop.b0.setop.b0.setop.b0.setop.b0.setop.b0.setop.b0.setop.b0.setop.b0.setop.b0.setop.b0.setop.b0.setop.b0.setop.b0.setop.b0.setop.b1.read.index_grp1_emp_newsign_custcount_ianws_mth_ricc","dm_index_n.index_grp1_emp_newsign_custcount_ianws_mth_ricc","CANDIDATE_ONLY","FULLY_CONFIRMED","FIXED_RANGE_INCLUSION"
"203979","task:203979:statement:0:relation:root.casttable.t3.setop.b0.setop.b0.setop.b0.setop.b0.setop.b0.setop.b0.setop.b0.setop.b0.setop.b0.setop.b0.setop.b0.setop.b0.setop.b0.setop.b0.setop.b1.read.index_grp1_emp_addcust_optbusi_optdevrela_mth_ricc","dm_index_n.index_grp1_emp_addcust_optbusi_optdevrela_mth_ricc","CANDIDATE_ONLY","UNRESOLVED","OTHER_EXPRESSION_OR_RANGE_NOT_PROVEN"
"203979","task:203979:statement:0:relation:root.casttable.t3.setop.b0.setop.b0.setop.b0.setop.b0.setop.b0.setop.b0.setop.b0.setop.b0.setop.b0.setop.b0.setop.b0.setop.b0.setop.b0.setop.b1.read.index_grp1_emp_addcust_optbusi_optdevrela_mth_ricc","dm_index_n.index_grp1_emp_addcust_optbusi_optdevrela_mth_ricc","CANDIDATE_ONLY","FULLY_CONFIRMED","FIXED_RANGE_INCLUSION"
"203979","task:203979:statement:0:relation:root.casttable.t3.setop.b0.setop.b0.setop.b0.setop.b0.setop.b0.setop.b0.setop.b0.setop.b0.setop.b0.setop.b0.setop.b0.setop.b1.read.index_grp1_emp_addcust_buyria_astpkgrela_mth_ricc","dm_index_n.index_grp1_emp_addcust_buyria_astpkgrela_mth_ricc","CANDIDATE_ONLY","UNRESOLVED","OTHER_EXPRESSION_OR_RANGE_NOT_PROVEN"
"203979","task:203979:statement:0:relation:root.casttable.t3.setop.b0.setop.b0.setop.b0.setop.b0.setop.b0.setop.b0.setop.b0.setop.b0.setop.b0.setop.b0.setop.b1.read.index_grp1_emp_addcust_buyria_astpkgrela_mth_ricc","dm_index_n.index_grp1_emp_addcust_buyria_astpkgrela_mth_ricc","CANDIDATE_ONLY","FULLY_CONFIRMED","FIXED_RANGE_INCLUSION"
"205988","task:205988:statement:0:relation:root.setop.b0.setop.b0.read.t1","dm_om_n.wt_smart_call_index_list","CANDIDATE_ONLY","FULLY_CONFIRMED","DAY_SAME_GRAIN_POLICY"
"206467","task:206467:statement:0:relation:root.casttable.tt.setop.b0.tt0.t7.a.read.grp_tag_client_inve_kind","dm_index_n.grp_tag_client_inve_kind","CANDIDATE_ONLY","FULLY_CONFIRMED","DAY_SAME_GRAIN_POLICY"
"206467","task:206467:statement:0:relation:root.casttable.tt.setop.b0.tt0.t8.a.read.grp_tag_client_briefest_ivst_term","dm_index_n.grp_tag_client_briefest_ivst_term","CANDIDATE_ONLY","FULLY_CONFIRMED","DAY_SAME_GRAIN_POLICY"
"206467","task:206467:statement:0:relation:root.casttable.tt.setop.b1.tt0.t7.a.read.grp_tag_client_inve_kind","dm_index_n.grp_tag_client_inve_kind","CANDIDATE_ONLY","UNRESOLVED","READ_SCOPE_BINDING_REQUIRED"
"206467","task:206467:statement:0:relation:root.casttable.tt.setop.b1.tt0.t8.a.read.grp_tag_client_briefest_ivst_term","dm_index_n.grp_tag_client_briefest_ivst_term","CANDIDATE_ONLY","UNRESOLVED","READ_SCOPE_BINDING_REQUIRED"
"206510","task:206510:statement:0:relation:root.casttable.tt0.t7.a.read.grp_tag_client_inve_kind","dm_index_n.grp_tag_client_inve_kind","CANDIDATE_ONLY","UNRESOLVED","READ_SCOPE_BINDING_REQUIRED"
"206510","task:206510:statement:0:relation:root.casttable.tt0.t8.a.read.grp_tag_client_briefest_ivst_term","dm_index_n.grp_tag_client_briefest_ivst_term","CANDIDATE_ONLY","UNRESOLVED","READ_SCOPE_BINDING_REQUIRED"
"207030","task:207030:statement:0:relation:root.casttable.aaa.c.d.read.t01_pty_idty_info","spdata_n.t01_pty_idty_info","CANDIDATE_ONLY","UNRESOLVED","WRITE_PARTITION_VALUE_MISSING"
"207070","task:207070:statement:0:relation:root.casttable.t1.a.setop.b0.setop.b0.setop.b0.setop.b0.setop.b0.setop.b0.setop.b0.setop.b0.setop.b0.setop.b0.setop.b0.setop.b0.setop.b0.setop.b0.setop.b0.setop.b1.read.index_grp1_org_newsign_custcount_ianws_mth_ricc","dm_index_n.index_grp1_org_newsign_custcount_ianws_mth_ricc","CANDIDATE_ONLY","UNRESOLVED","OTHER_EXPRESSION_OR_RANGE_NOT_PROVEN"
"207070","task:207070:statement:0:relation:root.casttable.t1.a.setop.b0.setop.b0.setop.b0.setop.b0.setop.b0.setop.b0.setop.b0.setop.b0.setop.b0.setop.b0.setop.b0.setop.b0.setop.b0.setop.b0.setop.b1.read.index_grp1_org_newsign_custcount_ianws_mth_ricc","dm_index_n.index_grp1_org_newsign_custcount_ianws_mth_ricc","CANDIDATE_ONLY","FULLY_CONFIRMED","FIXED_RANGE_INCLUSION"
"207070","task:207070:statement:0:relation:root.casttable.t1.a.setop.b0.setop.b0.setop.b0.setop.b0.setop.b0.setop.b0.setop.b0.setop.b0.setop.b0.setop.b0.setop.b0.setop.b1.read.index_grp1_org_addcust_optbusi_oactrela_mth_ricc","dm_index_n.index_grp1_org_addcust_optbusi_oactrela_mth_ricc","CANDIDATE_ONLY","UNRESOLVED","OTHER_EXPRESSION_OR_RANGE_NOT_PROVEN"
"207070","task:207070:statement:0:relation:root.casttable.t1.a.setop.b0.setop.b0.setop.b0.setop.b0.setop.b0.setop.b0.setop.b0.setop.b0.setop.b0.setop.b0.setop.b1.read.index_grp1_org_addcust_optbusi_oactrela_mth_ricc","dm_index_n.index_grp1_org_addcust_optbusi_oactrela_mth_ricc","CANDIDATE_ONLY","FULLY_CONFIRMED","FIXED_RANGE_INCLUSION"
"207070","task:207070:statement:0:relation:root.casttable.t1.a.setop.b0.setop.b0.setop.b0.setop.b0.setop.b0.setop.b0.setop.b0.setop.b0.setop.b0.setop.b1.read.index_grp1_org_addcust_buyria_oactrela_mth_ricc","dm_index_n.index_grp1_org_addcust_buyria_oactrela_mth_ricc","CANDIDATE_ONLY","UNRESOLVED","OTHER_EXPRESSION_OR_RANGE_NOT_PROVEN"
"207070","task:207070:statement:0:relation:root.casttable.t1.a.setop.b0.setop.b0.setop.b0.setop.b0.setop.b0.setop.b0.setop.b0.setop.b0.setop.b1.read.index_grp1_org_addcust_buyria_oactrela_mth_ricc","dm_index_n.index_grp1_org_addcust_buyria_oactrela_mth_ricc","CANDIDATE_ONLY","FULLY_CONFIRMED","FIXED_RANGE_INCLUSION"
"207271","task:207271:statement:0:relation:root.casttable.t1.a.setop.b0.setop.b0.setop.b0.setop.b0.setop.b0.setop.b0.setop.b0.setop.b0.setop.b0.setop.b0.setop.b0.setop.b1.read.index_grp1_emp_newsign_custcount_ianws_mth_ricc","dm_index_n.index_grp1_emp_newsign_custcount_ianws_mth_ricc","CANDIDATE_ONLY","UNRESOLVED","OTHER_EXPRESSION_OR_RANGE_NOT_PROVEN"
"207271","task:207271:statement:0:relation:root.casttable.t1.a.setop.b0.setop.b0.setop.b0.setop.b0.setop.b0.setop.b0.setop.b0.setop.b0.setop.b0.setop.b0.setop.b1.read.index_grp1_emp_newsign_custcount_ianws_mth_ricc","dm_index_n.index_grp1_emp_newsign_custcount_ianws_mth_ricc","CANDIDATE_ONLY","FULLY_CONFIRMED","FIXED_RANGE_INCLUSION"
"207271","task:207271:statement:0:relation:root.casttable.t1.a.setop.b0.setop.b0.setop.b0.setop.b0.setop.b0.setop.b0.setop.b0.setop.b1.read.index_grp1_emp_addcust_optbusi_optdevrela_mth_ricc","dm_index_n.index_grp1_emp_addcust_optbusi_optdevrela_mth_ricc","CANDIDATE_ONLY","UNRESOLVED","OTHER_EXPRESSION_OR_RANGE_NOT_PROVEN"
"207271","task:207271:statement:0:relation:root.casttable.t1.a.setop.b0.setop.b0.setop.b0.setop.b0.setop.b0.setop.b0.setop.b1.read.index_grp1_emp_addcust_optbusi_optdevrela_mth_ricc","dm_index_n.index_grp1_emp_addcust_optbusi_optdevrela_mth_ricc","CANDIDATE_ONLY","FULLY_CONFIRMED","FIXED_RANGE_INCLUSION"
"207271","task:207271:statement:0:relation:root.casttable.t1.a.setop.b0.setop.b0.setop.b0.setop.b0.setop.b0.setop.b1.read.index_grp1_emp_addcust_buyria_astpkgrela_mth_ricc","dm_index_n.index_grp1_emp_addcust_buyria_astpkgrela_mth_ricc","CANDIDATE_ONLY","UNRESOLVED","OTHER_EXPRESSION_OR_RANGE_NOT_PROVEN"
"207271","task:207271:statement:0:relation:root.casttable.t1.a.setop.b0.setop.b0.setop.b0.setop.b0.setop.b1.read.index_grp1_emp_addcust_buyria_astpkgrela_mth_ricc","dm_index_n.index_grp1_emp_addcust_buyria_astpkgrela_mth_ricc","CANDIDATE_ONLY","FULLY_CONFIRMED","FIXED_RANGE_INCLUSION"
"207665","task:207665:statement:0:relation:root.(child).t.setop.b0.setop.b0.setop.b0.setop.b0.setop.b0.setop.b0.setop.b0.setop.b0.setop.b0.setop.b0.setop.b0.setop.b0.setop.b0.setop.b0.setop.b0.setop.b0.setop.b0.setop.b0.setop.b0.setop.b0.setop.b0.setop.b0.setop.b0.setop.b0.setop.b0.setop.b0.setop.b0.setop.b0.setop.b0.setop.b0.setop.b0.setop.b0.setop.b0.setop.b0.setop.b0.setop.b0.setop.b0.setop.b0.setop.b0.setop.b0.setop.b0.setop.b0.setop.b0.setop.b1.read.index_grp1_cust_income_fullcali_mth_ricc","dm_index_n.index_grp1_cust_income_fullcali_mth_ricc","CANDIDATE_ONLY","UNRESOLVED","WRITE_PARTITION_VALUE_MISSING"
"207665","task:207665:statement:0:relation:root.(child).t.setop.b0.setop.b0.setop.b0.setop.b0.setop.b0.setop.b0.setop.b0.setop.b0.setop.b0.setop.b0.setop.b0.setop.b0.setop.b0.setop.b0.setop.b0.setop.b0.setop.b0.setop.b0.setop.b0.setop.b0.setop.b0.setop.b0.setop.b0.setop.b0.setop.b0.setop.b0.setop.b0.setop.b0.setop.b0.setop.b0.setop.b0.setop.b0.setop.b0.setop.b0.setop.b0.setop.b0.setop.b0.setop.b0.setop.b0.setop.b0.setop.b0.setop.b0.setop.b1.read.index_grp1_cust_income_fullcali_mth_ricc","dm_index_n.index_grp1_cust_income_fullcali_mth_ricc","CANDIDATE_ONLY","UNRESOLVED","WRITE_PARTITION_VALUE_MISSING"
"207665","task:207665:statement:0:relation:root.(child).t.setop.b0.setop.b0.setop.b0.setop.b0.setop.b0.setop.b0.setop.b0.setop.b0.setop.b0.setop.b0.setop.b0.setop.b0.setop.b0.setop.b0.setop.b0.setop.b0.setop.b0.setop.b0.setop.b0.setop.b0.setop.b1.t2.read.grp_tag_client_cust_year_ia_nws_new_addsign","dm_index_n.grp_tag_client_cust_year_ia_nws_new_addsign","CANDIDATE_ONLY","UNRESOLVED","READ_SCOPE_BINDING_REQUIRED"
"207665","task:207665:statement:0:relation:root.(child).t.setop.b0.setop.b0.setop.b0.setop.b0.setop.b0.setop.b0.setop.b0.setop.b0.setop.b0.setop.b0.setop.b0.setop.b0.setop.b0.setop.b0.setop.b0.setop.b0.setop.b0.setop.b0.setop.b0.setop.b1.t2.read.grp_tag_client_cust_year_ia_nws_new_addsign","dm_index_n.grp_tag_client_cust_year_ia_nws_new_addsign","CANDIDATE_ONLY","UNRESOLVED","READ_SCOPE_BINDING_REQUIRED"
"207665","task:207665:statement:0:relation:root.(child).t.setop.b0.setop.b0.setop.b0.setop.b0.setop.b0.setop.b0.setop.b0.setop.b0.setop.b0.setop.b0.setop.b0.setop.b0.setop.b0.setop.b0.setop.b0.setop.b0.setop.b0.setop.b1.t2.read.grp_tag_client_cust_year_product_tenure","dm_index_n.grp_tag_client_cust_year_product_tenure","CANDIDATE_ONLY","UNRESOLVED","READ_SCOPE_BINDING_REQUIRED"
"207665","task:207665:statement:0:relation:root.(child).t.setop.b0.setop.b0.setop.b0.setop.b0.setop.b0.setop.b0.setop.b0.setop.b0.setop.b0.setop.b0.setop.b0.setop.b0.setop.b0.setop.b0.setop.b0.setop.b0.setop.b1.t2.read.grp_tag_client_cust_year_product_tenure","dm_index_n.grp_tag_client_cust_year_product_tenure","CANDIDATE_ONLY","UNRESOLVED","READ_SCOPE_BINDING_REQUIRED"
"207665","task:207665:statement:0:relation:root.(child).t.setop.b0.setop.b0.setop.b0.setop.b0.setop.b0.setop.b0.setop.b0.setop.b0.setop.b0.setop.b0.setop.b0.setop.b0.setop.b0.setop.b0.setop.b1.a1.read.grp_tag_client_is_opt_valid_client","dm_index_n.grp_tag_client_is_opt_valid_client","CANDIDATE_ONLY","FULLY_CONFIRMED","DAY_SAME_GRAIN_POLICY"
"207665","task:207665:statement:0:relation:root.(child).t.setop.b0.setop.b0.setop.b0.setop.b0.setop.b0.setop.b0.setop.b0.setop.b0.setop.b0.setop.b0.setop.b0.setop.b0.setop.b0.setop.b1.a1.read.grp_tag_client_is_opt_valid_client","dm_index_n.grp_tag_client_is_opt_valid_client","CANDIDATE_ONLY","FULLY_CONFIRMED","DAY_SAME_GRAIN_POLICY"
"207665","task:207665:statement:0:relation:root.(child).t.setop.b0.setop.b0.setop.b0.setop.b0.setop.b0.setop.b0.setop.b0.setop.b0.setop.b0.setop.b0.setop.b0.setop.b0.setop.b1.a1.read.grp_tag_client_is_opt_valid_client","dm_index_n.grp_tag_client_is_opt_valid_client","CANDIDATE_ONLY","FULLY_CONFIRMED","DAY_SAME_GRAIN_POLICY"
"207665","task:207665:statement:0:relation:root.(child).t.setop.b0.setop.b0.setop.b0.setop.b0.setop.b0.setop.b0.setop.b0.setop.b0.setop.b0.setop.b0.setop.b0.setop.b1.t2.read.grp_tag_indv_cust_cust_year_buyria_newadd","dm_index_n.grp_tag_indv_cust_cust_year_buyria_newadd","CANDIDATE_ONLY","UNRESOLVED","READ_SCOPE_BINDING_REQUIRED"
"207665","task:207665:statement:0:relation:root.(child).t.setop.b0.setop.b0.setop.b0.setop.b0.setop.b0.setop.b0.setop.b0.setop.b0.setop.b0.setop.b0.setop.b1.t2.read.grp_tag_indv_cust_cust_year_buyria_newadd","dm_index_n.grp_tag_indv_cust_cust_year_buyria_newadd","CANDIDATE_ONLY","UNRESOLVED","READ_SCOPE_BINDING_REQUIRED"
"208353","task:208353:statement:0:relation:root.(child).a.setop.b0.setop.b0.setop.b0.setop.b0.setop.b0.setop.b0.setop.b0.setop.b0.setop.b0.setop.b0.setop.b0.setop.b0.setop.b0.setop.b0.setop.b0.setop.b0.setop.b0.setop.b0.setop.b0.setop.b0.setop.b1.read.index_grp1_cust_incm_fullcali_qtr_all","dm_index_n.index_grp1_cust_incm_fullcali_qtr_all","CANDIDATE_ONLY","UNRESOLVED","WRITE_PARTITION_VALUE_MISSING"
"208353","task:208353:statement:0:relation:root.(child).a.setop.b0.setop.b0.setop.b0.setop.b0.setop.b0.setop.b0.setop.b0.setop.b0.setop.b0.setop.b0.setop.b0.setop.b0.setop.b0.setop.b0.setop.b0.setop.b0.setop.b0.setop.b0.setop.b0.setop.b1.read.grp_cust_open_gem_flag","dm_index_n.grp_cust_open_gem_flag","CANDIDATE_ONLY","UNRESOLVED","OTHER_EXPRESSION_OR_RANGE_NOT_PROVEN"
"208353","task:208353:statement:0:relation:root.(child).a.setop.b0.setop.b0.setop.b0.setop.b0.setop.b0.setop.b0.setop.b0.setop.b0.setop.b0.setop.b0.setop.b0.setop.b0.setop.b0.setop.b0.setop.b0.setop.b0.setop.b0.setop.b0.setop.b1.read.grp_tag_client_open_stib","dm_index_n.grp_tag_client_open_stib","CANDIDATE_ONLY","UNRESOLVED","OTHER_EXPRESSION_OR_RANGE_NOT_PROVEN"
"208353","task:208353:statement:0:relation:root.(child).a.setop.b0.setop.b0.setop.b0.setop.b0.setop.b0.setop.b0.setop.b0.setop.b0.setop.b0.setop.b0.setop.b0.setop.b0.setop.b0.setop.b0.setop.b0.setop.b0.setop.b0.setop.b1.read.grp_tag_client_cust_whth_open_bse_righ","dm_index_n.grp_tag_client_cust_whth_open_bse_righ","CANDIDATE_ONLY","UNRESOLVED","TRADING_CALENDAR_FUNCTION"
"208353","task:208353:statement:0:relation:root.(child).a.setop.b0.setop.b0.setop.b0.setop.b0.setop.b0.setop.b0.setop.b0.setop.b0.setop.b0.setop.b0.setop.b0.setop.b0.setop.b0.setop.b0.setop.b0.setop.b0.setop.b1.read.grp_cust_open_sz_mhs_flag","dm_index_n.grp_cust_open_sz_mhs_flag","CANDIDATE_ONLY","UNRESOLVED","OTHER_EXPRESSION_OR_RANGE_NOT_PROVEN"
"208353","task:208353:statement:0:relation:root.(child).a.setop.b0.setop.b0.setop.b0.setop.b0.setop.b0.setop.b0.setop.b0.setop.b0.setop.b0.setop.b0.setop.b0.setop.b0.setop.b0.setop.b0.setop.b0.setop.b1.read.grp_cust_open_sh_mhs_flag","dm_index_n.grp_cust_open_sh_mhs_flag","CANDIDATE_ONLY","UNRESOLVED","OTHER_EXPRESSION_OR_RANGE_NOT_PROVEN"
"208353","task:208353:statement:0:relation:root.(child).a.setop.b0.setop.b0.setop.b0.setop.b0.setop.b0.setop.b0.setop.b0.setop.b0.setop.b0.setop.b0.setop.b0.setop.b0.setop.b0.setop.b0.setop.b1.read.grp_cust_open_marg_flag","dm_index_n.grp_cust_open_marg_flag","CANDIDATE_ONLY","UNRESOLVED","TRADING_CALENDAR_FUNCTION"
"208353","task:208353:statement:0:relation:root.(child).a.setop.b0.setop.b0.setop.b0.setop.b0.setop.b0.setop.b0.setop.b0.setop.b0.setop.b0.setop.b0.setop.b0.setop.b0.setop.b0.setop.b1.read.grp_tag_client_whth_pvt_qual_ivstr","dm_index_n.grp_tag_client_whth_pvt_qual_ivstr","CANDIDATE_ONLY","UNRESOLVED","TRADING_CALENDAR_FUNCTION"
"208353","task:208353:statement:0:relation:root.(child).a.setop.b0.setop.b0.setop.b0.setop.b0.setop.b0.setop.b0.setop.b0.setop.b0.setop.b1.read.grp_tag_client_is_kyc_accts","dm_index_n.grp_tag_client_is_kyc_accts","CANDIDATE_ONLY","UNRESOLVED","OTHER_EXPRESSION_OR_RANGE_NOT_PROVEN"
"208353","task:208353:statement:0:relation:root.(child).a.setop.b0.setop.b0.setop.b0.setop.b0.setop.b0.setop.b1.read.grp_tag_client_potn_gem_cust_flag","dm_index_n.grp_tag_client_potn_gem_cust_flag","CANDIDATE_ONLY","UNRESOLVED","TRADING_CALENDAR_FUNCTION"
"208353","task:208353:statement:0:relation:root.(child).a.setop.b0.setop.b0.setop.b0.setop.b0.setop.b1.read.grp_tag_client_cust_whth_stib_pcus","dm_index_n.grp_tag_client_cust_whth_stib_pcus","CANDIDATE_ONLY","UNRESOLVED","TRADING_CALENDAR_FUNCTION"
"208353","task:208353:statement:0:relation:root.(child).a.setop.b0.setop.b0.setop.b0.setop.b1.read.grp_tag_indv_cust_bse_bcust_flag","dm_index_n.grp_tag_indv_cust_bse_bcust_flag","CANDIDATE_ONLY","UNRESOLVED","TRADING_CALENDAR_FUNCTION"
"208353","task:208353:statement:0:relation:root.(child).a.setop.b0.setop.b0.setop.b1.read.grp_tag_client_cust_whth_szhk_sc_pcus","dm_index_n.grp_tag_client_cust_whth_szhk_sc_pcus","CANDIDATE_ONLY","UNRESOLVED","TRADING_CALENDAR_FUNCTION"
"208353","task:208353:statement:0:relation:root.(child).a.setop.b0.setop.b1.read.grp_tag_client_cust_whth_shhk_sc_pcus","dm_index_n.grp_tag_client_cust_whth_shhk_sc_pcus","CANDIDATE_ONLY","UNRESOLVED","TRADING_CALENDAR_FUNCTION"
"208353","task:208353:statement:0:relation:root.(child).a.setop.b1.read.grp_tag_client_cust_whth_marg_pcus","dm_index_n.grp_tag_client_cust_whth_marg_pcus","CANDIDATE_ONLY","UNRESOLVED","TRADING_CALENDAR_FUNCTION"
"208353","task:208353:statement:0:relation:root.(child-1).a.setop.b0.setop.b0.setop.b0.setop.b0.setop.b0.setop.b0.setop.b0.setop.b0.setop.b0.setop.b0.setop.b0.setop.b0.setop.b1.read.grp_cust_open_gem_flag","dm_index_n.grp_cust_open_gem_flag","CANDIDATE_ONLY","FULLY_CONFIRMED","DAY_SAME_GRAIN_POLICY"
"208353","task:208353:statement:0:relation:root.(child-1).a.setop.b0.setop.b0.setop.b0.setop.b0.setop.b0.setop.b0.setop.b0.setop.b0.setop.b0.setop.b0.setop.b0.setop.b1.read.grp_tag_client_open_stib","dm_index_n.grp_tag_client_open_stib","CANDIDATE_ONLY","FULLY_CONFIRMED","DAY_SAME_GRAIN_POLICY"
"208353","task:208353:statement:0:relation:root.(child-1).a.setop.b0.setop.b0.setop.b0.setop.b0.setop.b0.setop.b0.setop.b0.setop.b0.setop.b0.setop.b0.setop.b1.read.grp_tag_client_cust_whth_open_bse_righ","dm_index_n.grp_tag_client_cust_whth_open_bse_righ","CANDIDATE_ONLY","FULLY_CONFIRMED","DAY_SAME_GRAIN_POLICY"
"208353","task:208353:statement:0:relation:root.(child-1).a.setop.b0.setop.b0.setop.b0.setop.b0.setop.b0.setop.b0.setop.b0.setop.b0.setop.b0.setop.b1.read.grp_cust_open_sz_mhs_flag","dm_index_n.grp_cust_open_sz_mhs_flag","CANDIDATE_ONLY","FULLY_CONFIRMED","DAY_SAME_GRAIN_POLICY"
"208353","task:208353:statement:0:relation:root.(child-1).a.setop.b0.setop.b0.setop.b0.setop.b0.setop.b0.setop.b0.setop.b0.setop.b0.setop.b1.read.grp_cust_open_sh_mhs_flag","dm_index_n.grp_cust_open_sh_mhs_flag","CANDIDATE_ONLY","FULLY_CONFIRMED","DAY_SAME_GRAIN_POLICY"
"208353","task:208353:statement:0:relation:root.(child-1).a.setop.b0.setop.b0.setop.b0.setop.b0.setop.b0.setop.b0.setop.b0.setop.b1.read.grp_cust_open_marg_flag","dm_index_n.grp_cust_open_marg_flag","CANDIDATE_ONLY","FULLY_CONFIRMED","DAY_SAME_GRAIN_POLICY"
"208353","task:208353:statement:0:relation:root.(child-1).a.setop.b0.setop.b0.setop.b0.setop.b0.setop.b0.setop.b0.setop.b1.read.grp_tag_client_whth_pvt_qual_ivstr","dm_index_n.grp_tag_client_whth_pvt_qual_ivstr","CANDIDATE_ONLY","FULLY_CONFIRMED","DAY_SAME_GRAIN_POLICY"
"208353","task:208353:statement:0:relation:root.(child-1).a.setop.b0.setop.b1.read.grp_tag_client_is_kyc_accts","dm_index_n.grp_tag_client_is_kyc_accts","CANDIDATE_ONLY","FULLY_CONFIRMED","DAY_SAME_GRAIN_POLICY"
"208353","task:208353:statement:0:relation:root.(child-1).a.setop.b1.read.index_grp_apd_net_asset","dm_index_n.index_grp_apd_net_asset","CANDIDATE_ONLY","UNRESOLVED","WRITE_PARTITION_VALUE_MISSING"
"208353","task:208353:statement:0:relation:root.casttable.b.c.read.index_grp1_slp_emt_actv_date_appr_pst","dm_index_n.index_grp1_slp_emt_actv_date_appr_pst","CANDIDATE_ONLY","FULLY_CONFIRMED","DAY_SAME_GRAIN_POLICY"
"208983","task:208983:statement:0:relation:root.(child).t.setop.b0.setop.b0.setop.b0.setop.b0.setop.b0.setop.b0.setop.b0.setop.b0.setop.b0.setop.b0.setop.b0.setop.b0.setop.b0.setop.b0.setop.b0.setop.b0.setop.b0.setop.b0.setop.b0.setop.b0.setop.b0.setop.b0.setop.b0.setop.b0.setop.b0.setop.b0.setop.b0.setop.b0.setop.b0.setop.b0.setop.b0.setop.b0.setop.b0.setop.b0.setop.b0.setop.b0.setop.b0.setop.b0.setop.b0.setop.b0.setop.b0.setop.b0.setop.b0.setop.b0.setop.b0.setop.b0.setop.b0.setop.b0.setop.b0.setop.b0.setop.b1.read.a","dm_index_n.grp_tag_client_lvst_prefr_clas_mth","CANDIDATE_ONLY","UNRESOLVED","READ_SCOPE_BINDING_REQUIRED"
"208983","task:208983:statement:0:relation:root.(child).t.setop.b0.setop.b0.setop.b0.setop.b0.setop.b0.setop.b0.setop.b0.setop.b0.setop.b0.setop.b0.setop.b0.setop.b0.setop.b0.setop.b0.setop.b0.setop.b0.setop.b0.setop.b0.setop.b0.setop.b0.setop.b0.setop.b0.setop.b0.setop.b0.setop.b0.setop.b0.setop.b0.setop.b0.setop.b0.setop.b0.setop.b0.setop.b0.setop.b0.setop.b0.setop.b0.setop.b0.setop.b0.setop.b0.setop.b0.setop.b0.setop.b0.setop.b0.setop.b0.setop.b0.setop.b0.setop.b0.setop.b0.setop.b0.setop.b0.setop.b1.read.a","dm_index_n.grp_tag_client_cust_ast_type","CANDIDATE_ONLY","UNRESOLVED","READ_SCOPE_BINDING_REQUIRED"
"208983","task:208983:statement:0:relation:root.(child).t.setop.b0.setop.b0.setop.b0.setop.b0.setop.b0.setop.b0.setop.b0.setop.b0.setop.b0.setop.b0.setop.b0.setop.b0.setop.b0.setop.b0.setop.b0.setop.b0.setop.b0.setop.b0.setop.b0.setop.b0.setop.b0.setop.b0.setop.b0.setop.b0.setop.b0.setop.b0.setop.b0.setop.b0.setop.b0.setop.b0.setop.b0.setop.b0.setop.b0.setop.b0.setop.b0.setop.b0.setop.b0.setop.b0.setop.b0.setop.b1.val.read.grp_tag_client_inve_kind","dm_index_n.grp_tag_client_inve_kind","CANDIDATE_ONLY","UNRESOLVED","READ_SCOPE_BINDING_REQUIRED"
"208983","task:208983:statement:0:relation:root.(child).t.setop.b0.setop.b0.setop.b0.setop.b0.setop.b0.setop.b0.setop.b0.setop.b0.setop.b0.setop.b0.setop.b0.setop.b0.setop.b0.setop.b0.setop.b0.setop.b0.setop.b0.setop.b0.setop.b0.setop.b0.setop.b0.setop.b0.setop.b0.setop.b0.setop.b0.setop.b0.setop.b0.setop.b0.setop.b0.setop.b0.setop.b0.setop.b0.setop.b0.setop.b0.setop.b0.setop.b0.setop.b0.setop.b0.setop.b1.val.read.grp_tag_client_briefest_ivst_term","dm_index_n.grp_tag_client_briefest_ivst_term","CANDIDATE_ONLY","UNRESOLVED","READ_SCOPE_BINDING_REQUIRED"
"208983","task:208983:statement:0:relation:root.(child).t.setop.b0.setop.b0.setop.b0.setop.b0.setop.b0.setop.b0.setop.b0.setop.b0.setop.b0.setop.b0.setop.b0.setop.b0.setop.b0.setop.b0.setop.b0.setop.b0.setop.b0.setop.b0.setop.b0.setop.b0.setop.b0.setop.b0.setop.b0.setop.b0.setop.b0.setop.b0.setop.b0.setop.b0.setop.b0.setop.b0.setop.b0.setop.b0.setop.b1.read.index_grp1_page_view_days_meg_app_mon","dm_index_n.index_grp1_page_view_days_meg_app_mon","CANDIDATE_ONLY","UNRESOLVED","READ_SCOPE_BINDING_REQUIRED"
"208983","task:208983:statement:0:relation:root.(child).t.setop.b0.setop.b0.setop.b0.setop.b0.setop.b0.setop.b0.setop.b0.setop.b0.setop.b0.setop.b0.setop.b0.setop.b0.setop.b0.setop.b0.setop.b0.setop.b0.setop.b0.setop.b0.setop.b0.setop.b0.setop.b0.setop.b0.setop.b0.setop.b0.setop.b0.setop.b0.setop.b0.setop.b0.setop.b0.setop.b0.setop.b1.read.index_grp1_net_ast","dm_index_n.index_grp1_net_ast","CANDIDATE_ONLY","UNRESOLVED","WRITE_PARTITION_VALUE_MISSING"
"208983","task:208983:statement:0:relation:root.(child).t.setop.b0.setop.b0.setop.b0.setop.b0.setop.b0.setop.b0.setop.b0.setop.b0.setop.b0.setop.b0.setop.b0.setop.b0.setop.b0.setop.b0.setop.b0.setop.b0.setop.b0.setop.b0.setop.b0.setop.b0.setop.b0.setop.b0.setop.b0.setop.b0.setop.b0.setop.b0.setop.b0.setop.b0.setop.b0.setop.b1.read.index_grp1_ast","dm_index_n.index_grp1_ast","CANDIDATE_ONLY","UNRESOLVED","WRITE_PARTITION_VALUE_MISSING"
"208983","task:208983:statement:0:relation:root.(child).t.setop.b0.setop.b0.setop.b0.setop.b0.setop.b0.setop.b0.setop.b0.setop.b0.setop.b0.setop.b0.setop.b0.setop.b0.setop.b0.setop.b0.setop.b0.setop.b0.setop.b0.setop.b0.setop.b0.setop.b0.setop.b0.setop.b0.setop.b0.setop.b0.setop.b0.setop.b0.setop.b0.setop.b1.val.read.grp_tag_client_open_gem","dm_index_n.grp_tag_client_open_gem","CANDIDATE_ONLY","UNRESOLVED","READ_SCOPE_BINDING_REQUIRED"
"208983","task:208983:statement:0:relation:root.(child).t.setop.b0.setop.b0.setop.b0.setop.b0.setop.b0.setop.b0.setop.b0.setop.b0.setop.b0.setop.b0.setop.b0.setop.b0.setop.b0.setop.b0.setop.b0.setop.b0.setop.b0.setop.b0.setop.b0.setop.b0.setop.b0.setop.b0.setop.b0.setop.b0.setop.b0.setop.b0.setop.b1.val.read.grp_tag_client_open_stib","dm_index_n.grp_tag_client_open_stib","CANDIDATE_ONLY","UNRESOLVED","READ_SCOPE_BINDING_REQUIRED"
"208983","task:208983:statement:0:relation:root.(child).t.setop.b0.setop.b0.setop.b0.setop.b0.setop.b0.setop.b0.setop.b0.setop.b0.setop.b0.setop.b0.setop.b0.setop.b0.setop.b0.setop.b0.setop.b0.setop.b0.setop.b0.setop.b0.setop.b0.setop.b0.setop.b0.setop.b0.setop.b0.setop.b0.setop.b1.val.read.grp_tag_client_is_open_btrd","dm_index_n.grp_tag_client_is_open_btrd","CANDIDATE_ONLY","UNRESOLVED","READ_SCOPE_BINDING_REQUIRED"
"208983","task:208983:statement:0:relation:root.(child).t.setop.b0.setop.b0.setop.b0.setop.b0.setop.b0.setop.b0.setop.b0.setop.b0.setop.b0.setop.b0.setop.b0.setop.b0.setop.b0.setop.b0.setop.b0.setop.b0.setop.b0.setop.b0.setop.b0.setop.b0.setop.b0.setop.b0.setop.b0.setop.b1.val.read.grp_tag_client_is_open_covt_bond_righ","dm_index_n.grp_tag_client_is_open_covt_bond_righ","CANDIDATE_ONLY","UNRESOLVED","READ_SCOPE_BINDING_REQUIRED"
"208983","task:208983:statement:0:relation:root.(child).t.setop.b0.setop.b0.setop.b0.setop.b0.setop.b0.setop.b0.setop.b0.setop.b0.setop.b0.setop.b0.setop.b0.setop.b0.setop.b0.setop.b0.setop.b0.setop.b1.read.index_grp1_ast","dm_index_n.index_grp1_ast","CANDIDATE_ONLY","UNRESOLVED","WRITE_PARTITION_VALUE_MISSING"
"208983","task:208983:statement:0:relation:root.(child).t.setop.b0.setop.b0.setop.b0.setop.b0.setop.b0.setop.b0.setop.b0.setop.b0.setop.b0.setop.b0.setop.b0.setop.b0.setop.b0.setop.b0.setop.b1.val.read.grp_tag_client_con_pond_potential_cust","dm_index_n.grp_tag_client_con_pond_potential_cust","CANDIDATE_ONLY","UNRESOLVED","READ_SCOPE_BINDING_REQUIRED"
"208983","task:208983:statement:0:relation:root.(child).t.setop.b0.setop.b0.setop.b0.setop.b0.setop.b0.setop.b0.setop.b1.val.read.grp_tag_client_is_elig_std_covt_bond","dm_index_n.grp_tag_client_is_elig_std_covt_bond","CANDIDATE_ONLY","UNRESOLVED","READ_SCOPE_BINDING_REQUIRED"
"208983","task:208983:statement:0:relation:root.(child).t.setop.b0.setop.b0.setop.b1.val.read.grp_tag_client_is_all_user_wecon_auth","dm_index_n.grp_tag_client_is_all_user_wecon_auth","CANDIDATE_ONLY","UNRESOLVED","READ_SCOPE_BINDING_REQUIRED"
"209813","task:209813:statement:0:relation:root.casttable.covt.a.setop.b0.read.index_grp1_cust_docbkamt_covtrmb_tdy_all","dm_index_n.index_grp1_cust_docbkamt_covtrmb_tdy_all","CANDIDATE_ONLY","UNRESOLVED","WRITE_PARTITION_VALUE_MISSING"
"209813","task:209813:statement:0:relation:root.casttable.covt.a.setop.b1.read.index_grp1_cust_doctranoamt_covtrmb_tdy_all","dm_index_n.index_grp1_cust_doctranoamt_covtrmb_tdy_all","CANDIDATE_ONLY","UNRESOLVED","WRITE_PARTITION_VALUE_MISSING"
"209813","task:209813:statement:0:relation:root.casttable.incm.a.read.index_grp1_cust_incm_allcali_tdy_all","dm_index_n.index_grp1_cust_incm_allcali_tdy_all","CANDIDATE_ONLY","FULLY_CONFIRMED","FIXED_RANGE_INCLUSION"
"209813","task:209813:statement:0:relation:root.casttable.total.a.read.index_grp_total_asset_avg_mon","dm_index_n.index_grp_total_asset_avg_mon","CANDIDATE_ONLY","UNRESOLVED","WRITE_PARTITION_VALUE_MISSING"
"209817","task:209817:statement:0:relation:root.casttable.covt.a.setop.b0.read.index_grp1_cust_docbkamt_covtrmb_tdy_all","dm_index_n.index_grp1_cust_docbkamt_covtrmb_tdy_all","CANDIDATE_ONLY","UNRESOLVED","WRITE_PARTITION_VALUE_MISSING"
"209817","task:209817:statement:0:relation:root.casttable.covt.a.setop.b1.read.index_grp1_cust_doctranoamt_covtrmb_tdy_all","dm_index_n.index_grp1_cust_doctranoamt_covtrmb_tdy_all","CANDIDATE_ONLY","UNRESOLVED","WRITE_PARTITION_VALUE_MISSING"
"209817","task:209817:statement:0:relation:root.casttable.incm.a.read.index_grp1_cust_incm_allcali_tdy_all","dm_index_n.index_grp1_cust_incm_allcali_tdy_all","CANDIDATE_ONLY","FULLY_CONFIRMED","FIXED_RANGE_INCLUSION"
"209817","task:209817:statement:0:relation:root.casttable.total.a.read.index_grp_total_asset_avg_mon","dm_index_n.index_grp_total_asset_avg_mon","CANDIDATE_ONLY","UNRESOLVED","WRITE_PARTITION_VALUE_MISSING"
"210140","task:210140:statement:0:relation:root.(child-3).n.k.setop.b0.setop.b1.a.setop.b0.read.index_grp_trade_amt_exch_rcc","dm_index_n.index_grp_trade_amt_exch_rcc","CANDIDATE_ONLY","UNRESOLVED","WRITE_PARTITION_VALUE_MISSING"
"210140","task:210140:statement:0:relation:root.(child-4).a.t2.read.index_grp1_ast","dm_index_n.index_grp1_ast","CANDIDATE_ONLY","UNRESOLVED","WRITE_PARTITION_VALUE_MISSING"
"212630","task:212630:statement:0:relation:root.(child).t7.read.aum_org_base_info","pdata_nds.aum_org_base_info","CANDIDATE_ONLY","UNRESOLVED","OTHER_EXPRESSION_OR_RANGE_NOT_PROVEN"
"212945","task:212945:statement:0:relation:root.casttable.setop.b0.e.setop.b0.setop.b0.setop.b0.setop.b1.read.co_seqan_exam_busiprojcnt","dm_co_n.co_seqan_exam_busiprojcnt","CANDIDATE_ONLY","UNRESOLVED","OTHER_EXPRESSION_OR_RANGE_NOT_PROVEN"
"212945","task:212945:statement:0:relation:root.casttable.setop.b0.e.setop.b0.setop.b0.setop.b1.read.co_seqb2_exam_csincome","dm_co_n.co_seqb2_exam_csincome","CANDIDATE_ONLY","UNRESOLVED","OTHER_EXPRESSION_OR_RANGE_NOT_PROVEN"
"212945","task:212945:statement:0:relation:root.casttable.setop.b0.e.setop.b0.setop.b1.read.recmd_dir_ivst_emp_brchexam","dm_co_n.recmd_dir_ivst_emp_brchexam","CANDIDATE_ONLY","UNRESOLVED","OTHER_EXPRESSION_OR_RANGE_NOT_PROVEN"
"212945","task:212945:statement:0:relation:root.casttable.setop.b0.e.setop.b1.read.co_cust_futrib_brchexam","dm_co_n.co_cust_futrib_brchexam","CANDIDATE_ONLY","UNRESOLVED","OTHER_EXPRESSION_OR_RANGE_NOT_PROVEN"
"212945","task:212945:statement:0:relation:root.casttable.setop.b1.g.setop.b0.setop.b0.setop.b0.setop.b0.setop.b0.setop.b0.setop.b0.setop.b0.setop.b0.setop.b1.read.index_grp1_staff_apd_net_asset_adj","dm_index_n.index_grp1_staff_apd_net_asset_adj","CANDIDATE_ONLY","UNRESOLVED","WRITE_PARTITION_VALUE_MISSING"
"218029","task:218029:statement:0:relation:root.casttable.a.net.b.read.index_grp_apd_net_asset","dm_index_n.index_grp_apd_net_asset","CANDIDATE_ONLY","UNRESOLVED","WRITE_PARTITION_VALUE_MISSING"
"218029","task:218029:statement:0:relation:root.casttable.a.totl.a.read.index_grp_total_asset_avg_mon","dm_index_n.index_grp_total_asset_avg_mon","CANDIDATE_ONLY","UNRESOLVED","WRITE_PARTITION_VALUE_MISSING"
"218029","task:218029:statement:0:relation:root.casttable.b.incm.a.read.index_grp1_cust_incm_allcali_mth_all","dm_index_n.index_grp1_cust_incm_allcali_mth_all","CANDIDATE_ONLY","UNRESOLVED","WRITE_PARTITION_VALUE_MISSING"
"218029","task:218029:statement:0:relation:root.casttable.b.totl.a.read.index_grp_total_asset_avg_mon","dm_index_n.index_grp_total_asset_avg_mon","CANDIDATE_ONLY","UNRESOLVED","WRITE_PARTITION_VALUE_MISSING"
"218037","task:218037:statement:0:relation:root.casttable.a.net.b.read.index_grp_apd_net_asset","dm_index_n.index_grp_apd_net_asset","CANDIDATE_ONLY","UNRESOLVED","WRITE_PARTITION_VALUE_MISSING"
"218037","task:218037:statement:0:relation:root.casttable.a.the_net.b.read.index_grp_apd_net_asset","dm_index_n.index_grp_apd_net_asset","CANDIDATE_ONLY","UNRESOLVED","WRITE_PARTITION_VALUE_MISSING"
"218037","task:218037:statement:0:relation:root.casttable.a.totl.a.read.index_grp_total_asset_avg_mon","dm_index_n.index_grp_total_asset_avg_mon","CANDIDATE_ONLY","UNRESOLVED","WRITE_PARTITION_VALUE_MISSING"
"218236","task:218236:statement:0:relation:root.(child-1).read.aum_org_base_info","pdata_nds.aum_org_base_info","CANDIDATE_ONLY","FULLY_CONFIRMED","DAY_SAME_GRAIN_POLICY"
"218244","task:218244:statement:0:relation:root.(child-1).read.aum_org_base_info","pdata_nds.aum_org_base_info","CANDIDATE_ONLY","FULLY_CONFIRMED","DAY_SAME_GRAIN_POLICY"
"218252","task:218252:statement:0:relation:root.(child-1).read.aum_org_base_info","pdata_nds.aum_org_base_info","CANDIDATE_ONLY","FULLY_CONFIRMED","DAY_SAME_GRAIN_POLICY"
"218255","task:218255:statement:0:relation:root.(child-1).read.aum_org_base_info","pdata_nds.aum_org_base_info","CANDIDATE_ONLY","FULLY_CONFIRMED","DAY_SAME_GRAIN_POLICY"
"218404","task:218404:statement:0:relation:root.(child-1).read.aum_org_base_info","pdata_nds.aum_org_base_info","CANDIDATE_ONLY","FULLY_CONFIRMED","DAY_SAME_GRAIN_POLICY"
"222860","task:222860:statement:0:relation:root.(child).t7.read.aum_org_base_info","pdata_nds.aum_org_base_info","CANDIDATE_ONLY","UNRESOLVED","OTHER_EXPRESSION_OR_RANGE_NOT_PROVEN"
"224286","task:224286:statement:0:relation:root.setop.b0.setop.b0.read.t1","dm_om_n.wt_smart_call_index_list","CANDIDATE_ONLY","FULLY_CONFIRMED","DAY_SAME_GRAIN_POLICY"
"224741","task:224741:statement:0:relation:root.(child-6).read.a","dm_index_n.grp_tag_client_aum_perf_exam","CANDIDATE_ONLY","UNRESOLVED","READ_SCOPE_BINDING_REQUIRED"
"224741","task:224741:statement:0:relation:root.(child-7).a.read.a","dm_index_n.index_grp1_cust_incm_allcali_mth_all","CANDIDATE_ONLY","UNRESOLVED","WRITE_PARTITION_VALUE_MISSING"
"224741","task:224741:statement:0:relation:root.(child-9).setop.b0.setop.b0.setop.b0.setop.b0.setop.b1.read.g","dm_index_n.grp_tag_client_corp_busi_cust_type","CANDIDATE_ONLY","UNRESOLVED","READ_SCOPE_BINDING_REQUIRED"
"224741","task:224741:statement:0:relation:root.(child-9).setop.b0.setop.b0.setop.b0.setop.b1.read.g","dm_index_n.grp_tag_client_corp_busi_cust_type","CANDIDATE_ONLY","UNRESOLVED","READ_SCOPE_BINDING_REQUIRED"
"224741","task:224741:statement:0:relation:root.(child-9).setop.b0.setop.b0.setop.b1.read.g","dm_index_n.index_grp_corp_cust_in_type","CANDIDATE_ONLY","UNRESOLVED","READ_SCOPE_BINDING_REQUIRED"
"224741","task:224741:statement:0:relation:root.(child-9).setop.b1.a.read.grp_tag_client_is_cust_judic_frz","dm_index_n.grp_tag_client_is_cust_judic_frz","CANDIDATE_ONLY","UNRESOLVED","READ_SCOPE_BINDING_REQUIRED"
"228803","task:228803:statement:0:relation:root.casttable.d.setop.b0.net.b.read.index_grp_apd_net_asset","dm_index_n.index_grp_apd_net_asset","CANDIDATE_ONLY","UNRESOLVED","WRITE_PARTITION_VALUE_MISSING"
"228803","task:228803:statement:0:relation:root.casttable.totl.a.read.index_grp_total_asset_avg_mon","dm_index_n.index_grp_total_asset_avg_mon","CANDIDATE_ONLY","UNRESOLVED","WRITE_PARTITION_VALUE_MISSING"
"228803","task:228803:statement:0:relation:root.casttable.totl_incm_year.a.read.index_grp1_cust_incm_allcali_mth_all","dm_index_n.index_grp1_cust_incm_allcali_mth_all","CANDIDATE_ONLY","UNRESOLVED","WRITE_PARTITION_VALUE_MISSING"
"232164","task:232164:statement:0:relation:root.casttable.ib.read.grp_tag_corp_cust_is_ib_kpi","dm_index_n.grp_tag_corp_cust_is_ib_kpi","CANDIDATE_ONLY","FULLY_CONFIRMED","DAY_SAME_GRAIN_POLICY"
"232164","task:232164:statement:0:relation:root.casttable.lst1m_ast.read.index_grp1_net_ast","dm_index_n.index_grp1_net_ast","CANDIDATE_ONLY","UNRESOLVED","WRITE_PARTITION_VALUE_MISSING"
"232164","task:232164:statement:0:relation:root.casttable.mval.read.index_grp1_ast","dm_index_n.index_grp1_ast","CANDIDATE_ONLY","UNRESOLVED","WRITE_PARTITION_VALUE_MISSING"
"232164","task:232164:statement:0:relation:root.casttable.net_ast.read.index_grp1_net_ast","dm_index_n.index_grp1_net_ast","CANDIDATE_ONLY","UNRESOLVED","WRITE_PARTITION_VALUE_MISSING"
"232164","task:232164:statement:0:relation:root.casttable.prd.read.grp_tag_client_cust_purch_finprd_type","dm_index_n.grp_tag_client_cust_purch_finprd_type","CANDIDATE_ONLY","FULLY_CONFIRMED","DAY_SAME_GRAIN_POLICY"
"232164","task:232164:statement:0:relation:root.casttable.pvt.read.grp_tag_corp_cust_is_pvt_kpi","dm_index_n.grp_tag_corp_cust_is_pvt_kpi","CANDIDATE_ONLY","FULLY_CONFIRMED","DAY_SAME_GRAIN_POLICY"
"232164","task:232164:statement:0:relation:root.casttable.srp.a.setop.b0.read.index_grp1_tbbbamt_srp_civ_tdy_retandorgcntr","dm_index_n.index_grp1_tbbbamt_srp_civ_tdy_retandorgcntr","CANDIDATE_ONLY","FULLY_CONFIRMED","DAY_SAME_GRAIN_POLICY"
"232164","task:232164:statement:0:relation:root.casttable.srp.a.setop.b1.read.index_grp1_tbbbamt_srp_assm_tdy_retandorgcntr","dm_index_n.index_grp1_tbbbamt_srp_assm_tdy_retandorgcntr","CANDIDATE_ONLY","FULLY_CONFIRMED","DAY_SAME_GRAIN_POLICY"
"232652","task:232652:statement:0:relation:root.(child-1).read.aum_org_base_info","pdata_nds.aum_org_base_info","CANDIDATE_ONLY","FULLY_CONFIRMED","DAY_SAME_GRAIN_POLICY"
"232675","task:232675:statement:0:relation:root.(child-1).read.aum_org_base_info","pdata_nds.aum_org_base_info","CANDIDATE_ONLY","FULLY_CONFIRMED","DAY_SAME_GRAIN_POLICY"
"232676","task:232676:statement:0:relation:root.(child-1).read.aum_org_base_info","pdata_nds.aum_org_base_info","CANDIDATE_ONLY","FULLY_CONFIRMED","DAY_SAME_GRAIN_POLICY"
"232677","task:232677:statement:0:relation:root.(child-1).read.aum_org_base_info","pdata_nds.aum_org_base_info","CANDIDATE_ONLY","FULLY_CONFIRMED","DAY_SAME_GRAIN_POLICY"
"234130","task:234130:statement:0:relation:root.(child-1).read.aum_org_base_info","pdata_nds.aum_org_base_info","CANDIDATE_ONLY","FULLY_CONFIRMED","DAY_SAME_GRAIN_POLICY"
"234954","task:234954:statement:0:relation:root.(child-2).t2.setop.b0.setop.b0.setop.b0.setop.b0.setop.b0.setop.b0.setop.b0.setop.b0.setop.b0.setop.b0.setop.b0.setop.b0.setop.b0.setop.b0.setop.b0.setop.b0.setop.b1.read.index_grp1_ast","dm_index_n.index_grp1_ast","CANDIDATE_ONLY","UNRESOLVED","WRITE_PARTITION_VALUE_MISSING"
"234954","task:234954:statement:0:relation:root.(child-2).t2.setop.b0.setop.b0.setop.b0.setop.b0.setop.b0.setop.b0.setop.b0.setop.b0.setop.b0.setop.b0.setop.b0.setop.b0.setop.b1.read.index_grp1_cust_incm_allcali_mth_all","dm_index_n.index_grp1_cust_incm_allcali_mth_all","CANDIDATE_ONLY","UNRESOLVED","WRITE_PARTITION_VALUE_MISSING"
"234954","task:234954:statement:0:relation:root.(child-2).t2.setop.b0.setop.b0.setop.b0.setop.b0.setop.b0.setop.b0.setop.b0.setop.b0.setop.b0.setop.b0.setop.b0.setop.b1.read.index_grp1_cust_incm_allcali_mth_all","dm_index_n.index_grp1_cust_incm_allcali_mth_all","CANDIDATE_ONLY","UNRESOLVED","WRITE_PARTITION_VALUE_MISSING"
"236184","task:236184:statement:0:relation:root.casttable.t4.read.aum_asset_ast_style_cd","pdata_nds.aum_asset_ast_style_cd","CANDIDATE_ONLY","UNRESOLVED","OTHER_EXPRESSION_OR_RANGE_NOT_PROVEN"
"236483","task:236483:statement:0:relation:root.(child).k.t1.read.index_grp1_cust_income_fullcali_mth_ricc","dm_index_n.index_grp1_cust_income_fullcali_mth_ricc","CANDIDATE_ONLY","UNRESOLVED","WRITE_PARTITION_VALUE_MISSING"
"236483","task:236483:statement:0:relation:root.(child-1).it2.it1.setop.b0.setop.b0.setop.b1.read.index_grp1_cust_income_fullcali_mth_ricc","dm_index_n.index_grp1_cust_income_fullcali_mth_ricc","CANDIDATE_ONLY","UNRESOLVED","WRITE_PARTITION_VALUE_MISSING"
"236483","task:236483:statement:0:relation:root.(child-1).it2.it1.setop.b0.setop.b1.read.index_grp1_cust_income_fullcali_mth_ricc","dm_index_n.index_grp1_cust_income_fullcali_mth_ricc","CANDIDATE_ONLY","UNRESOLVED","WRITE_PARTITION_VALUE_MISSING"
"237421","task:237421:statement:0:relation:root.(child-1).read.aum_org_base_info","pdata_nds.aum_org_base_info","CANDIDATE_ONLY","UNRESOLVED","READ_SCOPE_BINDING_REQUIRED"
"237421","task:237421:statement:0:relation:root.(child-4).read.index_grp1_cust_incm_allcali_mth_all","dm_index_n.index_grp1_cust_incm_allcali_mth_all","CANDIDATE_ONLY","UNRESOLVED","WRITE_PARTITION_VALUE_MISSING"
"237505","task:237505:statement:0:relation:root.setop.b0.setop.b0..read.t3","pdata_nds.aum_emp_base_info","CANDIDATE_ONLY","UNRESOLVED","READ_SCOPE_BINDING_REQUIRED"
"237505","task:237505:statement:0:relation:root.setop.b0.setop.b1..read.t3","pdata_nds.aum_emp_base_info","CANDIDATE_ONLY","UNRESOLVED","READ_SCOPE_BINDING_REQUIRED"
"237505","task:237505:statement:0:relation:root.setop.b1..read.t3","pdata_nds.aum_emp_base_info","CANDIDATE_ONLY","UNRESOLVED","READ_SCOPE_BINDING_REQUIRED"
"237804","task:237804:statement:0:relation:root.c.read.wt_crd_potential_cust_dev_label_s","dm_crd_n.wt_crd_potential_cust_dev_label_s","CANDIDATE_ONLY","FULLY_CONFIRMED","DAY_SAME_GRAIN_POLICY"
"237807","task:237807:statement:0:relation:root.(child).t1.read.aum_emp_base_info","pdata_nds.aum_emp_base_info","CANDIDATE_ONLY","UNRESOLVED","READ_SCOPE_BINDING_REQUIRED"
"237807","task:237807:statement:0:relation:root.(child-2).k.setop.b1.hh.read.hold_tag_relation","dm_index_n.hold_tag_relation","CANDIDATE_ONLY","UNRESOLVED","READ_SCOPE_BINDING_REQUIRED"
"239134","task:239134:statement:0:relation:root.casttable.setop.b0.ast.read.cust_opt_ast_day","dm_opt_n.cust_opt_ast_day","CANDIDATE_ONLY","FULLY_CONFIRMED","FIXED_RANGE_INCLUSION"
"239134","task:239134:statement:0:relation:root.casttable.setop.b1.ast.read.cust_opt_ast_day","dm_opt_n.cust_opt_ast_day","CANDIDATE_ONLY","FULLY_CONFIRMED","FIXED_RANGE_INCLUSION"
"244873","task:244873:statement:0:relation:root.casttable.n1.t.a9.t.read.index_grp1_staff_apd_net_asset_adj","dm_index_n.index_grp1_staff_apd_net_asset_adj","CANDIDATE_ONLY","UNRESOLVED","WRITE_PARTITION_VALUE_MISSING"
"95834","task:95834:statement:0:relation:root.k.read.wt_taum_emp_assn_indi_data","dm_om_n.wt_taum_emp_assn_indi_data","CANDIDATE_ONLY","UNRESOLVED","OTHER_EXPRESSION_OR_RANGE_NOT_PROVEN"
"95854","task:95854:statement:0:relation:root.k.read.wt_taum_ins_assn_indi_data","dm_om_n.wt_taum_ins_assn_indi_data","CANDIDATE_ONLY","UNRESOLVED","OTHER_EXPRESSION_OR_RANGE_NOT_PROVEN"
