"源字段","源字段中文注释","源别名","Facts作用域","JOIN直接对侧字段","同一表达式/分组其他来源字段","用途","不同消费任务数","不同SQL材料组数","任务ID","条件/表达式示例","任务级证据ID","细粒度Facts证据ID","统计口径与分母"
"busi_date","业务日期","a","root.(child).setop.b0.setop.b0.rb；root.(child).setop.b0.setop.b1.rb；root.(child).setop.b1.rb；root.(child-1).t6；root.(child-2).t5；root.(child-5)；root.a；root.casttable.a；root.casttable.a.bb.b；root.casttable.a.rb；root.casttable.c；root.casttable.rb；root.casttable.rb_ori；root.casttable.setop.b0.setop.b0.rb；root.casttable.setop.b0.setop.b0.setop.b0.setop.b0.setop.b0.setop.b0.setop.b1.rb；root.casttable.setop.b0.setop.b0.setop.b0.setop.b0.setop.b0.setop.b1.rb；root.casttable.setop.b0.setop.b1.rb；root.casttable.setop.b0.t.setop.b0.setop.b0.rb；root.casttable.setop.b0.t.setop.b0.setop.b1.rb；root.casttable.setop.b0.t.setop.b1.rb；root.casttable.setop.b1.rb；root.casttable.setop.b1.t_nom_prin.rb；root.casttable.t1；root.casttable.u.rb；root.mt.rb；root.setop.b0.rb1；root.setop.b1.rb1；root.srctab.setop.b0.setop.b0.setop.b0.rb；root.srctab.setop.b0.setop.b0.setop.b1.rb","","","过滤条件","19","18","107018；114782；134167；138186；145871；171179；176610；184662；200030；200078；209119；209894；215700；221300；230202；234175；234256；241773；243918","busi_date='2026-05-23' AND SRC_TBL='ODATA_N_TIT.D_REF_BOOK'；src_tbl='ODATA_N_TIT.D_REF_BOOK' AND Bel_Dept = 'OTC' AND busi_date= '2026-05-18'；src_tbl='ODATA_N_TIT.D_REF_BOOK' AND busi_date= '2026-05-18' and Bel_Dept = 'OTC'","E-107018；E-114782；E-134167；E-138186；E-145871；E-171179；E-176610；E-184662；E-200030；E-200078；E-209119；E-209894；E-215700；E-221300；E-230202；E-234175；E-234256；E-241773；E-243918","FU-107018-48963684d9ab；FU-107018-4c62f7ee0da7；FU-114782-91a097874771；FU-114782-cdf16f3b348a；FU-134167-32a260dd0fb8；FU-138186-a687f0bca315；FU-145871-f9c7016f05f4；FU-171179-62cb8cb127b3；FU-171179-dc9255ec57c4；FU-176610-1861e256ce4a；FU-176610-4e5a137f5a81；FU-176610-d25503129a20；FU-184662-2b0cdec4c15c；FU-184662-cdbf10bf2e2c；FU-200030-b40af140ab6c；FU-200078-ca7fb2a3d164；FU-209119-0e80b446992f；FU-209119-4f797011df83；FU-209119-d795d6d35eb5；FU-209119-e87648f5995a；FU-209119-f45b077ad357；FU-209894-5485389a90f2；FU-209894-be6a3ce7d671；FU-209894-d72622fc109a；FU-209894-da97523b8671；FU-215700-932e07ab0f2b；FU-221300-31639f46e2ce；FU-221300-c82b933215ef；FU-230202-f989be701749；FU-234175-d48cc1f55a3d；FU-234256-9fc7e02a6ff1；FU-234256-b12ecfe68558；FU-241773-845516817238；FU-241773-990691ba736f；FU-243918-25948e69ac2f","20个直接核读SQL材料组覆盖的21个任务（含200030对200078的完全相同目标引用SQL复用）；按任务去重"
"src_tbl","源表","a","root.(child).setop.b0.setop.b1.rb；root.(child).setop.b1.rb；root.(child-1).t6；root.(child-2).t5；root.(child-5)；root.a；root.casttable.a；root.casttable.a.bb.b；root.casttable.a.rb；root.casttable.c；root.casttable.rb；root.casttable.rb_ori；root.casttable.setop.b0.setop.b0.rb；root.casttable.setop.b0.setop.b0.setop.b0.setop.b0.setop.b0.setop.b0.setop.b1.rb；root.casttable.setop.b0.setop.b0.setop.b0.setop.b0.setop.b0.setop.b1.rb；root.casttable.setop.b0.setop.b1.rb；root.casttable.setop.b0.t.setop.b0.setop.b0.rb；root.casttable.setop.b0.t.setop.b0.setop.b1.rb；root.casttable.setop.b0.t.setop.b1.rb；root.casttable.setop.b1.rb；root.casttable.setop.b1.t_nom_prin.rb；root.casttable.t1；root.casttable.u.rb；root.mt.rb；root.setop.b0.rb1；root.setop.b1.rb1；root.srctab.setop.b0.setop.b0.setop.b0.rb；root.srctab.setop.b0.setop.b0.setop.b1.rb","","","过滤条件","19","18","107018；114782；134167；138186；145871；171179；176610；184662；200030；200078；209119；209894；215700；221300；230202；234175；234256；241773；243918","busi_date='2026-05-23' AND SRC_TBL='ODATA_N_TIT.D_REF_BOOK'；src_tbl='ODATA_N_TIT.D_REF_BOOK' AND Bel_Dept = 'OTC' AND busi_date= '2026-05-18'；src_tbl='ODATA_N_TIT.D_REF_BOOK' AND busi_date= '2026-05-18' and Bel_Dept = 'OTC'","E-107018；E-114782；E-134167；E-138186；E-145871；E-171179；E-176610；E-184662；E-200030；E-200078；E-209119；E-209894；E-215700；E-221300；E-230202；E-234175；E-234256；E-241773；E-243918","FU-107018-4d001cb829e7；FU-107018-5e119459010b；FU-114782-5141ae2a36b2；FU-114782-ee27444ff8e8；FU-134167-b18cab38e76e；FU-138186-558b6510fb8a；FU-145871-1bb7eccd8134；FU-171179-130c3207c9db；FU-171179-ab21ac893847；FU-176610-3168a98e7819；FU-176610-49468a5d2b02；FU-176610-f75a155b2fb9；FU-184662-3d18f3d9ae84；FU-184662-8f18a9cfb55b；FU-200030-d7a299880dbe；FU-200078-43bd0a5145bc；FU-209119-71f554894ffd；FU-209119-a661f5d17e81；FU-209119-e542bb2218a4；FU-209119-f11eaa658451；FU-209894-11c51b6d17a6；FU-209894-503f83fa8390；FU-209894-92aeee98b70e；FU-209894-d244cb4c0f04；FU-215700-5d7864bae7d9；FU-221300-53b2f6265d47；FU-221300-e3f0153cedba；FU-230202-56a830c64ae4；FU-234175-0c393f451413；FU-234256-ad01c5af5cf7；FU-234256-f6126f57ecb8；FU-241773-528c4dc89258；FU-241773-e29759ffe4ad；FU-243918-7dd0286e70f3","20个直接核读SQL材料组覆盖的21个任务（含200030对200078的完全相同目标引用SQL复用）；按任务去重"
"bel_co","所属公司","","root.a；root.casttable.a；root.casttable.a.rb；root.casttable.c；root.casttable.rb；root.casttable.setop.b0.setop.b0.rb；root.casttable.setop.b0.setop.b0.setop.b0.setop.b0.setop.b0.setop.b0.setop.b1.rb；root.casttable.setop.b0.setop.b0.setop.b0.setop.b0.setop.b0.setop.b1.rb；root.casttable.setop.b0.setop.b1.rb；root.casttable.setop.b0.t.setop.b0.setop.b0.rb；root.casttable.setop.b0.t.setop.b0.setop.b1.rb；root.casttable.setop.b0.t.setop.b1.rb；root.casttable.setop.b1.rb；root.casttable.u.rb；root.mt.rb；root.setop.b0.rb1；root.setop.b1.rb1","","","源侧通配投影（未证明下游使用）","12","12","107018；114782；134167；138186；145871；171179；176610；184662；209894；230202；234175；234256","bel_co","E-107018；E-114782；E-134167；E-138186；E-145871；E-171179；E-176610；E-184662；E-209894；E-230202；E-234175；E-234256","FU-107018-4fd2727bb297；FU-107018-f6654c169963；FU-114782-208e694b3c4f；FU-114782-e2a86a8f4faa；FU-134167-ec26937136cc；FU-138186-a952afb734c3；FU-145871-e441b6e3be42；FU-171179-88f119c377f2；FU-171179-9eca7e0b8363；FU-176610-1ba645e0f34a；FU-176610-214a098fb316；FU-176610-60261361faac；FU-184662-22efb19d6e10；FU-184662-8ff9d5cef288；FU-209894-7b4c3dc6eec8；FU-209894-abc7be373f67；FU-209894-e35b9a046f98；FU-230202-9caa8e5e64e2；FU-234175-6a3a1343c24a；FU-234256-1b955f8c93a3","20个直接核读SQL材料组覆盖的21个任务（含200030对200078的完全相同目标引用SQL复用）；按任务去重"
"bel_dept","所属部门","","root.a；root.casttable.a；root.casttable.a.rb；root.casttable.c；root.casttable.rb；root.casttable.setop.b0.setop.b0.rb；root.casttable.setop.b0.setop.b0.setop.b0.setop.b0.setop.b0.setop.b0.setop.b1.rb；root.casttable.setop.b0.setop.b0.setop.b0.setop.b0.setop.b0.setop.b1.rb；root.casttable.setop.b0.setop.b1.rb；root.casttable.setop.b0.t.setop.b0.setop.b0.rb；root.casttable.setop.b0.t.setop.b0.setop.b1.rb；root.casttable.setop.b0.t.setop.b1.rb；root.casttable.setop.b1.rb；root.casttable.u.rb；root.mt.rb；root.setop.b0.rb1；root.setop.b1.rb1","","","源侧通配投影（未证明下游使用）","12","12","107018；114782；134167；138186；145871；171179；176610；184662；209894；230202；234175；234256","bel_dept","E-107018；E-114782；E-134167；E-138186；E-145871；E-171179；E-176610；E-184662；E-209894；E-230202；E-234175；E-234256","FU-107018-8d2b742d9ce5；FU-107018-fe205d2d6d6d；FU-114782-239cdf25d746；FU-114782-bbd561b675bf；FU-134167-8dd4f069d00b；FU-138186-145dd698aa5e；FU-145871-a04be814000b；FU-171179-0af97ce5a35f；FU-171179-53331681eab4；FU-176610-472886ef35ef；FU-176610-6421f3aa1029；FU-176610-99fc152c0855；FU-184662-2df12a49dcf8；FU-184662-61a0e85d177f；FU-209894-7579af2d1d51；FU-209894-cd75513064d6；FU-209894-e8bd899ee967；FU-230202-92372c8f84d6；FU-234175-a9bb9d7c8fb8；FU-234256-8bd39734c95a","20个直接核读SQL材料组覆盖的21个任务（含200030对200078的完全相同目标引用SQL复用）；按任务去重"
"book_agt_id","账簿协议编号","","root.a；root.casttable.a；root.casttable.a.rb；root.casttable.c；root.casttable.rb；root.casttable.setop.b0.setop.b0.rb；root.casttable.setop.b0.setop.b0.setop.b0.setop.b0.setop.b0.setop.b0.setop.b1.rb；root.casttable.setop.b0.setop.b0.setop.b0.setop.b0.setop.b0.setop.b1.rb；root.casttable.setop.b0.setop.b1.rb；root.casttable.setop.b0.t.setop.b0.setop.b0.rb；root.casttable.setop.b0.t.setop.b0.setop.b1.rb；root.casttable.setop.b0.t.setop.b1.rb；root.casttable.setop.b1.rb；root.casttable.u.rb；root.mt.rb；root.setop.b0.rb1；root.setop.b1.rb1","","","源侧通配投影（未证明下游使用）","12","12","107018；114782；134167；138186；145871；171179；176610；184662；209894；230202；234175；234256","book_agt_id","E-107018；E-114782；E-134167；E-138186；E-145871；E-171179；E-176610；E-184662；E-209894；E-230202；E-234175；E-234256","FU-107018-120563356bf4；FU-107018-7ebe797986cc；FU-114782-5966e7f064b1；FU-114782-a7161edfdd35；FU-134167-104e70384409；FU-138186-1b2054eecb3a；FU-145871-50e5da6373c2；FU-171179-0afa2ff653df；FU-171179-525e5306b8d5；FU-176610-554a3ea5a183；FU-176610-b566e831ce00；FU-176610-e5e80294ffb1；FU-184662-8e4efb14395e；FU-184662-bf121f9f8496；FU-209894-6cd41dcfa0e1；FU-209894-a70eda7a4b3d；FU-209894-db62daf8ab68；FU-230202-626e17661264；FU-234175-138c85232e8f；FU-234256-821294ac6ae9","20个直接核读SQL材料组覆盖的21个任务（含200030对200078的完全相同目标引用SQL复用）；按任务去重"
"book_agt_modifr","账簿协议修饰符","","root.a；root.casttable.a；root.casttable.a.rb；root.casttable.c；root.casttable.rb；root.casttable.setop.b0.setop.b0.rb；root.casttable.setop.b0.setop.b0.setop.b0.setop.b0.setop.b0.setop.b0.setop.b1.rb；root.casttable.setop.b0.setop.b0.setop.b0.setop.b0.setop.b0.setop.b1.rb；root.casttable.setop.b0.setop.b1.rb；root.casttable.setop.b0.t.setop.b0.setop.b0.rb；root.casttable.setop.b0.t.setop.b0.setop.b1.rb；root.casttable.setop.b0.t.setop.b1.rb；root.casttable.setop.b1.rb；root.casttable.u.rb；root.mt.rb；root.setop.b0.rb1；root.setop.b1.rb1","","","源侧通配投影（未证明下游使用）","12","12","107018；114782；134167；138186；145871；171179；176610；184662；209894；230202；234175；234256","book_agt_modifr","E-107018；E-114782；E-134167；E-138186；E-145871；E-171179；E-176610；E-184662；E-209894；E-230202；E-234175；E-234256","FU-107018-acd11fbf1adf；FU-107018-bad16140afff；FU-114782-582fdedba038；FU-114782-83e6d74d7e73；FU-134167-f3c1b662ac3e；FU-138186-77a3229fc5f2；FU-145871-f3b2ff272390；FU-171179-684f192bc80b；FU-171179-e30c486ba6e8；FU-176610-69f0075fae9f；FU-176610-a438ee12b761；FU-176610-ebf5f5b892de；FU-184662-13156e07ea24；FU-184662-ad4ebe00e2a8；FU-209894-340a4ce1c279；FU-209894-a3369e5b5bad；FU-209894-ab7e657e272a；FU-230202-36ec4df0fedd；FU-234175-7d8210e14327；FU-234256-49b47b90da1c","20个直接核读SQL材料组覆盖的21个任务（含200030对200078的完全相同目标引用SQL复用）；按任务去重"
"busi_date","业务日期","","root.a；root.casttable.a；root.casttable.a.rb；root.casttable.c；root.casttable.rb；root.casttable.setop.b0.setop.b0.rb；root.casttable.setop.b0.setop.b0.setop.b0.setop.b0.setop.b0.setop.b0.setop.b1.rb；root.casttable.setop.b0.setop.b0.setop.b0.setop.b0.setop.b0.setop.b1.rb；root.casttable.setop.b0.setop.b1.rb；root.casttable.setop.b0.t.setop.b0.setop.b0.rb；root.casttable.setop.b0.t.setop.b0.setop.b1.rb；root.casttable.setop.b0.t.setop.b1.rb；root.casttable.setop.b1.rb；root.casttable.u.rb；root.mt.rb；root.setop.b0.rb1；root.setop.b1.rb1","","","源侧通配投影（未证明下游使用）","12","12","107018；114782；134167；138186；145871；171179；176610；184662；209894；230202；234175；234256","busi_date","E-107018；E-114782；E-134167；E-138186；E-145871；E-171179；E-176610；E-184662；E-209894；E-230202；E-234175；E-234256","FU-107018-324a6da3f6c7；FU-107018-e48d4ddfc9e5；FU-114782-2d725bbe8021；FU-114782-99f0d95b1ce3；FU-134167-3dc064ec0d3f；FU-138186-48b632b1b5b8；FU-145871-989e6c3da525；FU-171179-9d0a241a4c04；FU-171179-dc5089158740；FU-176610-466c8d994746；FU-176610-dfc93220c549；FU-176610-e0778d021925；FU-184662-0bd52814d743；FU-184662-2b2e7490e8f7；FU-209894-2ca64459eae7；FU-209894-a26e56316e1d；FU-209894-ad74c7e384ad；FU-230202-f9209b7cadb2；FU-234175-dc774a7c43d4；FU-234256-4d5e7d9930cf","20个直接核读SQL材料组覆盖的21个任务（含200030对200078的完全相同目标引用SQL复用）；按任务去重"
"cntr","柜台","","root.a；root.casttable.a；root.casttable.a.rb；root.casttable.c；root.casttable.rb；root.casttable.setop.b0.setop.b0.rb；root.casttable.setop.b0.setop.b0.setop.b0.setop.b0.setop.b0.setop.b0.setop.b1.rb；root.casttable.setop.b0.setop.b0.setop.b0.setop.b0.setop.b0.setop.b1.rb；root.casttable.setop.b0.setop.b1.rb；root.casttable.setop.b0.t.setop.b0.setop.b0.rb；root.casttable.setop.b0.t.setop.b0.setop.b1.rb；root.casttable.setop.b0.t.setop.b1.rb；root.casttable.setop.b1.rb；root.casttable.u.rb；root.mt.rb；root.setop.b0.rb1；root.setop.b1.rb1","","","源侧通配投影（未证明下游使用）","12","12","107018；114782；134167；138186；145871；171179；176610；184662；209894；230202；234175；234256","cntr","E-107018；E-114782；E-134167；E-138186；E-145871；E-171179；E-176610；E-184662；E-209894；E-230202；E-234175；E-234256","FU-107018-6b02f3950669；FU-107018-72408a6af8ff；FU-114782-6ad8e084fea5；FU-114782-e41a2e42b756；FU-134167-6ae464f951b0；FU-138186-4316e9c41332；FU-145871-4a2b84593e50；FU-171179-ba49e4cfebb9；FU-171179-cffc390860ce；FU-176610-7ea09d1aaf9e；FU-176610-864773f5cfde；FU-176610-b6016a7a7176；FU-184662-e1e6e32a7805；FU-184662-fecb5383bd8a；FU-209894-7b175b9c8b40；FU-209894-a1d65b7e5d48；FU-209894-e1250470beb9；FU-230202-97eb7feb707d；FU-234175-f10657e28b73；FU-234256-07e81f647b88","20个直接核读SQL材料组覆盖的21个任务（含200030对200078的完全相同目标引用SQL复用）；按任务去重"
"data_etl_date","数据加载日期","","root.a；root.casttable.a；root.casttable.a.rb；root.casttable.c；root.casttable.rb；root.casttable.setop.b0.setop.b0.rb；root.casttable.setop.b0.setop.b0.setop.b0.setop.b0.setop.b0.setop.b0.setop.b1.rb；root.casttable.setop.b0.setop.b0.setop.b0.setop.b0.setop.b0.setop.b1.rb；root.casttable.setop.b0.setop.b1.rb；root.casttable.setop.b0.t.setop.b0.setop.b0.rb；root.casttable.setop.b0.t.setop.b0.setop.b1.rb；root.casttable.setop.b0.t.setop.b1.rb；root.casttable.setop.b1.rb；root.casttable.u.rb；root.mt.rb；root.setop.b0.rb1；root.setop.b1.rb1","","","源侧通配投影（未证明下游使用）","12","12","107018；114782；134167；138186；145871；171179；176610；184662；209894；230202；234175；234256","data_etl_date","E-107018；E-114782；E-134167；E-138186；E-145871；E-171179；E-176610；E-184662；E-209894；E-230202；E-234175；E-234256","FU-107018-c8e28d968399；FU-107018-d6c4b9f4eeda；FU-114782-29b5bd1a4acc；FU-114782-7fc1dddc3b49；FU-134167-e581f3180427；FU-138186-d45f01e1f3c6；FU-145871-9c13607b50a7；FU-171179-5a11e7f3757b；FU-171179-dce87ea4b537；FU-176610-b13ea84756e7；FU-176610-b2e8f0a30aba；FU-176610-ffe51d9baef9；FU-184662-6c9d791e2564；FU-184662-e308b7c86837；FU-209894-3654f2380d2a；FU-209894-7ef52327e38d；FU-209894-cb656f92bba6；FU-230202-d8b75dc8c9b4；FU-234175-ca8719f106fe；FU-234256-974901c53381","20个直接核读SQL材料组覆盖的21个任务（含200030对200078的完全相同目标引用SQL复用）；按任务去重"
"data_src_cd","数据来源代码","","root.a；root.casttable.a；root.casttable.a.rb；root.casttable.c；root.casttable.rb；root.casttable.setop.b0.setop.b0.rb；root.casttable.setop.b0.setop.b0.setop.b0.setop.b0.setop.b0.setop.b0.setop.b1.rb；root.casttable.setop.b0.setop.b0.setop.b0.setop.b0.setop.b0.setop.b1.rb；root.casttable.setop.b0.setop.b1.rb；root.casttable.setop.b0.t.setop.b0.setop.b0.rb；root.casttable.setop.b0.t.setop.b0.setop.b1.rb；root.casttable.setop.b0.t.setop.b1.rb；root.casttable.setop.b1.rb；root.casttable.u.rb；root.mt.rb；root.setop.b0.rb1；root.setop.b1.rb1","","","源侧通配投影（未证明下游使用）","12","12","107018；114782；134167；138186；145871；171179；176610；184662；209894；230202；234175；234256","data_src_cd","E-107018；E-114782；E-134167；E-138186；E-145871；E-171179；E-176610；E-184662；E-209894；E-230202；E-234175；E-234256","FU-107018-d41900066c74；FU-107018-de825582a0da；FU-114782-28445d20a473；FU-114782-6377967ef321；FU-134167-a0b063d851bd；FU-138186-c62384c37ccb；FU-145871-dfa73cde9d10；FU-171179-677a47f5ace7；FU-171179-d36e4d30371b；FU-176610-891bc179267a；FU-176610-ce8120a7c070；FU-176610-d8d6357b338b；FU-184662-6904a8db3003；FU-184662-b4a2b33b5337；FU-209894-342d70d401af；FU-209894-8cde9608e74f；FU-209894-c52ecc4e871d；FU-230202-c7a310dae61b；FU-234175-cd144d65979f；FU-234256-0a7194171ffc","20个直接核读SQL材料组覆盖的21个任务（含200030对200078的完全相同目标引用SQL复用）；按任务去重"
"data_time","数据时间","","root.a；root.casttable.a；root.casttable.a.rb；root.casttable.c；root.casttable.rb；root.casttable.setop.b0.setop.b0.rb；root.casttable.setop.b0.setop.b0.setop.b0.setop.b0.setop.b0.setop.b0.setop.b1.rb；root.casttable.setop.b0.setop.b0.setop.b0.setop.b0.setop.b0.setop.b1.rb；root.casttable.setop.b0.setop.b1.rb；root.casttable.setop.b0.t.setop.b0.setop.b0.rb；root.casttable.setop.b0.t.setop.b0.setop.b1.rb；root.casttable.setop.b0.t.setop.b1.rb；root.casttable.setop.b1.rb；root.casttable.u.rb；root.mt.rb；root.setop.b0.rb1；root.setop.b1.rb1","","","源侧通配投影（未证明下游使用）","12","12","107018；114782；134167；138186；145871；171179；176610；184662；209894；230202；234175；234256","data_time","E-107018；E-114782；E-134167；E-138186；E-145871；E-171179；E-176610；E-184662；E-209894；E-230202；E-234175；E-234256","FU-107018-8564cb1336cf；FU-107018-f35bcb8c90bc；FU-114782-7a409c14cd7d；FU-114782-d75a12041181；FU-134167-9b5ce79c98f5；FU-138186-2a8dbeee8b20；FU-145871-9138c0bfa010；FU-171179-b6a01ddcc866；FU-171179-d221458e7b00；FU-176610-0a159cac901b；FU-176610-8e77b722d33e；FU-176610-ce04b54fb5a7；FU-184662-53d8b9e911f9；FU-184662-896b2420751e；FU-209894-1e615f7249e7；FU-209894-51fe89bbcb3e；FU-209894-d607fab23e1b；FU-230202-db89152def5b；FU-234175-ab13ddcefc7e；FU-234256-39d1499cadb8","20个直接核读SQL材料组覆盖的21个任务（含200030对200078的完全相同目标引用SQL复用）；按任务去重"
"data_upt_date","数据更新日期","","root.a；root.casttable.a；root.casttable.a.rb；root.casttable.c；root.casttable.rb；root.casttable.setop.b0.setop.b0.rb；root.casttable.setop.b0.setop.b0.setop.b0.setop.b0.setop.b0.setop.b0.setop.b1.rb；root.casttable.setop.b0.setop.b0.setop.b0.setop.b0.setop.b0.setop.b1.rb；root.casttable.setop.b0.setop.b1.rb；root.casttable.setop.b0.t.setop.b0.setop.b0.rb；root.casttable.setop.b0.t.setop.b0.setop.b1.rb；root.casttable.setop.b0.t.setop.b1.rb；root.casttable.setop.b1.rb；root.casttable.u.rb；root.mt.rb；root.setop.b0.rb1；root.setop.b1.rb1","","","源侧通配投影（未证明下游使用）","12","12","107018；114782；134167；138186；145871；171179；176610；184662；209894；230202；234175；234256","data_upt_date","E-107018；E-114782；E-134167；E-138186；E-145871；E-171179；E-176610；E-184662；E-209894；E-230202；E-234175；E-234256","FU-107018-713fd5b03e3e；FU-107018-a3ba994edf0b；FU-114782-0710ff514853；FU-114782-fc976bce5633；FU-134167-0d77083cd261；FU-138186-7a1c6cf023a3；FU-145871-786f53a55ab8；FU-171179-ccd7aecd7916；FU-171179-fe848e26272f；FU-176610-07dea4e406ea；FU-176610-5e2f9476b7c2；FU-176610-aa83ca1a150c；FU-184662-187ecb90c1ef；FU-184662-9db07264125c；FU-209894-7502f4908816；FU-209894-bbc042b1a650；FU-209894-bcb6a0d79b86；FU-230202-97f88db505a1；FU-234175-5189adc7357c；FU-234256-14e069ddfa21","20个直接核读SQL材料组覆盖的21个任务（含200030对200078的完全相同目标引用SQL复用）；按任务去重"
"eff_date","生效日期","","root.a；root.casttable.a；root.casttable.a.rb；root.casttable.c；root.casttable.rb；root.casttable.setop.b0.setop.b0.rb；root.casttable.setop.b0.setop.b0.setop.b0.setop.b0.setop.b0.setop.b0.setop.b1.rb；root.casttable.setop.b0.setop.b0.setop.b0.setop.b0.setop.b0.setop.b1.rb；root.casttable.setop.b0.setop.b1.rb；root.casttable.setop.b0.t.setop.b0.setop.b0.rb；root.casttable.setop.b0.t.setop.b0.setop.b1.rb；root.casttable.setop.b0.t.setop.b1.rb；root.casttable.setop.b1.rb；root.casttable.u.rb；root.mt.rb；root.setop.b0.rb1；root.setop.b1.rb1","","","源侧通配投影（未证明下游使用）","12","12","107018；114782；134167；138186；145871；171179；176610；184662；209894；230202；234175；234256","eff_date","E-107018；E-114782；E-134167；E-138186；E-145871；E-171179；E-176610；E-184662；E-209894；E-230202；E-234175；E-234256","FU-107018-35e681a50585；FU-107018-7213cf05999b；FU-114782-a76ea3a0a02e；FU-114782-bfa6149b3502；FU-134167-af678f67ba46；FU-138186-2d69d630935c；FU-145871-54d486da7044；FU-171179-6e0c1f18c7e8；FU-171179-9724aa2c0cb5；FU-176610-25a42fa36c1f；FU-176610-2f02a615ec3f；FU-176610-e934e2fcea6b；FU-184662-35eee5560f97；FU-184662-518619a46676；FU-209894-b0a0e554fe43；FU-209894-b0c102eca75c；FU-209894-d034eba0633e；FU-230202-745b6f7ebb6f；FU-234175-ec78ef254eaf；FU-234256-2a32125a25ea","20个直接核读SQL材料组覆盖的21个任务（含200030对200078的完全相同目标引用SQL复用）；按任务去重"
"enable_ast_module_flag","启用资金模块标志","","root.a；root.casttable.a；root.casttable.a.rb；root.casttable.c；root.casttable.rb；root.casttable.setop.b0.setop.b0.rb；root.casttable.setop.b0.setop.b0.setop.b0.setop.b0.setop.b0.setop.b0.setop.b1.rb；root.casttable.setop.b0.setop.b0.setop.b0.setop.b0.setop.b0.setop.b1.rb；root.casttable.setop.b0.setop.b1.rb；root.casttable.setop.b0.t.setop.b0.setop.b0.rb；root.casttable.setop.b0.t.setop.b0.setop.b1.rb；root.casttable.setop.b0.t.setop.b1.rb；root.casttable.setop.b1.rb；root.casttable.u.rb；root.mt.rb；root.setop.b0.rb1；root.setop.b1.rb1","","","源侧通配投影（未证明下游使用）","12","12","107018；114782；134167；138186；145871；171179；176610；184662；209894；230202；234175；234256","enable_ast_module_flag","E-107018；E-114782；E-134167；E-138186；E-145871；E-171179；E-176610；E-184662；E-209894；E-230202；E-234175；E-234256","FU-107018-3c3ce365e414；FU-107018-616e28e390b4；FU-114782-31292c87b88e；FU-114782-6cd159d8d3dc；FU-134167-5ff260dad658；FU-138186-283f631b15b7；FU-145871-0ae75b0c28ac；FU-171179-66172ecc0379；FU-171179-7bc7c5513190；FU-176610-161db3433ff2；FU-176610-8d71bebf5419；FU-176610-e9d278600342；FU-184662-28032f5608eb；FU-184662-529a2c3348e7；FU-209894-33b29d7aaac2；FU-209894-912ca362b9dc；FU-209894-949c9dd7f7dd；FU-230202-dc3480c104a8；FU-234175-4f57ea813a3f；FU-234256-c022d1a19d27","20个直接核读SQL材料组覆盖的21个任务（含200030对200078的完全相同目标引用SQL复用）；按任务去重"
"enable_rgst_flag","启用报备标志","","root.a；root.casttable.a；root.casttable.a.rb；root.casttable.c；root.casttable.rb；root.casttable.setop.b0.setop.b0.rb；root.casttable.setop.b0.setop.b0.setop.b0.setop.b0.setop.b0.setop.b0.setop.b1.rb；root.casttable.setop.b0.setop.b0.setop.b0.setop.b0.setop.b0.setop.b1.rb；root.casttable.setop.b0.setop.b1.rb；root.casttable.setop.b0.t.setop.b0.setop.b0.rb；root.casttable.setop.b0.t.setop.b0.setop.b1.rb；root.casttable.setop.b0.t.setop.b1.rb；root.casttable.setop.b1.rb；root.casttable.u.rb；root.mt.rb；root.setop.b0.rb1；root.setop.b1.rb1","","","源侧通配投影（未证明下游使用）","12","12","107018；114782；134167；138186；145871；171179；176610；184662；209894；230202；234175；234256","enable_rgst_flag","E-107018；E-114782；E-134167；E-138186；E-145871；E-171179；E-176610；E-184662；E-209894；E-230202；E-234175；E-234256","FU-107018-f80443a10519；FU-107018-fdd790942890；FU-114782-1824e8ded453；FU-114782-f048a0e3c8f9；FU-134167-a7a25e8cde79；FU-138186-7ecb25f68b7e；FU-145871-d8d9da3b4775；FU-171179-178e08b2ba6e；FU-171179-931f167d9a04；FU-176610-2fee8b1d7e8f；FU-176610-ac25a2401e5c；FU-176610-cd9dfe9bc273；FU-184662-95a7664fb001；FU-184662-d9f6903aa6cf；FU-209894-9acf17af285d；FU-209894-b15a7c50fe1e；FU-209894-e5f97f0f17d8；FU-230202-72ee5679bbc5；FU-234175-50d143fe0f0a；FU-234256-cd57c9b78874","20个直接核读SQL材料组覆盖的21个任务（含200030对200078的完全相同目标引用SQL复用）；按任务去重"
"enable_risk_qta_flag","启用风险限额标志","","root.a；root.casttable.a；root.casttable.a.rb；root.casttable.c；root.casttable.rb；root.casttable.setop.b0.setop.b0.rb；root.casttable.setop.b0.setop.b0.setop.b0.setop.b0.setop.b0.setop.b0.setop.b1.rb；root.casttable.setop.b0.setop.b0.setop.b0.setop.b0.setop.b0.setop.b1.rb；root.casttable.setop.b0.setop.b1.rb；root.casttable.setop.b0.t.setop.b0.setop.b0.rb；root.casttable.setop.b0.t.setop.b0.setop.b1.rb；root.casttable.setop.b0.t.setop.b1.rb；root.casttable.setop.b1.rb；root.casttable.u.rb；root.mt.rb；root.setop.b0.rb1；root.setop.b1.rb1","","","源侧通配投影（未证明下游使用）","12","12","107018；114782；134167；138186；145871；171179；176610；184662；209894；230202；234175；234256","enable_risk_qta_flag","E-107018；E-114782；E-134167；E-138186；E-145871；E-171179；E-176610；E-184662；E-209894；E-230202；E-234175；E-234256","FU-107018-d09f8d6a1ed5；FU-107018-f301fd2e83d9；FU-114782-0a2363146f32；FU-114782-a4c0a14d29b7；FU-134167-f632c445b553；FU-138186-2d8f912dc993；FU-145871-9496bb79cd9d；FU-171179-04a48598512d；FU-171179-671b66572022；FU-176610-3d804111306e；FU-176610-81f27ffdfe2d；FU-176610-b21fc483341a；FU-184662-957d6198ac35；FU-184662-9c9cc9759976；FU-209894-2242ec56a66a；FU-209894-71ffb1130e69；FU-209894-f7e2da4ce6bb；FU-230202-f166271318ea；FU-234175-88244db13cb9；FU-234256-f2dbdb059a5a","20个直接核读SQL材料组覆盖的21个任务（含200030对200078的完全相同目标引用SQL复用）；按任务去重"
"enable_scdtm_revw_flag","启用二次复核标志","","root.a；root.casttable.a；root.casttable.a.rb；root.casttable.c；root.casttable.rb；root.casttable.setop.b0.setop.b0.rb；root.casttable.setop.b0.setop.b0.setop.b0.setop.b0.setop.b0.setop.b0.setop.b1.rb；root.casttable.setop.b0.setop.b0.setop.b0.setop.b0.setop.b0.setop.b1.rb；root.casttable.setop.b0.setop.b1.rb；root.casttable.setop.b0.t.setop.b0.setop.b0.rb；root.casttable.setop.b0.t.setop.b0.setop.b1.rb；root.casttable.setop.b0.t.setop.b1.rb；root.casttable.setop.b1.rb；root.casttable.u.rb；root.mt.rb；root.setop.b0.rb1；root.setop.b1.rb1","","","源侧通配投影（未证明下游使用）","12","12","107018；114782；134167；138186；145871；171179；176610；184662；209894；230202；234175；234256","enable_scdtm_revw_flag","E-107018；E-114782；E-134167；E-138186；E-145871；E-171179；E-176610；E-184662；E-209894；E-230202；E-234175；E-234256","FU-107018-19c4911dedb4；FU-107018-f525e0f538fe；FU-114782-2d45946bcd48；FU-114782-9a4e3a5fc318；FU-134167-e7a7873a4282；FU-138186-9ff23e8d27dd；FU-145871-bc3d33b7261a；FU-171179-85451b67257c；FU-171179-a9e8ecb595e4；FU-176610-0c530ce2c3c2；FU-176610-6a734309c7b7；FU-176610-f06fd83f21a3；FU-184662-b324e8572552；FU-184662-e19262c5a1c6；FU-209894-1bcbc0c69724；FU-209894-6daa4eb62d7d；FU-209894-db8bf6a87513；FU-230202-0a863ca1b3c8；FU-234175-e6c6ea609dbf；FU-234256-f9228262cbc9","20个直接核读SQL材料组覆盖的21个任务（含200030对200078的完全相同目标引用SQL复用）；按任务去重"
"enable_sett_ntfc_flag","启用结算通知书标志","","root.a；root.casttable.a；root.casttable.a.rb；root.casttable.c；root.casttable.rb；root.casttable.setop.b0.setop.b0.rb；root.casttable.setop.b0.setop.b0.setop.b0.setop.b0.setop.b0.setop.b0.setop.b1.rb；root.casttable.setop.b0.setop.b0.setop.b0.setop.b0.setop.b0.setop.b1.rb；root.casttable.setop.b0.setop.b1.rb；root.casttable.setop.b0.t.setop.b0.setop.b0.rb；root.casttable.setop.b0.t.setop.b0.setop.b1.rb；root.casttable.setop.b0.t.setop.b1.rb；root.casttable.setop.b1.rb；root.casttable.u.rb；root.mt.rb；root.setop.b0.rb1；root.setop.b1.rb1","","","源侧通配投影（未证明下游使用）","12","12","107018；114782；134167；138186；145871；171179；176610；184662；209894；230202；234175；234256","enable_sett_ntfc_flag","E-107018；E-114782；E-134167；E-138186；E-145871；E-171179；E-176610；E-184662；E-209894；E-230202；E-234175；E-234256","FU-107018-35f2bbdd04bf；FU-107018-6e3cf766769e；FU-114782-50ca3f18b20b；FU-114782-82130c335b02；FU-134167-9f521271efe8；FU-138186-72db312c8e33；FU-145871-76167c176b86；FU-171179-5968eada6867；FU-171179-6425bccec17d；FU-176610-360af55a1ae9；FU-176610-d9a143ea741e；FU-176610-def226668763；FU-184662-1ea17d1b960f；FU-184662-30173dc8315b；FU-209894-87bc4435cb56；FU-209894-bac8e29a7c6c；FU-209894-bb2908a0f521；FU-230202-11c43a07c222；FU-234175-9fac50a6eacb；FU-234256-63c4901713cb","20个直接核读SQL材料组覆盖的21个任务（含200030对200078的完全相同目标引用SQL复用）；按任务去重"
"enable_trd_cfm_flag","启用交易确认书标志","","root.a；root.casttable.a；root.casttable.a.rb；root.casttable.c；root.casttable.rb；root.casttable.setop.b0.setop.b0.rb；root.casttable.setop.b0.setop.b0.setop.b0.setop.b0.setop.b0.setop.b0.setop.b1.rb；root.casttable.setop.b0.setop.b0.setop.b0.setop.b0.setop.b0.setop.b1.rb；root.casttable.setop.b0.setop.b1.rb；root.casttable.setop.b0.t.setop.b0.setop.b0.rb；root.casttable.setop.b0.t.setop.b0.setop.b1.rb；root.casttable.setop.b0.t.setop.b1.rb；root.casttable.setop.b1.rb；root.casttable.u.rb；root.mt.rb；root.setop.b0.rb1；root.setop.b1.rb1","","","源侧通配投影（未证明下游使用）","12","12","107018；114782；134167；138186；145871；171179；176610；184662；209894；230202；234175；234256","enable_trd_cfm_flag","E-107018；E-114782；E-134167；E-138186；E-145871；E-171179；E-176610；E-184662；E-209894；E-230202；E-234175；E-234256","FU-107018-9b948329e438；FU-107018-f11e5d84d326；FU-114782-3d713898b59d；FU-114782-c84dfaaf72c0；FU-134167-c4ba231da22b；FU-138186-171661c68970；FU-145871-1720c8f318ea；FU-171179-0a87f41a092b；FU-171179-b6240c06b301；FU-176610-277f1062f54e；FU-176610-8d5cdcd6ef74；FU-176610-ce4d1de80861；FU-184662-80adf40bddc2；FU-184662-cf004f767a56；FU-209894-1099164b8e0a；FU-209894-375743d44808；FU-209894-c7baf9e46b21；FU-230202-985b1a9efc7f；FU-234175-873083c158be；FU-234256-d7d8e1ce65d2","20个直接核读SQL材料组覆盖的21个任务（含200030对200078的完全相同目标引用SQL复用）；按任务去重"
"exp_date","到期日期","","root.a；root.casttable.a；root.casttable.a.rb；root.casttable.c；root.casttable.rb；root.casttable.setop.b0.setop.b0.rb；root.casttable.setop.b0.setop.b0.setop.b0.setop.b0.setop.b0.setop.b0.setop.b1.rb；root.casttable.setop.b0.setop.b0.setop.b0.setop.b0.setop.b0.setop.b1.rb；root.casttable.setop.b0.setop.b1.rb；root.casttable.setop.b0.t.setop.b0.setop.b0.rb；root.casttable.setop.b0.t.setop.b0.setop.b1.rb；root.casttable.setop.b0.t.setop.b1.rb；root.casttable.setop.b1.rb；root.casttable.u.rb；root.mt.rb；root.setop.b0.rb1；root.setop.b1.rb1","","","源侧通配投影（未证明下游使用）","12","12","107018；114782；134167；138186；145871；171179；176610；184662；209894；230202；234175；234256","exp_date","E-107018；E-114782；E-134167；E-138186；E-145871；E-171179；E-176610；E-184662；E-209894；E-230202；E-234175；E-234256","FU-107018-161e74ac29b8；FU-107018-5ea447b887d3；FU-114782-212c891656a1；FU-114782-e9a38fc099a8；FU-134167-d6afc6b1800d；FU-138186-1a957a05c2fc；FU-145871-eaa9425cec90；FU-171179-1f907d4533ad；FU-171179-9d160c628e85；FU-176610-278626a1f88c；FU-176610-6d81dc125433；FU-176610-a54c9a62426f；FU-184662-d5253834ee22；FU-184662-e5e44e4059c1；FU-209894-68bc8fb80188；FU-209894-8b46e0d17cec；FU-209894-aba8008aeda1；FU-230202-405f96ff083f；FU-234175-c9680fd6fe56；FU-234256-9f07e6eca593","20个直接核读SQL材料组覆盖的21个任务（含200030对200078的完全相同目标引用SQL复用）；按任务去重"
"map_undrl_cd","映射标的代码","","root.a；root.casttable.a；root.casttable.a.rb；root.casttable.c；root.casttable.rb；root.casttable.setop.b0.setop.b0.rb；root.casttable.setop.b0.setop.b0.setop.b0.setop.b0.setop.b0.setop.b0.setop.b1.rb；root.casttable.setop.b0.setop.b0.setop.b0.setop.b0.setop.b0.setop.b1.rb；root.casttable.setop.b0.setop.b1.rb；root.casttable.setop.b0.t.setop.b0.setop.b0.rb；root.casttable.setop.b0.t.setop.b0.setop.b1.rb；root.casttable.setop.b0.t.setop.b1.rb；root.casttable.setop.b1.rb；root.casttable.u.rb；root.mt.rb；root.setop.b0.rb1；root.setop.b1.rb1","","","源侧通配投影（未证明下游使用）","12","12","107018；114782；134167；138186；145871；171179；176610；184662；209894；230202；234175；234256","map_undrl_cd","E-107018；E-114782；E-134167；E-138186；E-145871；E-171179；E-176610；E-184662；E-209894；E-230202；E-234175；E-234256","FU-107018-40fcf60c99bb；FU-107018-4ce9b15e96d5；FU-114782-3534419cd510；FU-114782-5a2c64be4b11；FU-134167-edbb6eb4a380；FU-138186-f19fdc4a5372；FU-145871-06cbd0ea17d4；FU-171179-bad2ba27bda4；FU-171179-d89f35584437；FU-176610-2e772ea6bd54；FU-176610-d8ae43ab8f2b；FU-176610-edc004e7aa4c；FU-184662-908ceac6a750；FU-184662-db3171b0dd18；FU-209894-084131966b3e；FU-209894-19ea60edde18；FU-209894-6fc195e819f2；FU-230202-2b7aac0175fa；FU-234175-e3c61b210a36；FU-234256-e48bf4201373","20个直接核读SQL材料组覆盖的21个任务（含200030对200078的完全相同目标引用SQL复用）；按任务去重"
"ost_otc_ind","场内外标识","","root.a；root.casttable.a；root.casttable.a.rb；root.casttable.c；root.casttable.rb；root.casttable.setop.b0.setop.b0.rb；root.casttable.setop.b0.setop.b0.setop.b0.setop.b0.setop.b0.setop.b0.setop.b1.rb；root.casttable.setop.b0.setop.b0.setop.b0.setop.b0.setop.b0.setop.b1.rb；root.casttable.setop.b0.setop.b1.rb；root.casttable.setop.b0.t.setop.b0.setop.b0.rb；root.casttable.setop.b0.t.setop.b0.setop.b1.rb；root.casttable.setop.b0.t.setop.b1.rb；root.casttable.setop.b1.rb；root.casttable.u.rb；root.mt.rb；root.setop.b0.rb1；root.setop.b1.rb1","","","源侧通配投影（未证明下游使用）","12","12","107018；114782；134167；138186；145871；171179；176610；184662；209894；230202；234175；234256","ost_otc_ind","E-107018；E-114782；E-134167；E-138186；E-145871；E-171179；E-176610；E-184662；E-209894；E-230202；E-234175；E-234256","FU-107018-044571aa710b；FU-107018-c91547c94fbd；FU-114782-9a3b1c564ad7；FU-114782-c71b135c132f；FU-134167-1e9ae5ae168b；FU-138186-bba9a78eda81；FU-145871-91bf3cdf3e9d；FU-171179-aeb6d2915ff3；FU-171179-fa3b3c23fb4a；FU-176610-573d3a275e1c；FU-176610-995835ac38c5；FU-176610-c6f4bbd043ca；FU-184662-48c100a9c2c3；FU-184662-9705c6e6e4b4；FU-209894-78320142dc96；FU-209894-7fdf1319175a；FU-209894-f4a0197af8e4；FU-230202-7a07f11131c8；FU-234175-552bda8eb708；FU-234256-a416208887bb","20个直接核读SQL材料组覆盖的21个任务（含200030对200078的完全相同目标引用SQL复用）；按任务去重"
"remark","备注","","root.a；root.casttable.a；root.casttable.a.rb；root.casttable.c；root.casttable.rb；root.casttable.setop.b0.setop.b0.rb；root.casttable.setop.b0.setop.b0.setop.b0.setop.b0.setop.b0.setop.b0.setop.b1.rb；root.casttable.setop.b0.setop.b0.setop.b0.setop.b0.setop.b0.setop.b1.rb；root.casttable.setop.b0.setop.b1.rb；root.casttable.setop.b0.t.setop.b0.setop.b0.rb；root.casttable.setop.b0.t.setop.b0.setop.b1.rb；root.casttable.setop.b0.t.setop.b1.rb；root.casttable.setop.b1.rb；root.casttable.u.rb；root.mt.rb；root.setop.b0.rb1；root.setop.b1.rb1","","","源侧通配投影（未证明下游使用）","12","12","107018；114782；134167；138186；145871；171179；176610；184662；209894；230202；234175；234256","remark","E-107018；E-114782；E-134167；E-138186；E-145871；E-171179；E-176610；E-184662；E-209894；E-230202；E-234175；E-234256","FU-107018-4b2503cea507；FU-107018-bae4da034fa0；FU-114782-45b57a881a57；FU-114782-80f1da6660a9；FU-134167-57477da62ad6；FU-138186-f858cd8f7f11；FU-145871-cd1307452951；FU-171179-2ed517903d86；FU-171179-e9f819ea846e；FU-176610-0b3642458e36；FU-176610-ad2ab3348613；FU-176610-d73c809af6b6；FU-184662-ac4a4b2c282e；FU-184662-b5a85f9e73e8；FU-209894-bb039a3036ba；FU-209894-d36826ccbea3；FU-209894-ef73f2cc703c；FU-230202-177f79bca8fd；FU-234175-9198190d0067；FU-234256-5ad94de6eaf9","20个直接核读SQL材料组覆盖的21个任务（含200030对200078的完全相同目标引用SQL复用）；按任务去重"
"rep_fin_flag","报送财务标志","","root.a；root.casttable.a；root.casttable.a.rb；root.casttable.c；root.casttable.rb；root.casttable.setop.b0.setop.b0.rb；root.casttable.setop.b0.setop.b0.setop.b0.setop.b0.setop.b0.setop.b0.setop.b1.rb；root.casttable.setop.b0.setop.b0.setop.b0.setop.b0.setop.b0.setop.b1.rb；root.casttable.setop.b0.setop.b1.rb；root.casttable.setop.b0.t.setop.b0.setop.b0.rb；root.casttable.setop.b0.t.setop.b0.setop.b1.rb；root.casttable.setop.b0.t.setop.b1.rb；root.casttable.setop.b1.rb；root.casttable.u.rb；root.mt.rb；root.setop.b0.rb1；root.setop.b1.rb1","","","源侧通配投影（未证明下游使用）","12","12","107018；114782；134167；138186；145871；171179；176610；184662；209894；230202；234175；234256","rep_fin_flag","E-107018；E-114782；E-134167；E-138186；E-145871；E-171179；E-176610；E-184662；E-209894；E-230202；E-234175；E-234256","FU-107018-5959d653040b；FU-107018-a606673ed56a；FU-114782-8d7cc6128037；FU-114782-e8072531c60a；FU-134167-08b1dcb8f90c；FU-138186-eb9af038b90c；FU-145871-645e721171ba；FU-171179-1c036ff0ec39；FU-171179-6641e753f442；FU-176610-701aed544b73；FU-176610-72ea4e3c56bb；FU-176610-c45a83e3473a；FU-184662-1b5bf10f6d5c；FU-184662-ff338ddd6c07；FU-209894-9102d97c1a57；FU-209894-ab19c5ac3437；FU-209894-f900c41be919；FU-230202-821731e08a93；FU-234175-2518cf7d587e；FU-234256-5e36ed4e20f0","20个直接核读SQL材料组覆盖的21个任务（含200030对200078的完全相同目标引用SQL复用）；按任务去重"
"rep_risk_flag","报送风控标志","","root.a；root.casttable.a；root.casttable.a.rb；root.casttable.c；root.casttable.rb；root.casttable.setop.b0.setop.b0.rb；root.casttable.setop.b0.setop.b0.setop.b0.setop.b0.setop.b0.setop.b0.setop.b1.rb；root.casttable.setop.b0.setop.b0.setop.b0.setop.b0.setop.b0.setop.b1.rb；root.casttable.setop.b0.setop.b1.rb；root.casttable.setop.b0.t.setop.b0.setop.b0.rb；root.casttable.setop.b0.t.setop.b0.setop.b1.rb；root.casttable.setop.b0.t.setop.b1.rb；root.casttable.setop.b1.rb；root.casttable.u.rb；root.mt.rb；root.setop.b0.rb1；root.setop.b1.rb1","","","源侧通配投影（未证明下游使用）","12","12","107018；114782；134167；138186；145871；171179；176610；184662；209894；230202；234175；234256","rep_risk_flag","E-107018；E-114782；E-134167；E-138186；E-145871；E-171179；E-176610；E-184662；E-209894；E-230202；E-234175；E-234256","FU-107018-066764d9b772；FU-107018-ac52e3dea430；FU-114782-da6278d4107b；FU-114782-fff5e98b4f1c；FU-134167-f74f1a579696；FU-138186-8aabfb284c5e；FU-145871-0ae4d1754492；FU-171179-3e63a0d7a30e；FU-171179-96a914cba001；FU-176610-14cfac86d761；FU-176610-878e7aec969b；FU-176610-c7bcaf0bc79c；FU-184662-6965c7e06afe；FU-184662-8ff1cf5c20eb；FU-209894-4d23ff9bfa4f；FU-209894-86cf0f7249b7；FU-209894-9633483d7ac5；FU-230202-bf13f5a35145；FU-234175-5790158ab4a4；FU-234256-c6521967baee","20个直接核读SQL材料组覆盖的21个任务（含200030对200078的完全相同目标引用SQL复用）；按任务去重"
"src_tbl","源表","","root.a；root.casttable.a；root.casttable.a.rb；root.casttable.c；root.casttable.rb；root.casttable.setop.b0.setop.b0.rb；root.casttable.setop.b0.setop.b0.setop.b0.setop.b0.setop.b0.setop.b0.setop.b1.rb；root.casttable.setop.b0.setop.b0.setop.b0.setop.b0.setop.b0.setop.b1.rb；root.casttable.setop.b0.setop.b1.rb；root.casttable.setop.b0.t.setop.b0.setop.b0.rb；root.casttable.setop.b0.t.setop.b0.setop.b1.rb；root.casttable.setop.b0.t.setop.b1.rb；root.casttable.setop.b1.rb；root.casttable.u.rb；root.mt.rb；root.setop.b0.rb1；root.setop.b1.rb1","","","源侧通配投影（未证明下游使用）","12","12","107018；114782；134167；138186；145871；171179；176610；184662；209894；230202；234175；234256","src_tbl","E-107018；E-114782；E-134167；E-138186；E-145871；E-171179；E-176610；E-184662；E-209894；E-230202；E-234175；E-234256","FU-107018-711e3b688f7b；FU-107018-875c563e1c8d；FU-114782-9c7a589d9944；FU-114782-ddd2a4e28237；FU-134167-dabbd33f5cca；FU-138186-1d889bdfebd6；FU-145871-98f4e48bf393；FU-171179-506805cb066c；FU-171179-ccfc5d2ac4df；FU-176610-46c49009c209；FU-176610-811e4033cbda；FU-176610-9d90cb090279；FU-184662-534d51ae8370；FU-184662-d45bbc891687；FU-209894-4178de66dc5b；FU-209894-c9ac67aeeca4；FU-209894-f0206e114a6c；FU-230202-364dadc9285d；FU-234175-298290323046；FU-234256-351c83811cae","20个直接核读SQL材料组覆盖的21个任务（含200030对200078的完全相同目标引用SQL复用）；按任务去重"
"task_name","任务名","","root.a；root.casttable.a；root.casttable.a.rb；root.casttable.c；root.casttable.rb；root.casttable.setop.b0.setop.b0.rb；root.casttable.setop.b0.setop.b0.setop.b0.setop.b0.setop.b0.setop.b0.setop.b1.rb；root.casttable.setop.b0.setop.b0.setop.b0.setop.b0.setop.b0.setop.b1.rb；root.casttable.setop.b0.setop.b1.rb；root.casttable.setop.b0.t.setop.b0.setop.b0.rb；root.casttable.setop.b0.t.setop.b0.setop.b1.rb；root.casttable.setop.b0.t.setop.b1.rb；root.casttable.setop.b1.rb；root.casttable.u.rb；root.mt.rb；root.setop.b0.rb1；root.setop.b1.rb1","","","源侧通配投影（未证明下游使用）","12","12","107018；114782；134167；138186；145871；171179；176610；184662；209894；230202；234175；234256","task_name","E-107018；E-114782；E-134167；E-138186；E-145871；E-171179；E-176610；E-184662；E-209894；E-230202；E-234175；E-234256","FU-107018-55e11c19f5f3；FU-107018-a0a0d201807b；FU-114782-2045ef759691；FU-114782-b10b085f2bb9；FU-134167-d4bc23014053；FU-138186-77cb62eef1f9；FU-145871-040c4761c913；FU-171179-469ba6c1c76a；FU-171179-de4d92128bdb；FU-176610-1b0182bbe043；FU-176610-651f1f4f0795；FU-176610-9b64206c0bab；FU-184662-5bdeecfc907f；FU-184662-f097eebb5408；FU-209894-1a18ab6eae4f；FU-209894-9c9b1c9ee94b；FU-209894-d47da70767af；FU-230202-85cd4264b569；FU-234175-7d42990c9a5d；FU-234256-09c608482669","20个直接核读SQL材料组覆盖的21个任务（含200030对200078的完全相同目标引用SQL复用）；按任务去重"
"bel_dept","所属部门","RB1；a；b；bb；rb","root.(child-5)；root.casttable；root.casttable.a；root.casttable.a.bb；root.casttable.a.bb.b；root.casttable.rb；root.casttable.setop.b0；root.casttable.setop.b0.setop.b0.setop.b0.setop.b0.setop.b0.setop.b0.setop.b1；root.casttable.setop.b0.setop.b0.setop.b0.setop.b0.setop.b0.setop.b1；root.casttable.t1；root.setop.b0；root.setop.b1；root.srctab.setop.b0.setop.b0.setop.b1.rb","","","中间投影","11","10","107018；134167；143830；171179；200030；200078；209119；215700；234256；241773；243918","RB1.Bel_Dept AS Book_Bel_Dept；Bel_Dept as DEPARTMENT；rb.bel_dept as department","E-107018；E-134167；E-143830；E-171179；E-200030；E-200078；E-209119；E-215700；E-234256；E-241773；E-243918","FU-107018-15a8ba8e45d2；FU-107018-3354ed365979；FU-134167-f00de91f805e；FU-143830-944bb850c8cd；FU-171179-5e4b9e17f1cb；FU-171179-74927dc2cc55；FU-200030-b49844c42287；FU-200030-d63870100ce1；FU-200078-34d7cb75ef98；FU-200078-7ff9659a5a52；FU-209119-0db81688c635；FU-209119-1ab8b0d22a1c；FU-215700-301beb48ae6c；FU-234256-32535a826eb2；FU-234256-3fc9f337ec63；FU-234256-5cd7c73567c4；FU-234256-afdea749fb85；FU-241773-9275b66bbde2；FU-243918-f29c3fca4bb6；FU-243918-f6cd7583edd3","20个直接核读SQL材料组覆盖的21个任务（含200030对200078的完全相同目标引用SQL复用）；按任务去重"
"book_agt_id","账簿协议编号","a","root.(child).setop.b0.setop.b0.rb；root.(child).setop.b0.setop.b1.rb；root.(child).setop.b1.rb；root.(child-1).t6；root.(child-2).t5；root.(child-5)；root.casttable；root.casttable.a.bb.b；root.casttable.rb；root.casttable.rb_ori；root.casttable.setop.b1.t_nom_prin.rb；root.casttable.t1；root.srctab.setop.b0.setop.b0.setop.b0.rb；root.srctab.setop.b0.setop.b0.setop.b1.rb","","","中间投影","10","9","134167；200030；200078；209119；209894；215700；221300；234256；241773；243918","Book_Agt_Id as KEY_BOOK_ID；Book_Agt_Id KEY_BOOK_ID；book_agt_id as key_book_id","E-134167；E-200030；E-200078；E-209119；E-209894；E-215700；E-221300；E-234256；E-241773；E-243918","FU-134167-22cd159f9755；FU-200030-9deaab1ec04e；FU-200078-5acae5a81831；FU-209119-12e144696035；FU-209119-1db57437a983；FU-209119-1f6533937f60；FU-209119-3c19293904c5；FU-209119-b90ff1964671；FU-209894-079ec2b36a25；FU-215700-220a84b9dbd9；FU-221300-76ffaabccdca；FU-221300-b7ff2d80b397；FU-234256-aec38c9f1dc3；FU-241773-1fcb86d98df9；FU-241773-7e08b92f3ace；FU-243918-51c3508f77a4；FU-243918-c9cfaa55f4e0","20个直接核读SQL材料组覆盖的21个任务（含200030对200078的完全相同目标引用SQL复用）；按任务去重"
"book_agt_id","账簿协议编号","RB；RB1；rb；t5；t6","root.(child-1)；root.(child-2)；root.casttable；root.casttable.a；root.casttable.setop.b0；root.casttable.setop.b1.t_nom_prin；root.mt；root.setop.b0","pdata_n.t03_agt_rela_h.rela_agt_id","","JOIN关联","10","9","107018；114782；143830；184662；200030；200078；209894；215700；221300；234256","TOT1.Rela_Agt_Id = RB1.Book_Agt_Id；TOT.Rela_Agt_Id = RB.Book_Agt_Id；TOT1.rela_agt_id = RB.BOOK_agt_ID","E-107018；E-114782；E-143830；E-184662；E-200030；E-200078；E-209894；E-215700；E-221300；E-234256","FU-107018-025a76937a6b；FU-114782-24e6b79bcfa0；FU-114782-373cbdad9eec；FU-143830-651facfa2f80；FU-184662-49f6578ddd42；FU-184662-df7630fe1c84；FU-200030-314ed1ee6ba4；FU-200078-6fdea7e7f9ce；FU-209894-35f8c723ed9a；FU-215700-d29ffe44e106；FU-221300-127b0a40a3cd；FU-221300-d028adeaa0b1；FU-234256-73ea8c2ad72c","20个直接核读SQL材料组覆盖的21个任务（含200030对200078的完全相同目标引用SQL复用）；按任务去重"
"bel_dept","所属部门","A","root","","","输出取值","9","8","134167；143830；145871；176610；200030；200078；209119；234256；243918","DEPARTMENT；department；A.Bel_Dept AS Bel_Dept","E-134167；E-143830；E-145871；E-176610；E-200030；E-200078；E-209119；E-234256；E-243918","FU-134167-267388bf9414；FU-143830-84d093928275；FU-145871-a9275adee445；FU-176610-b88400f4fce7；FU-200030-8fa469b6b11b；FU-200078-e63642dbe584；FU-209119-ef13fcbd90bf；FU-234256-99636fa117e3；FU-243918-e241004a90c9","20个直接核读SQL材料组覆盖的21个任务（含200030对200078的完全相同目标引用SQL复用）；按任务去重"
"bel_dept","所属部门","book；rb","root.(child-1).t6；root.(child-2).t5；root.casttable；root.casttable.setop.b0.setop.b0.rb；root.casttable.setop.b0.setop.b1.rb；root.casttable.setop.b0.t.setop.b0.setop.b0.rb；root.casttable.setop.b0.t.setop.b0.setop.b1.rb；root.casttable.setop.b0.t.setop.b1.rb；root.casttable.setop.b1.rb；root.casttable.setop.b1.t_nom_prin.rb；root.casttable.t1；root.mt.rb；root.srctab.setop.b0.setop.b1","","","过滤条件","8","8","114782；138186；176610；184662；209894；221300；243650；243918","src_tbl='ODATA_N_TIT.D_REF_BOOK' AND Bel_Dept = 'OTC' AND busi_date= '2026-05-18'；src_tbl='ODATA_N_TIT.D_REF_BOOK' AND busi_date= '2026-05-18' and Bel_Dept = 'OTC'；rb.Bel_Dept = 'ED' OR (RT.Ext_Comp_No = 'TRS-GFED20250021' AND R.wind_cd_src = '300476.SZ') OR RT.Ext_Comp_No IN ('TRS-GFED20260001','TRS-GFED20260003','TRS-GFED20260006')","E-114782；E-138186；E-176610；E-184662；E-209894；E-221300；E-243650；E-243918","FU-114782-2c0c4174669c；FU-114782-946872e54008；FU-138186-04cb528272c7；FU-176610-6ded8dbb7037；FU-176610-78d2485c7007；FU-176610-c1dc326ad2eb；FU-184662-459b6e1e2536；FU-184662-8a9cd2c86804；FU-209894-1e3c1fc293b3；FU-209894-4246cfa2aa47；FU-209894-92c24cd511f6；FU-209894-cbef00b83ca9；FU-221300-5d5b1a9549e6；FU-221300-6cc96b3dc399；FU-243650-afcf376df924；FU-243918-756332a21136","20个直接核读SQL材料组覆盖的21个任务（含200030对200078的完全相同目标引用SQL复用）；按任务去重"
"book_agt_id","账簿协议编号","RB；book；rb","root.casttable；root.casttable.setop.b0.setop.b0；root.casttable.setop.b0.setop.b0.setop.b0.setop.b0.setop.b0.setop.b0.setop.b1；root.casttable.setop.b0.setop.b0.setop.b0.setop.b0.setop.b0.setop.b1；root.casttable.setop.b0.setop.b1；root.casttable.setop.b0.t.setop.b0.setop.b0；root.casttable.setop.b0.t.setop.b0.setop.b1；root.casttable.setop.b0.t.setop.b1；root.casttable.setop.b1；root.srctab.setop.b0.setop.b0.setop.b1；root.srctab.setop.b0.setop.b1","pdata_n.t98_sb_otc_swap_comp_info.book_agt_id","","JOIN关联","6","6","138186；171179；176610；209894；241773；243650","RT.Book_Agt_Id = RB.Book_Agt_Id；RT.Book_Agt_Id = rb.Book_Agt_Id；trs.Book_Agt_Id = RB.Book_Agt_Id","E-138186；E-171179；E-176610；E-209894；E-241773；E-243650","FU-138186-25f0f0a6969b；FU-171179-b90170f49556；FU-171179-dcf2bd294d8c；FU-176610-13b67669cad4；FU-176610-443c3ee418d8；FU-176610-d672ac53d86e；FU-209894-448107b58e61；FU-209894-6a21b9d1e322；FU-209894-ac20711b1c87；FU-241773-235775b7ccca；FU-243650-f1ab56e89b53","20个直接核读SQL材料组覆盖的21个任务（含200030对200078的完全相同目标引用SQL复用）；按任务去重"
"book_agt_id","账簿协议编号","a；b；t1","root.casttable；root.casttable.a.bb；root.casttable.rb","pdata_n.t03_agt_name_h.agt_id","","JOIN关联","4","4","134167；209119；234256；243918","a.Book_Agt_Id = b.Agt_Id；a.book_agt_id = b.agt_id；a.Agt_Id = b.Book_Agt_Id","E-134167；E-209119；E-234256；E-243918","FU-134167-fcdd7aa1264f；FU-209119-576b371d06f9；FU-234256-127ee2db401e；FU-243918-604e93468cde","20个直接核读SQL材料组覆盖的21个任务（含200030对200078的完全相同目标引用SQL复用）；按任务去重"
"cntr","柜台","A","root","","","输出取值","4","4","134167；145871；209119；243918","DESK；A.Cntr AS Cntr；desk","E-134167；E-145871；E-209119；E-243918","FU-134167-a39f5556ef85；FU-145871-fc6df73b0cfd；FU-209119-19b9958d0697；FU-243918-35ea4b9c177f","20个直接核读SQL材料组覆盖的21个任务（含200030对200078的完全相同目标引用SQL复用）；按任务去重"
"cntr","柜台","a；rb","root.casttable；root.casttable.rb；root.casttable.t1；root.srctab.setop.b0.setop.b0.setop.b0.rb","","","中间投影","4","4","134167；209119；241773；243918","Cntr as DESK；a.cntr；rb.cntr as desk","E-134167；E-209119；E-241773；E-243918","FU-134167-8b553045149e；FU-209119-5df5e94c918b；FU-209119-7639d61ec1fa；FU-241773-5c8f38d44cdf；FU-243918-0804fdec9cc3；FU-243918-3c08a9ef66ab","20个直接核读SQL材料组覆盖的21个任务（含200030对200078的完全相同目标引用SQL复用）；按任务去重"
"bel_co","所属公司","A","root","","","输出取值","3","3","134167；145871；243918","COMPANY；A.Bel_Co AS Bel_Co；company","E-134167；E-145871；E-243918","FU-134167-b23c4efffc95；FU-145871-0ee0e025ff7d；FU-243918-a9f825d82b1e","20个直接核读SQL材料组覆盖的21个任务（含200030对200078的完全相同目标引用SQL复用）；按任务去重"
"bel_co","所属公司","","root.casttable；root.casttable.t1；root.srctab.setop.b0.setop.b0.setop.b1.rb","","","中间投影","3","3","134167；241773；243918","Bel_Co as COMPANY；bel_co；Bel_Co as company","E-134167；E-241773；E-243918","FU-134167-1f6cb29b6d27；FU-241773-27b6cffe3e23；FU-243918-569fd701f67d；FU-243918-b71d3b87a88d","20个直接核读SQL材料组覆盖的21个任务（含200030对200078的完全相同目标引用SQL复用）；按任务去重"
"bel_dept","所属部门","","root；root.casttable；root.casttable.setop.b0","","","计算取值","3","3","107018；143830；176610","UNION_OUTPUT(Book_Bel_Dept)；UNION_OUTPUT(department)；UNION_OUTPUT(system_name)","E-107018；E-143830；E-176610","FU-107018-fdd8a720c3f1；FU-143830-558ceb97a8de；FU-176610-bd67d7ced48d；FU-176610-ee4b5de1a3ce","20个直接核读SQL材料组覆盖的21个任务（含200030对200078的完全相同目标引用SQL复用）；按任务去重"
"book_agt_modifr","账簿协议修饰符","RB；RB1","root.mt；root.setop.b0","pdata_n.t03_agt_rela_h.rela_agt_modifr","","JOIN关联","3","3","107018；114782；184662","TOT1.Rela_Agt_Modifr = RB1.Book_Agt_Modifr；TOT.Rela_Agt_Modifr = RB.Book_Agt_Modifr","E-107018；E-114782；E-184662","FU-107018-badfab5854b0；FU-114782-1dea71435c87；FU-114782-fb6b72042c8a；FU-184662-5d215fe89680；FU-184662-f7f9c3b9ae13","20个直接核读SQL材料组覆盖的21个任务（含200030对200078的完全相同目标引用SQL复用）；按任务去重"
"enable_ast_module_flag","启用资金模块标志","A","root","","","输出取值","3","3","134167；145871；243918","ENABLE_CAPITAL；A.Enable_Ast_Module_Flag AS Enable_Ast_Module_Flag；enable_capital","E-134167；E-145871；E-243918","FU-134167-3aa8eb8d8a5b；FU-145871-b0eda81ad3e9；FU-243918-da10c66a0e37","20个直接核读SQL材料组覆盖的21个任务（含200030对200078的完全相同目标引用SQL复用）；按任务去重"
"enable_rgst_flag","启用报备标志","A","root","","","输出取值","3","3","134167；145871；243918","ENABLE_REPORT；A.Enable_Rgst_Flag AS Enable_Rgst_Flag；enable_report","E-134167；E-145871；E-243918","FU-134167-fb93e1b31f29；FU-145871-62bcb8ee9176；FU-243918-7a86b91e0982","20个直接核读SQL材料组覆盖的21个任务（含200030对200078的完全相同目标引用SQL复用）；按任务去重"
"enable_risk_qta_flag","启用风险限额标志","A","root","","","输出取值","3","3","134167；145871；243918","ENABLE_LIMIT；A.Enable_Risk_Qta_Flag AS Enable_Risk_Qta_Flag；enable_limit","E-134167；E-145871；E-243918","FU-134167-9e4ceba37b52；FU-145871-5b50ef5fa2ae；FU-243918-f1582a15f4a5","20个直接核读SQL材料组覆盖的21个任务（含200030对200078的完全相同目标引用SQL复用）；按任务去重"
"enable_scdtm_revw_flag","启用二次复核标志","A","root","","","输出取值","3","3","134167；145871；243918","ENABLE_REPEAT_CHECK；A.Enable_Scdtm_Revw_Flag AS Enable_Scdtm_Revw_Flag；enable_repeat_check","E-134167；E-145871；E-243918","FU-134167-e742e83798bf；FU-145871-b2e0a023a581；FU-243918-c96fbe667e42","20个直接核读SQL材料组覆盖的21个任务（含200030对200078的完全相同目标引用SQL复用）；按任务去重"
"enable_sett_ntfc_flag","启用结算通知书标志","A","root","","","输出取值","3","3","134167；145871；243918","ENABLE_SETTLEMENT；A.Enable_Sett_Ntfc_Flag AS Enable_Sett_Ntfc_Flag；enable_settlement","E-134167；E-145871；E-243918","FU-134167-5fea1f88bc68；FU-145871-f2716bba2e4c；FU-243918-0a02e66799f1","20个直接核读SQL材料组覆盖的21个任务（含200030对200078的完全相同目标引用SQL复用）；按任务去重"
"enable_trd_cfm_flag","启用交易确认书标志","A","root","","","输出取值","3","3","134167；145871；243918","ENABLE_CONFIRMATION；A.Enable_Trd_Cfm_Flag AS Enable_Trd_Cfm_Flag；enable_confirmation","E-134167；E-145871；E-243918","FU-134167-ba61f047aa83；FU-145871-481308ac8e33；FU-243918-29c0b137b04e","20个直接核读SQL材料组覆盖的21个任务（含200030对200078的完全相同目标引用SQL复用）；按任务去重"
"ost_otc_ind","场内外标识","A","root","","","输出取值","3","3","134167；145871；243918","MARKET_TYPE；A.Ost_Otc_Ind AS Ost_Otc_Ind；market_type","E-134167；E-145871；E-243918","FU-134167-76ae5f3c686e；FU-145871-76568087023c；FU-243918-af477db96e1b","20个直接核读SQL材料组覆盖的21个任务（含200030对200078的完全相同目标引用SQL复用）；按任务去重"
"remark","备注","A","root","","","输出取值","3","3","134167；145871；243918","DESCRIPTION；A.Remark AS Remark；description","E-134167；E-145871；E-243918","FU-134167-e351083b6c85；FU-145871-d3b048f57d7f；FU-243918-17859216d31f","20个直接核读SQL材料组覆盖的21个任务（含200030对200078的完全相同目标引用SQL复用）；按任务去重"
"rep_fin_flag","报送财务标志","A","root","","","输出取值","3","3","134167；145871；243918","ENABLE_FINANCIAL；A.Rep_Fin_Flag AS Rep_Fin_Flag；enable_financial","E-134167；E-145871；E-243918","FU-134167-805a3ed59149；FU-145871-901bf6e9655b；FU-243918-9bb97dff21e6","20个直接核读SQL材料组覆盖的21个任务（含200030对200078的完全相同目标引用SQL复用）；按任务去重"
"rep_risk_flag","报送风控标志","A","root","","","输出取值","3","3","134167；145871；243918","ENABLE_RISK；A.Rep_Risk_Flag AS Rep_Risk_Flag；enable_risk","E-134167；E-145871；E-243918","FU-134167-f04048850056；FU-145871-a10fb09863e6；FU-243918-043448136e3c","20个直接核读SQL材料组覆盖的21个任务（含200030对200078的完全相同目标引用SQL复用）；按任务去重"
"bel_co","所属公司","","root.casttable.a；root.casttable.c","","","过滤条件","2","2","134167；234175","SRC_TBL = 'ODATA_N_TIT.D_REF_BOOK' and BUSI_DATE = '${yyyy-MM-dd}' and Bel_Co = 'GFS_HK'","E-134167；E-234175","FU-134167-924efc78abec；FU-234175-18b16a077b6a","20个直接核读SQL材料组覆盖的21个任务（含200030对200078的完全相同目标引用SQL复用）；按任务去重"
"book_agt_id","账簿协议编号","","root","","","输出取值","2","2","134167；243918","KEY_BOOK_ID；key_book_id","E-134167；E-243918","FU-134167-e227eb28bf05；FU-243918-4c9f7ba76bc4","20个直接核读SQL材料组覆盖的21个任务（含200030对200078的完全相同目标引用SQL复用）；按任务去重"
"book_agt_id","账簿协议编号","A；t1","root；root.casttable","pdata_n.t03_agt.agt_id","","JOIN关联","2","2","145871；243918","A.Book_Agt_Id = B.Agt_Id；t1.key_book_id = t2.key_book_id","E-145871；E-243918","FU-145871-f8d09a7622d4；FU-243918-f157299c368b","20个直接核读SQL材料组覆盖的21个任务（含200030对200078的完全相同目标引用SQL复用）；按任务去重"
"busi_date","业务日期","book；rb","root.casttable.setop.b0；root.srctab.setop.b0.setop.b1","","","JOIN关联","2","2","143830；243650","rb.busi_date = '${yyyy-MM-dd}'；book.busi_date = '${yyyy-MM-dd}'","E-143830；E-243650","FU-143830-84e043dc40fa；FU-243650-1ed3382ef9d9","20个直接核读SQL材料组覆盖的21个任务（含200030对200078的完全相同目标引用SQL复用）；按任务去重"
"eff_date","生效日期","","root","","","输出取值","2","2","134167；243918","VALID_STARTDATE；valid_startdate","E-134167；E-243918","FU-134167-e8402c2d4d9e；FU-243918-7385752857e8","20个直接核读SQL材料组覆盖的21个任务（含200030对200078的完全相同目标引用SQL复用）；按任务去重"
"eff_date","生效日期","","root.casttable；root.casttable.t1","","","中间投影","2","2","134167；243918","Eff_Date as VALID_STARTDATE；Eff_Date as valid_startdate；t1.valid_startdate","E-134167；E-243918","FU-134167-ae154da5f50d；FU-243918-706b3afa0a28；FU-243918-a4ef44c5228e","20个直接核读SQL材料组覆盖的21个任务（含200030对200078的完全相同目标引用SQL复用）；按任务去重"
"exp_date","到期日期","","root","","","输出取值","2","2","134167；243918","VALID_ENDDATE；valid_enddate","E-134167；E-243918","FU-134167-087fa9af5a2a；FU-243918-9195af5d2698","20个直接核读SQL材料组覆盖的21个任务（含200030对200078的完全相同目标引用SQL复用）；按任务去重"
"exp_date","到期日期","","root.casttable；root.casttable.t1","","","中间投影","2","2","134167；243918","Exp_Date as VALID_ENDDATE；Exp_Date as valid_enddate；t1.valid_enddate","E-134167；E-243918","FU-134167-1e068856e35c；FU-243918-1aee7908fd06；FU-243918-b43ffd3cb49f","20个直接核读SQL材料组覆盖的21个任务（含200030对200078的完全相同目标引用SQL复用）；按任务去重"
"map_undrl_cd","映射标的代码","","root","","pdata_news_n.t02_tit_scr_base_info.undrl_clas","输出取值","2","2","209119；230202","underlying_summary_mapping；Map_Undrl_Cd","E-209119；E-230202","FU-209119-36cb57cbb0ac；FU-230202-a400ebd23134","20个直接核读SQL材料组覆盖的21个任务（含200030对200078的完全相同目标引用SQL复用）；按任务去重"
"map_undrl_cd","映射标的代码","rb","root.casttable；root.casttable.u","","pdata_news_n.t02_tit_scr_base_info.undrl_clas","条件/回退取值","2","2","209119；230202","if(nvl(rb_ori.mapping_wind_code,'')='',ri.summary_mapping,rb_ori.mapping_wind_code) as underlying_summary_mapping；nvl(if(rb.Map_Undrl_Cd='',null,rb.Map_Undrl_Cd),ins.undrl_clas) as Map_Undrl_Cd","E-209119；E-230202","FU-209119-73a6569399c6；FU-230202-fe9631e8f9f5","20个直接核读SQL材料组覆盖的21个任务（含200030对200078的完全相同目标引用SQL复用）；按任务去重"
"map_undrl_cd","映射标的代码","","root.casttable；root.casttable.rb_ori；root.casttable.t1","","","中间投影","2","2","209119；243918","map_undrl_cd as mapping_wind_code；Map_Undrl_Cd as mapping_wind_code；t1.mapping_wind_code","E-209119；E-243918","FU-209119-a8e66829883e；FU-243918-c8fd390bb831；FU-243918-fe48be9434ab","20个直接核读SQL材料组覆盖的21个任务（含200030对200078的完全相同目标引用SQL复用）；按任务去重"
"ost_otc_ind","场内外标识","","root.casttable；root.casttable.t1","","","中间投影","2","2","134167；243918","Ost_Otc_Ind as MARKET_TYPE；Ost_Otc_Ind as market_type；t1.market_type","E-134167；E-243918","FU-134167-a4519c57cf06；FU-243918-3b377edd2858；FU-243918-f6c5f41c52ab","20个直接核读SQL材料组覆盖的21个任务（含200030对200078的完全相同目标引用SQL复用）；按任务去重"
"remark","备注","","root.casttable；root.casttable.t1","","","中间投影","2","2","134167；243918","Remark as DESCRIPTION；Remark as description；t1.description","E-134167；E-243918","FU-134167-c13a92b65e66；FU-243918-20d4b100e18b；FU-243918-fc02ac1f0291","20个直接核读SQL材料组覆盖的21个任务（含200030对200078的完全相同目标引用SQL复用）；按任务去重"
"src_tbl","源表","book；rb","root.casttable.setop.b0；root.srctab.setop.b0.setop.b1","","","JOIN关联","2","2","143830；243650","rb.src_tbl = 'ODATA_N_TIT.D_REF_BOOK'；book.src_tbl = 'ODATA_N_TIT.D_REF_BOOK'","E-143830；E-243650","FU-143830-2d49ffd0b417；FU-243650-b12110eaf93f","20个直接核读SQL材料组覆盖的21个任务（含200030对200078的完全相同目标引用SQL复用）；按任务去重"
"bel_co","所属公司","","root.srctab；root.srctab.setop.b0；root.srctab.setop.b0.setop.b0","","pdata_n.t03_otc_swap_comp_info.comp_usag_cd；pdata_n.t03_otc_swap_comp_leg_info.res_flag；pdata_n.t03_otc_swap_comp_leg_info.res_type；pdata_n.t98_otc_swap_comp_trd_undrl_info.crrc_cd；pdata_n.t98_otc_swap_comp_trd_undrl_info.src_scr_type_cd；pdata_n.t98_sb_otc_opt_comp_info.bgng_prcg_date；pdata_n.t98_sb_otc_opt_comp_info.res_flag；pdata_n.t98_sb_otc_opt_comp_info.sler_cutp_pty_id；pdata_n.t98_sb_otc_opt_comp_info.src_agt_sub_type_cd；pdata_n.t98_sb_otc_opt_comp_info.src_agt_type_cd；pdata_n.t98_sb_otc_opt_comp_info.undrl_cd；pdata_n.t98_sb_otc_swap_comp_info.strt_pric_date；pdata_n.t98_sb_otc_swap_comp_info.swap_type_cd；pdata_news_n.t02_tit_scr_base_info.scr_type_src","计算取值","1","1","241773","UNION_OUTPUT(tag_id)","E-241773","FU-241773-1f5836e02f02；FU-241773-be2088d40ed1；FU-241773-fda79f0d748c","20个直接核读SQL材料组覆盖的21个任务（含200030对200078的完全相同目标引用SQL复用）；按任务去重"
"bel_co","所属公司","rb","root.srctab.setop.b0.setop.b0.setop.b1","","pdata_n.t03_otc_swap_comp_info.comp_usag_cd；pdata_n.t03_otc_swap_comp_leg_info.res_flag；pdata_n.t03_otc_swap_comp_leg_info.res_type；pdata_n.t98_otc_swap_comp_trd_undrl_info.crrc_cd；pdata_n.t98_otc_swap_comp_trd_undrl_info.src_scr_type_cd；pdata_n.t98_sb_otc_swap_comp_info.strt_pric_date；pdata_n.t98_sb_otc_swap_comp_info.swap_type_cd","条件/回退取值","1","1","241773","if( rt.strt_pric_date <= '2025-03-31' -- 旧版 , case when rb.bel_dept = 'OTC_HK' and rt.swap_type_cd = 'CROSS_LEND_SWAP' then 'tag074452414' -- TRS_CROSS_LEND_SWAP 跨境借券 when rb.bel_dept = 'OTC_HK' and rt.swap_type_cd = 'HK_LONG_HOLD_SWAP' the","E-241773","FU-241773-9c170c1fcf46","20个直接核读SQL材料组覆盖的21个任务（含200030对200078的完全相同目标引用SQL复用）；按任务去重"
"bel_co","所属公司","srctab","root","dm_index_n.tag_def.tag_id","pdata_n.t03_otc_swap_comp_info.comp_usag_cd；pdata_n.t03_otc_swap_comp_leg_info.res_flag；pdata_n.t03_otc_swap_comp_leg_info.res_type；pdata_n.t98_otc_swap_comp_trd_undrl_info.crrc_cd；pdata_n.t98_otc_swap_comp_trd_undrl_info.src_scr_type_cd；pdata_n.t98_sb_otc_opt_comp_info.bgng_prcg_date；pdata_n.t98_sb_otc_opt_comp_info.res_flag；pdata_n.t98_sb_otc_opt_comp_info.sler_cutp_pty_id；pdata_n.t98_sb_otc_opt_comp_info.src_agt_sub_type_cd；pdata_n.t98_sb_otc_opt_comp_info.src_agt_type_cd；pdata_n.t98_sb_otc_opt_comp_info.undrl_cd；pdata_n.t98_sb_otc_swap_comp_info.strt_pric_date；pdata_n.t98_sb_otc_swap_comp_info.swap_type_cd；pdata_news_n.t02_tit_scr_base_info.scr_type_src","JOIN关联","1","1","241773","srctab.tag_id = tag.tag_id","E-241773","FU-241773-7ac7440fa82e","20个直接核读SQL材料组覆盖的21个任务（含200030对200078的完全相同目标引用SQL复用）；按任务去重"
"bel_dept","所属部门","","root.casttable.setop.b0.setop.b0.setop.b0.setop.b0.setop.b0；root.casttable.setop.b0.setop.b0.setop.b0.setop.b0.setop.b0.setop.b0","","pdata_n.t98_sb_otc_opt_comp_info.book_bel_dept","计算取值","1","1","171179","UNION_OUTPUT(Book_Bel_Dept)","E-171179","FU-171179-a075b8a1498d；FU-171179-ab6551a10c7e","20个直接核读SQL材料组覆盖的21个任务（含200030对200078的完全相同目标引用SQL复用）；按任务去重"
"bel_dept","所属部门","","root.casttable；root.casttable.setop.b0；root.casttable.setop.b0.setop.b0；root.casttable.setop.b0.setop.b0.setop.b0；root.casttable.setop.b0.setop.b0.setop.b0.setop.b0","","pdata_n.t98_otc_deri_book_info.bel_dept；pdata_n.t98_sb_otc_opt_comp_info.book_bel_dept","计算取值","1","1","171179","UNION_OUTPUT(Book_Bel_Dept)","E-171179","FU-171179-2d13a2191fae；FU-171179-4328447993ce；FU-171179-642cf43eb169；FU-171179-9cc6112b59f5；FU-171179-f5b3cd480b1a","20个直接核读SQL材料组覆盖的21个任务（含200030对200078的完全相同目标引用SQL复用）；按任务去重"
"bel_dept","所属部门","","root.srctab；root.srctab.setop.b0；root.srctab.setop.b0.setop.b0","","pdata_n.t03_otc_swap_comp_info.comp_usag_cd；pdata_n.t03_otc_swap_comp_leg_info.res_flag；pdata_n.t03_otc_swap_comp_leg_info.res_type；pdata_n.t98_otc_swap_comp_trd_undrl_info.crrc_cd；pdata_n.t98_otc_swap_comp_trd_undrl_info.src_scr_type_cd；pdata_n.t98_sb_otc_opt_comp_info.bgng_prcg_date；pdata_n.t98_sb_otc_opt_comp_info.res_flag；pdata_n.t98_sb_otc_opt_comp_info.sler_cutp_pty_id；pdata_n.t98_sb_otc_opt_comp_info.src_agt_sub_type_cd；pdata_n.t98_sb_otc_opt_comp_info.src_agt_type_cd；pdata_n.t98_sb_otc_opt_comp_info.undrl_cd；pdata_n.t98_sb_otc_swap_comp_info.strt_pric_date；pdata_n.t98_sb_otc_swap_comp_info.swap_type_cd；pdata_news_n.t02_tit_scr_base_info.scr_type_src","计算取值","1","1","241773","UNION_OUTPUT(tag_id)","E-241773","FU-241773-20a81bfd327a；FU-241773-b884166d1295；FU-241773-bc2786bbd1c6","20个直接核读SQL材料组覆盖的21个任务（含200030对200078的完全相同目标引用SQL复用）；按任务去重"
"bel_dept","所属部门","","root","","pdata_n.t98_otc_deri_book_info.bel_dept；pdata_n.t98_sb_otc_opt_comp_info.book_bel_dept","输出取值","1","1","171179","Book_Bel_Dept","E-171179","FU-171179-ff57165a1386","20个直接核读SQL材料组覆盖的21个任务（含200030对200078的完全相同目标引用SQL复用）；按任务去重"
"bel_dept","所属部门","","root","","pdata_nds.bundle_margin_daily_result.department","输出取值","1","1","215700","DEPARTMENT","E-215700","FU-215700-a9c1d9951d72","20个直接核读SQL材料组覆盖的21个任务（含200030对200078的完全相同目标引用SQL复用）；按任务去重"
"bel_dept","所属部门","rb","root.casttable.setop.b0.setop.b0；root.casttable.setop.b0.setop.b1；root.casttable.setop.b1","","","条件/回退取值","1","1","176610","case when rb.Bel_Dept = 'OTC' then '股衍' when rb.Bel_Dept = 'GFS_FICC' then '固收' end as system_name","E-176610","FU-176610-51705576b4a9；FU-176610-85cd393fb511；FU-176610-e14102af0abb","20个直接核读SQL材料组覆盖的21个任务（含200030对200078的完全相同目标引用SQL复用）；按任务去重"
"bel_dept","所属部门","","root.casttable","","pdata_nds.bundle_margin_daily_result.department","条件/回退取值","1","1","215700","NVL(RB.DEPARTMENT,DR.DEPARTMENT) AS DEPARTMENT","E-215700","FU-215700-5e85afe8c639","20个直接核读SQL材料组覆盖的21个任务（含200030对200078的完全相同目标引用SQL复用）；按任务去重"
"bel_dept","所属部门","rb","root.srctab.setop.b0.setop.b0.setop.b1","","pdata_n.t03_otc_swap_comp_info.comp_usag_cd；pdata_n.t03_otc_swap_comp_leg_info.res_flag；pdata_n.t03_otc_swap_comp_leg_info.res_type；pdata_n.t98_otc_swap_comp_trd_undrl_info.crrc_cd；pdata_n.t98_otc_swap_comp_trd_undrl_info.src_scr_type_cd；pdata_n.t98_sb_otc_swap_comp_info.strt_pric_date；pdata_n.t98_sb_otc_swap_comp_info.swap_type_cd","条件/回退取值","1","1","241773","if( rt.strt_pric_date <= '2025-03-31' -- 旧版 , case when rb.bel_dept = 'OTC_HK' and rt.swap_type_cd = 'CROSS_LEND_SWAP' then 'tag074452414' -- TRS_CROSS_LEND_SWAP 跨境借券 when rb.bel_dept = 'OTC_HK' and rt.swap_type_cd = 'HK_LONG_HOLD_SWAP' the","E-241773","FU-241773-b1de45bfa88f","20个直接核读SQL材料组覆盖的21个任务（含200030对200078的完全相同目标引用SQL复用）；按任务去重"
"bel_dept","所属部门","srctab","root","dm_index_n.tag_def.tag_id","pdata_n.t03_otc_swap_comp_info.comp_usag_cd；pdata_n.t03_otc_swap_comp_leg_info.res_flag；pdata_n.t03_otc_swap_comp_leg_info.res_type；pdata_n.t98_otc_swap_comp_trd_undrl_info.crrc_cd；pdata_n.t98_otc_swap_comp_trd_undrl_info.src_scr_type_cd；pdata_n.t98_sb_otc_opt_comp_info.bgng_prcg_date；pdata_n.t98_sb_otc_opt_comp_info.res_flag；pdata_n.t98_sb_otc_opt_comp_info.sler_cutp_pty_id；pdata_n.t98_sb_otc_opt_comp_info.src_agt_sub_type_cd；pdata_n.t98_sb_otc_opt_comp_info.src_agt_type_cd；pdata_n.t98_sb_otc_opt_comp_info.undrl_cd；pdata_n.t98_sb_otc_swap_comp_info.strt_pric_date；pdata_n.t98_sb_otc_swap_comp_info.swap_type_cd；pdata_news_n.t02_tit_scr_base_info.scr_type_src","JOIN关联","1","1","241773","srctab.tag_id = tag.tag_id","E-241773","FU-241773-f475a96c02f5","20个直接核读SQL材料组覆盖的21个任务（含200030对200078的完全相同目标引用SQL复用）；按任务去重"
"book_agt_id","账簿协议编号","RB1","root.setop.b1","","","JOIN关联","1","1","107018","MP.KEY_BOOK_ID_TO = RB1.Book_Agt_Id","E-107018","FU-107018-e5e5c258554c","20个直接核读SQL材料组覆盖的21个任务（含200030对200078的完全相同目标引用SQL复用）；按任务去重"
"book_agt_id","账簿协议编号","a","root.casttable","pdata_n.t03_agt_pty_rela_h.agt_id","","JOIN关联","1","1","134167","a.Book_Agt_Id = c.Agt_Id","E-134167","FU-134167-ac5200030dfb","20个直接核读SQL材料组覆盖的21个任务（含200030对200078的完全相同目标引用SQL复用）；按任务去重"
"book_agt_id","账簿协议编号","rb_ori","root.casttable","pdata_n.t03_agt_rela_h.rela_agt_id；pdata_n.t03_otc_deri_agt_rela_adtnl_info.book_agt_id","","JOIN关联","1","1","209119","mapping.key_book_id_from = rb_ori.key_book_id","E-209119","FU-209119-d26f40307ab1","20个直接核读SQL材料组覆盖的21个任务（含200030对200078的完全相同目标引用SQL复用）；按任务去重"
"book_agt_id","账簿协议编号","RB","root.casttable","pdata_n.t03_agt_rela_h.rela_agt_id；pdata_n.t03_otc_deri_agt_rela_adtnl_info.rela_book_agt_id","","JOIN关联","1","1","209119","MAPPING.KEY_BOOK_ID_TO = RB.book_agt_id","E-209119","FU-209119-d3a38b924b7f","20个直接核读SQL材料组覆盖的21个任务（含200030对200078的完全相同目标引用SQL复用）；按任务去重"
"book_agt_id","账簿协议编号","RB","root.(child).setop.b0.setop.b0；root.(child).setop.b0.setop.b1；root.(child).setop.b1","pdata_n.t03_otc_deri_agt_rela_adtnl_info.rela_book_agt_id","","JOIN关联","1","1","209119","BM.KEY_BOOK_ID_TO = RB.KEY_BOOK_ID","E-209119","FU-209119-090a0bec91e7；FU-209119-0a3eb0372cbf；FU-209119-0b78e77f6f2d","20个直接核读SQL材料组覆盖的21个任务（含200030对200078的完全相同目标引用SQL复用）；按任务去重"
"book_agt_id","账簿协议编号","rb","root.casttable.u","pdata_n.t98_otc_book_hold_sum.book_agt_id","","JOIN关联","1","1","230202","rb.Book_Agt_Id = b.Book_Agt_Id","E-230202","FU-230202-00e2b6bbee73","20个直接核读SQL材料组覆盖的21个任务（含200030对200078的完全相同目标引用SQL复用）；按任务去重"
"book_agt_id","账簿协议编号","c","root.casttable","pdata_n.t03_otc_opt_comp_sub_trd_info.book_agt_id","","JOIN关联","1","1","234175","p.Book_Agt_Id = c.Book_Agt_Id","E-234175","FU-234175-096c21ef21a8","20个直接核读SQL材料组覆盖的21个任务（含200030对200078的完全相同目标引用SQL复用）；按任务去重"
"book_agt_id","账簿协议编号","rb","root.srctab.setop.b0.setop.b0.setop.b0","pdata_n.t98_sb_otc_opt_comp_info.book_agt_id","","JOIN关联","1","1","241773","deal.book_agt_id = rb.book_agt_id","E-241773","FU-241773-b49dfd083136","20个直接核读SQL材料组覆盖的21个任务（含200030对200078的完全相同目标引用SQL复用）；按任务去重"
"book_agt_modifr","账簿协议修饰符","A","root","pdata_n.t03_agt.agt_modifr","","JOIN关联","1","1","145871","A.Book_Agt_Modifr = B.Agt_Modifr","E-145871","FU-145871-c1872b8d019f","20个直接核读SQL材料组覆盖的21个任务（含200030对200078的完全相同目标引用SQL复用）；按任务去重"
"busi_date","业务日期","","root","","","输出取值","1","1","243918","busi_date","E-243918","FU-243918-22935a374802","20个直接核读SQL材料组覆盖的21个任务（含200030对200078的完全相同目标引用SQL复用）；按任务去重"
"busi_date","业务日期","t1","root.casttable；root.casttable.t1","","","中间投影","1","1","243918","busi_date；t1.busi_date","E-243918","FU-243918-7f126d4e3d55；FU-243918-ddde409f5e56","20个直接核读SQL材料组覆盖的21个任务（含200030对200078的完全相同目标引用SQL复用）；按任务去重"
"cntr","柜台","","root.casttable.u.rb","","","过滤条件","1","1","230202","src_tbl = 'ODATA_N_TIT.D_REF_BOOK' and busi_date = '${yyyy-MM-dd}' and Cntr = 'DYNAMIC_HEDGING'","E-230202","FU-230202-d6e6cd0b28b6","20个直接核读SQL材料组覆盖的21个任务（含200030对200078的完全相同目标引用SQL复用）；按任务去重"
"cntr","柜台","","root.srctab；root.srctab.setop.b0；root.srctab.setop.b0.setop.b0","","pdata_n.t03_otc_swap_comp_info.comp_usag_cd；pdata_n.t03_otc_swap_comp_leg_info.res_flag；pdata_n.t03_otc_swap_comp_leg_info.res_type；pdata_n.t98_otc_swap_comp_trd_undrl_info.crrc_cd；pdata_n.t98_otc_swap_comp_trd_undrl_info.src_scr_type_cd；pdata_n.t98_sb_otc_opt_comp_info.bgng_prcg_date；pdata_n.t98_sb_otc_opt_comp_info.res_flag；pdata_n.t98_sb_otc_opt_comp_info.sler_cutp_pty_id；pdata_n.t98_sb_otc_opt_comp_info.src_agt_sub_type_cd；pdata_n.t98_sb_otc_opt_comp_info.src_agt_type_cd；pdata_n.t98_sb_otc_opt_comp_info.undrl_cd；pdata_n.t98_sb_otc_swap_comp_info.strt_pric_date；pdata_n.t98_sb_otc_swap_comp_info.swap_type_cd；pdata_news_n.t02_tit_scr_base_info.scr_type_src","计算取值","1","1","241773","UNION_OUTPUT(tag_id)","E-241773","FU-241773-19df443701ec；FU-241773-764662fac2b6；FU-241773-99eeaa287149","20个直接核读SQL材料组覆盖的21个任务（含200030对200078的完全相同目标引用SQL复用）；按任务去重"
"cntr","柜台","rb","root.srctab.setop.b0.setop.b0.setop.b0","","pdata_n.t98_sb_otc_opt_comp_info.bgng_prcg_date；pdata_n.t98_sb_otc_opt_comp_info.res_flag；pdata_n.t98_sb_otc_opt_comp_info.sler_cutp_pty_id；pdata_n.t98_sb_otc_opt_comp_info.src_agt_sub_type_cd；pdata_n.t98_sb_otc_opt_comp_info.src_agt_type_cd；pdata_n.t98_sb_otc_opt_comp_info.undrl_cd；pdata_news_n.t02_tit_scr_base_info.scr_type_src","条件/回退取值","1","1","241773","if( deal.bgng_prcg_date <= '2025-03-31' -- 旧版 , case when deal.src_agt_type_cd = 'AUTOCALL' and deal.src_agt_sub_type_cd not in ('SNOWBALL', 'SECURED') and coalesce(bc.ins_family, ins.ins_family) in ('EQUITY', 'GDR') then 'tag074452399' -- ","E-241773","FU-241773-abe5257af6f1","20个直接核读SQL材料组覆盖的21个任务（含200030对200078的完全相同目标引用SQL复用）；按任务去重"
"cntr","柜台","srctab","root","dm_index_n.tag_def.tag_id","pdata_n.t03_otc_swap_comp_info.comp_usag_cd；pdata_n.t03_otc_swap_comp_leg_info.res_flag；pdata_n.t03_otc_swap_comp_leg_info.res_type；pdata_n.t98_otc_swap_comp_trd_undrl_info.crrc_cd；pdata_n.t98_otc_swap_comp_trd_undrl_info.src_scr_type_cd；pdata_n.t98_sb_otc_opt_comp_info.bgng_prcg_date；pdata_n.t98_sb_otc_opt_comp_info.res_flag；pdata_n.t98_sb_otc_opt_comp_info.sler_cutp_pty_id；pdata_n.t98_sb_otc_opt_comp_info.src_agt_sub_type_cd；pdata_n.t98_sb_otc_opt_comp_info.src_agt_type_cd；pdata_n.t98_sb_otc_opt_comp_info.undrl_cd；pdata_n.t98_sb_otc_swap_comp_info.strt_pric_date；pdata_n.t98_sb_otc_swap_comp_info.swap_type_cd；pdata_news_n.t02_tit_scr_base_info.scr_type_src","JOIN关联","1","1","241773","srctab.tag_id = tag.tag_id","E-241773","FU-241773-fc239cd0fbc2","20个直接核读SQL材料组覆盖的21个任务（含200030对200078的完全相同目标引用SQL复用）；按任务去重"
"cntr","柜台","t1","root.casttable","pdata_n.ref_dw_cd_val.dw_cd_val","","JOIN关联","1","1","243918","t1.desk = t4.desk","E-243918","FU-243918-9135f1e1b7d3","20个直接核读SQL材料组覆盖的21个任务（含200030对200078的完全相同目标引用SQL复用）；按任务去重"
"eff_date","生效日期","","root.casttable.a.bb.b","","","过滤条件","1","1","234256","SRC_TBL = 'ODATA_N_TIT.D_REF_BOOK' and BUSI_DATE = '${yyyy-MM-dd}' and Eff_Date <= '${yyyy-MM-dd}' and Exp_Date > '${yyyy-MM-dd}'","E-234256","FU-234256-548b114ff204","20个直接核读SQL材料组覆盖的21个任务（含200030对200078的完全相同目标引用SQL复用）；按任务去重"
"enable_ast_module_flag","启用资金模块标志","","root.casttable","","","条件/回退取值","1","1","134167","CASE WHEN Enable_Ast_Module_Flag = '1' THEN 'Y' WHEN Enable_Ast_Module_Flag = '0' THEN 'N' ELSE Enable_Ast_Module_Flag END as ENABLE_CAPITAL","E-134167","FU-134167-325ffedcb2d9","20个直接核读SQL材料组覆盖的21个任务（含200030对200078的完全相同目标引用SQL复用）；按任务去重"
"enable_ast_module_flag","启用资金模块标志","","root.casttable；root.casttable.t1","","","中间投影","1","1","243918","Enable_Ast_Module_Flag as enable_capital；t1.enable_capital","E-243918","FU-243918-3360123b55e2；FU-243918-cac77e02766b","20个直接核读SQL材料组覆盖的21个任务（含200030对200078的完全相同目标引用SQL复用）；按任务去重"
"enable_rgst_flag","启用报备标志","","root.casttable","","","条件/回退取值","1","1","134167","CASE WHEN Enable_Rgst_Flag = '1' THEN 'Y' WHEN Enable_Rgst_Flag = '0' THEN 'N' ELSE Enable_Rgst_Flag END as ENABLE_REPORT","E-134167","FU-134167-b19d9356524f","20个直接核读SQL材料组覆盖的21个任务（含200030对200078的完全相同目标引用SQL复用）；按任务去重"
"enable_rgst_flag","启用报备标志","","root.casttable；root.casttable.t1","","","中间投影","1","1","243918","Enable_Rgst_Flag as enable_report；t1.enable_report","E-243918","FU-243918-210bf0fa5f28；FU-243918-9d17c16c090c","20个直接核读SQL材料组覆盖的21个任务（含200030对200078的完全相同目标引用SQL复用）；按任务去重"
"enable_risk_qta_flag","启用风险限额标志","","root.casttable","","","条件/回退取值","1","1","134167","CASE WHEN Enable_Risk_Qta_Flag = '1' THEN 'Y' WHEN Enable_Risk_Qta_Flag = '0' THEN 'N' ELSE Enable_Risk_Qta_Flag END as ENABLE_LIMIT","E-134167","FU-134167-95065196e893","20个直接核读SQL材料组覆盖的21个任务（含200030对200078的完全相同目标引用SQL复用）；按任务去重"
"enable_risk_qta_flag","启用风险限额标志","","root.casttable；root.casttable.t1","","","中间投影","1","1","243918","Enable_Risk_Qta_Flag as enable_limit；t1.enable_limit","E-243918","FU-243918-8af2d85888d6；FU-243918-952ecc3bd182","20个直接核读SQL材料组覆盖的21个任务（含200030对200078的完全相同目标引用SQL复用）；按任务去重"
"enable_scdtm_revw_flag","启用二次复核标志","","root.casttable","","","条件/回退取值","1","1","134167","CASE WHEN Enable_Scdtm_Revw_Flag = '1' THEN 'Y' WHEN Enable_Scdtm_Revw_Flag = '0' THEN 'N' ELSE Enable_Scdtm_Revw_Flag END as ENABLE_REPEAT_CHECK","E-134167","FU-134167-8477fe6a556b","20个直接核读SQL材料组覆盖的21个任务（含200030对200078的完全相同目标引用SQL复用）；按任务去重"
"enable_scdtm_revw_flag","启用二次复核标志","","root.casttable；root.casttable.t1","","","中间投影","1","1","243918","Enable_Scdtm_Revw_Flag as enable_repeat_check；t1.enable_repeat_check","E-243918","FU-243918-723cc42b52a4；FU-243918-a20b46dd573a","20个直接核读SQL材料组覆盖的21个任务（含200030对200078的完全相同目标引用SQL复用）；按任务去重"
"enable_sett_ntfc_flag","启用结算通知书标志","","root.casttable","","","条件/回退取值","1","1","134167","CASE WHEN Enable_Sett_Ntfc_Flag = '1' THEN 'Y' WHEN Enable_Sett_Ntfc_Flag = '0' THEN 'N' ELSE Enable_Sett_Ntfc_Flag END as ENABLE_SETTLEMENT","E-134167","FU-134167-a0258070f645","20个直接核读SQL材料组覆盖的21个任务（含200030对200078的完全相同目标引用SQL复用）；按任务去重"
"enable_sett_ntfc_flag","启用结算通知书标志","","root.casttable；root.casttable.t1","","","中间投影","1","1","243918","Enable_Sett_Ntfc_Flag as enable_settlement；t1.enable_settlement","E-243918","FU-243918-d98301316ee3；FU-243918-dbc4574e7b68","20个直接核读SQL材料组覆盖的21个任务（含200030对200078的完全相同目标引用SQL复用）；按任务去重"
"enable_trd_cfm_flag","启用交易确认书标志","","root.casttable","","","条件/回退取值","1","1","134167","CASE WHEN Enable_Trd_Cfm_Flag = '1' THEN 'Y' WHEN Enable_Trd_Cfm_Flag = '0' THEN 'N' ELSE Enable_Trd_Cfm_Flag END as ENABLE_CONFIRMATION","E-134167","FU-134167-a319931ed6e6","20个直接核读SQL材料组覆盖的21个任务（含200030对200078的完全相同目标引用SQL复用）；按任务去重"
"enable_trd_cfm_flag","启用交易确认书标志","","root.casttable；root.casttable.t1","","","中间投影","1","1","243918","Enable_Trd_Cfm_Flag as enable_confirmation；t1.enable_confirmation","E-243918","FU-243918-52a8aa756cac；FU-243918-a4ffae938c57","20个直接核读SQL材料组覆盖的21个任务（含200030对200078的完全相同目标引用SQL复用）；按任务去重"
"exp_date","到期日期","","root.casttable.a.bb.b","","","过滤条件","1","1","234256","SRC_TBL = 'ODATA_N_TIT.D_REF_BOOK' and BUSI_DATE = '${yyyy-MM-dd}' and Eff_Date <= '${yyyy-MM-dd}' and Exp_Date > '${yyyy-MM-dd}'","E-234256","FU-234256-1942d31ed84a","20个直接核读SQL材料组覆盖的21个任务（含200030对200078的完全相同目标引用SQL复用）；按任务去重"
"map_undrl_cd","映射标的代码","rb","root.casttable.u","","pdata_n.t98_otc_book_hold_sum.busi_date；pdata_news_n.t02_tit_scr_base_info.undrl_clas","分组键","1","1","230202","nvl(if(rb.Map_Undrl_Cd='',null,rb.Map_Undrl_Cd),ins.undrl_clas); b.busi_date","E-230202","FU-230202-efa8a667f24d","20个直接核读SQL材料组覆盖的21个任务（含200030对200078的完全相同目标引用SQL复用）；按任务去重"
"map_undrl_cd","映射标的代码","","root","","","输出取值","1","1","243918","mapping_wind_code","E-243918","FU-243918-10c46759b579","20个直接核读SQL材料组覆盖的21个任务（含200030对200078的完全相同目标引用SQL复用）；按任务去重"
"map_undrl_cd","映射标的代码","u","root.casttable","","pdata_news_n.t02_tit_scr_base_info.undrl_clas","中间投影","1","1","230202","u.Map_Undrl_Cd","E-230202","FU-230202-c50e093db0f7","20个直接核读SQL材料组覆盖的21个任务（含200030对200078的完全相同目标引用SQL复用）；按任务去重"
"map_undrl_cd","映射标的代码","u","root.casttable","pdata_n.t98_otc_deri_comp_sale_info.undrl_wd_cd","pdata_news_n.t02_tit_scr_base_info.undrl_clas","JOIN关联","1","1","230202","info.undrl_wd_cd = u.Map_Undrl_Cd","E-230202","FU-230202-2f4f4afdd970","20个直接核读SQL材料组覆盖的21个任务（含200030对200078的完全相同目标引用SQL复用）；按任务去重"
"rep_fin_flag","报送财务标志","","root.casttable.setop.b0.setop.b0.setop.b0.setop.b0.setop.b0.setop.b0.setop.b1.rb；root.casttable.setop.b0.setop.b0.setop.b0.setop.b0.setop.b0.setop.b1.rb","","","过滤条件","1","1","171179","src_tbl = 'ODATA_N_TIT.D_REF_BOOK' and busi_date = '${yyyy-MM-dd}' AND Rep_Fin_Flag = '1'","E-171179","FU-171179-21e67b13a2c7；FU-171179-7ea0cf51bd53","20个直接核读SQL材料组覆盖的21个任务（含200030对200078的完全相同目标引用SQL复用）；按任务去重"
"rep_fin_flag","报送财务标志","","root.casttable","","","条件/回退取值","1","1","134167","CASE WHEN Rep_Fin_Flag = '1' THEN 'Y' WHEN Rep_Fin_Flag = '0' THEN 'N' ELSE Rep_Fin_Flag END as ENABLE_FINANCIAL","E-134167","FU-134167-98f071ae96c9","20个直接核读SQL材料组覆盖的21个任务（含200030对200078的完全相同目标引用SQL复用）；按任务去重"
"rep_fin_flag","报送财务标志","","root.casttable；root.casttable.t1","","","中间投影","1","1","243918","Rep_Fin_Flag as enable_financial；t1.enable_financial","E-243918","FU-243918-4d6309d86374；FU-243918-b0b314bd0609","20个直接核读SQL材料组覆盖的21个任务（含200030对200078的完全相同目标引用SQL复用）；按任务去重"
"rep_risk_flag","报送风控标志","rb","root.casttable.setop.b0","","","过滤条件","1","1","143830","t.src_tbl = 'ODATA_N_TIT.D_BUNDLE_MARGIN_DAILY_RESULT' and rb.rep_risk_flag = '1'","E-143830","FU-143830-53dd5eb089ff","20个直接核读SQL材料组覆盖的21个任务（含200030对200078的完全相同目标引用SQL复用）；按任务去重"
"rep_risk_flag","报送风控标志","","root.casttable","","","条件/回退取值","1","1","134167","CASE WHEN Rep_Risk_Flag = '1' THEN 'Y' WHEN Rep_Risk_Flag = '0' THEN 'N' ELSE Rep_Risk_Flag END as ENABLE_RISK","E-134167","FU-134167-aafddf8c6ca8","20个直接核读SQL材料组覆盖的21个任务（含200030对200078的完全相同目标引用SQL复用）；按任务去重"
"rep_risk_flag","报送风控标志","","root.casttable；root.casttable.t1","","","中间投影","1","1","243918","Rep_Risk_Flag as enable_risk；t1.enable_risk","E-243918","FU-243918-0e37edd1739e；FU-243918-5b4a40639769","20个直接核读SQL材料组覆盖的21个任务（含200030对200078的完全相同目标引用SQL复用）；按任务去重"
