"序号","data_src_cd","real_src_tbl","_col2","source_table_comment","source_comment_variant_count","metadata_match","metadata_status","metadata_classifications","t01_task_count","source_annotation_task_ids","schema_status","schema_field_count","schema_fields","schema_ddl_task_ids","schema_field_comment_count","schema_field_comments","source_system_name","source_system_name_basis"
"1","STA","ODATA_N_STA.S_TCUSTOMERINFO","943632","客户信息；账户资料表","2","true","ACTIVE","分级_4,自定义_数据重要性_重要","29","39990,40470,40473,40477,63179,63787,63790,63794","DDL_FOUND","56","C_CUSTNO|C_CUSTTYPE|C_CUSTNAME|C_SHORTNAME|C_HELPCODE|C_IDENTITYTYPE|C_IDENTITYNO|C_ZIPCODE|C_ADDRESS|C_PHONE|C_FAXNO|C_MOBILENO|C_EMAIL|C_SEX|C_BIRTHDAY|C_VOCATION|C_EDUCATION|C_INCOME|C_CONTACT|C_CONTYPE|C_CONTNO|C_BILLSENDFLAG|C_CALLCENTER|C_INTERNET|C_SECRETCODE|C_NATIONALITY|C_CITYNO|C_LAWNAME|C_SHACCO|C_SZACCO|C_BROKER|F_AGIO|C_MEMO|C_RESERVE|C_CORPNAME|C_CORPTEL|C_SPECIALCODE|C_ACTCODE|C_BILLSENDPASS|C_ADDRESSINVALID|D_APPENDDATE|D_BACKDATE|C_INVALIDADDRESS|C_BACKREASON|C_MODIFYINFO|C_RECOMMENDER|C_RECOMMENDERTYPE|D_IDNOVALIDDATE|C_INSTREPRIDCODE|C_INSTREPRIDTYPE|D_CONTIDNOVALIDDATE|D_LAWIDNOVALIDDATE|C_INSTITUTIONTYPE|C_SPECIALFUNDACCO|C_ISGLFACCO|DATA_TIME","39957,60735","0","","资产管理分TA系统","CD100 字典"
"2","PAS","ODATA_N_PAS.J_T_DY_CANDIDATE_CAREER_RELATION","858731","简历候选人基础信息表","1","true","ACTIVE","自定义_数据重要性_重要","4","96346,97232,97233,97239","DDL_FOUND","93","ID|RESUME_ID|APPLY_ID|POST_ID|POST_NAME|POST_ORG_NAME|APPLY_DATE|NET_CHANNEL_ID|APPLY_STATUS|REMARK_INFO|INTERVIEW_TYPE|RESUME_PHOTO_URL|MOBILE_PHONE|EMAIL|EMERGENCY_CONTACT|EMERGENCY_CONTACT_PHONE|ADDRESS|CREATE_TIME|UPDATE_TIME|NAME|RESUME_TYPE|GENDER|BIRTHDATE|NATION|POLITICAL_STATUS|BIRTHPLACE|BIRTHPLACE_OVERSEAS|HEIGHT|WEIGHT|NATIONALITY|MARITAL_STATUS|DIPLOMA|CURRENT_LOCATION|CURRENT_LOCATION_OVERSEAS|WORK_YEAR|MIN_ANNUAL_SALARY_REQUIREMENT|MAX_ANNUAL_SALARY_REQUIREMENT|AVAILABLE_TIME|ID_TYPE|ID_NUMBER|REGISTERED_PERMANENT_RESIDENCE|IS_SUBJECT_POST_ADJUSTMENT|FIRST_EXPECT_WORKPLACE|SECOND_EXPECT_WORKPLACE|THIRD_EXPECT_WORKPLACE|EXPECT_WORKPLACE_OVERSEAS|IS_SUBJECT_WORKPLACE_ADJUSTMENT|ENGLISH_PROFICIENCY_AND_CERTIFICATE|ZQHYSPCSQK|IS_PASS_CSP|IS_PASS_NBE|IS_PASS_CPA|IS_PASS_CSR|IS_PASS_CFC|IS_PASS_CFA|CFA_STATUS|OTHER_QUALIFICATION_CERTIFICATE|SPECIALTIES|CRIMINAL_PUNISHMENT_RECORD|EVIL_ORGANIZATION_RECORD|ILLEGAL_OR_UNDISCIPLINED_RECORD|UNFINISHED_FORMALITIES_OR_LIMITING_CONDITIONS|SECURITIES_MARKET_BAN_RECORD|REPUTATION_NEGATIVE_RECORD|FAMILY_PLANNING_VIOLATION_RECORD|ARCHIVAL_FORMALITIES|OTHER_LABOR_CONTRACT_RELATIONSHIP|AMATEUR_SPECIALTY|CHARACTER_ADVANTAGED|CHARACTER_DISADVANTAGED|REASON_FOR_POST|IS_EMPLOYEES_RELATIVES|SOURCE_OF_POST|EXPECT_JOB_CONTENT|OTHER_CONDITION|RESUME_ATTACHMENT_URL|CERTIFICATE_OF_EDUCATION_DEGREE|REPORT_CARD|PUBLISH_ATTACHMENT_URL|FAMILY_RELATIONSHIP_ATTACHMENT_URL|OTHER_ATTACHMENT_URL|COMMITMENT|SIGN_DATE|INVESTIGATION_REPORT_URL|INVESTIGATION_REPORT_TYPE|PERS_CODE|BACKUP1|BACKUP2|BACKUP3|BACKUP4|BACKUP5|DATA_TIME|RECRUIT_TYPE","94420","0","","绩效考核系统（本表数据源别名：大易云招聘数据库）","任务 94420 的数据源记录与别名"
"3","OIS","ODATA_N_OIS.G_HK_COUNTERPARTY","522","衍生品交易对手维护表；香港交易对手","2","true","ACTIVE","自定义_数据重要性_重要,分级_3","14","144556,144559,144560,144561,144563","NO_DDL_FOUND","0","","","0","","OTC综合业务平台","CD100 字典"
"4","HPB","ODATA_N_HPB.XT_PUB_TCOMPANY","321","公司表","1","true","ACTIVE","","5","241593,241595,241596,241597,241598","DDL_FOUND","36","COMPANY_ID|COMPANY_CODE|COMPANY_NAME|COMPANY_FULLNAME|COMPANY_STATUS|MENU_TEMPLATE|PR_ID|COMBI_ENABLE|RIGHT_LEVEL|OPERATOR_UPPERLIMIT|FUND_UPPERLIMIT|PERMIT_MARKETS|ADDRESS|INPUT_DATE|CONTACT_NAME|CONTACT_PHONE|EMAIL|QQ|CONTACT_NAME2|CONTACT_PHONE2|CONTACT_EMAIL2|CONTACT_QQ2|COMPANY_LIQ_TYPE|ORG_TYPE|COMPANY_TYPE|ENTRDIRE_RIGHT|REMARK|REPORT_TYPE|FOREIGN_ORG_FLAG|DEFAULT_VALUE|CUSTOM_ORG_TYPE|OPERATOR_UPPER|QUOTATION_USE_FLAG|ALGOCOMP_LIST|OTC_URL_PREFIX|DATA_TIME","227732","0","","恒生PB主经纪商系统","CD100 字典"
"5","HL2","ODATA_N_HL2.U_OPERCODENAME","60","管理人代码名称对照表","1","true","ACTIVE","自定义_数据重要性_重要","2","132325,132330","DDL_FOUND","6","OPERCODE|OPERNAME|OPERSHORT|TRYSTARTDATE|TRYENDDATE|DATA_TIME","125071","0","","华锐非展示Level2高频行情系统","库目录说明"
"6","GTS","ODATA_N_GTS.G_CUST_INFO","8","客户信息表","1","true","ACTIVE","","6","220565,220567,220568,220569,220570,220571","DDL_FOUND","31","ACCT_NO|MEMBER_ID|CUST_ID|BANK_NO|OPEN_BANK_NAME|ACCOUNT_NO|CUST_NAME|CUST_ABBR|CERT_TYPE_ID|CERT_NUM|ACCT_TYPE|ACCT_STAT|BRANCH_ID|GRADE_ID|M_FARE_MODEL_ID|B_FARE_MODEL_ID|EXCH_PWD|FUND_PWD|OCMA_FLAG|OPEN_CHANNEL|IS_DEFER_SIGN|TRANS_CHECK_INFO|PRINT_NUM|AFFIRM_DATE|O_TERM_TYPE|O_TELLER_ID|O_DATE|M_TERM_TYPE|M_TELLER_ID|M_DATE|DATA_TIME","219225","0","","黄金交易系统","任务 219225 的数据源记录与别名"
"7","ACV","ODATA_N_ACV.H_TGLRXX","3076","管理人信息","1","true","ACTIVE","自定义_数据重要性_重要","6","159851,159853,159855","NO_DDL_FOUND","0","","","0","","托管外包估值系统","CD100 字典"
"8","OIS","ODATA_N_OOM.F_OTC_DERIVATIVE_COUNTERPARTY","407","衍生品交易对手维护表","1","true","ACTIVE","自定义_数据重要性_核心","12","179708,179711,179712,179713,179714,179715,179717,179719,179722,179723","NO_DDL_FOUND","0","","","0","","OTC综合业务平台","CD100 字典"
"9","SSM","ODATA_N_SSM.S_SEAT_USE_UNIT","256","使用单位管理","1","true","ACTIVE","自定义_数据重要性_重要","5","109083,109085,109086,109143","NO_DDL_FOUND","0","","","0","","席位管理系统","库目录说明"
"10","GKS","ODATA_N_GKS.M_PNSCLIENT","61829285","金钥匙用户pnsid表","1","true","ACTIVE","自定义_数据重要性_重要","3","80019","DDL_FOUND","9","_ID|_CLASS|CLIENTTYPE|CLIENTID|PNSID|CHANNEL|CLIENTNAME|CREATETIME|UPDATETIME","66016","0","","金钥匙系统","CD100 字典"
"11","DSA","ODATA_N_DSA.F_FIN_ENTITY","34225","企业主体信息记录表","1","true","ACTIVE","自定义_数据重要性_重要","2","128005,128007","DDL_FOUND","27","ID|ENTITY_NAME|INDUSTRY_SW1|INDUSTRY_SW2|INDUSTRY_WIND|INDUSTRY_WHITEWASH|YEAR|CREATE_TIME|TYPE|REGION|INDUSTRY_IB|MODEL_TYPE|INDUSTRY_GICS1|INDUSTRY_GICS2|INDUSTRY_GICS3|INDUSTRY_GICS4|BRIEFING|LATESTISSURERCREDITRATING2|RATE_FWDISSUER|IS_KEYNOTE|LEGAL_PERSON|STOCK_CODE|IS_LISTED|IS_RESTRICTED|STOCK_NAME|DATA_TIME|UNIFORM_CREDIT","64550","0","","DCAR舆情分析及预警系统","CD100 字典"
"12","ERP","ODATA_N_ERP.C_CUX_CE_BANKS_ALL","36","银行表","1","true","ACTIVE","自定义_数据重要性_重要","2","96347,96348","DDL_FOUND","27","BUSI_DATE|DATA_TIME|BANK_ID|BANK_NUMBER|BANK_NAME|DESCRIPTION|CREATION_DATE|CREATED_BY|LAST_UPDATED_BY|LAST_UPDATE_DATE|LAST_UPDATE_LOGIN|ATTRIBUTE_CATEGORY|ATTRIBUTE1|ATTRIBUTE2|ATTRIBUTE3|ATTRIBUTE4|ATTRIBUTE5|ATTRIBUTE6|ATTRIBUTE7|ATTRIBUTE8|ATTRIBUTE9|ATTRIBUTE10|ATTRIBUTE11|ATTRIBUTE12|ATTRIBUTE13|ATTRIBUTE14|ATTRIBUTE15","95044","0","","企业资源计划","CD100 字典"
"13","XPB","ODATA_N_XPB.T_COMPANY_COMPANY","262","机构表","1","true","ACTIVE","自定义_数据重要性_重要","8","36619,36624,37241,63101,63731,63755","DDL_FOUND","19","ID|COMPANYNAME|COMPANYTYPE|CONTACTPERSON|MOBILE|EMAIL|ADDRESS|REMARKS|CREATETIME|UPDATETIME|CREATE_USER_ID|SHORTNAME|COMPANY_PERMISSION|TELEPHONE|CERTIFICATE_TYPE|CERTIFICATE_NUM|IS_FROZEN|FROZEN_DATE|DATA_TIME","36795,60814","0","","迅投PB主经纪商系统","CD100 字典"
"14","XSM","ODATA_N_XSM.P_ECRM_CLIENT_BASE_INFO","561","客户基础信息","1","true","ACTIVE","自定义_数据重要性_重要","5","56784,56785,63225,63813","DDL_FOUND","5","EXT_CUST_NO|CUST_NAME|CERT_TYP_CD|CERT_NO|DATA_TIME","56434","0","","信德综合业务管理平台","CD100 字典"
"15","GLM","ODATA_N_GLM.P_HLS_BP_MASTER","1308","商业伙伴基本信息","1","true","ACTIVE","自定义_数据重要性_重要","13","162645,162646,162650,162651,162653,162654,162655,162656,162658","DDL_FOUND","80","BP_ID|OWNER_USER_ID|BP_CODE|BP_NAME|EXTRA_NAM|BP_CLASS|BP_CATEGORY|GENDER|NATIONALITY|PLACE_OF_BIRTH|NAME_AT_BIRTH|MARITAL_STATUS|ACADEMIC_BACKGROUND|AGE|ID_TYPE|ID_CARD_NO|LICENSE_TERMS|INDUSTRY|ORGANIZATION_CODE|TAXPAYERT_CODE|REGISTERED_PLACE|FOUNDED_DATE|REGISTERED_CAPITAL|CURRENCY|TAXPAYER_TYPE|TAX_STATUS_TYPE|INVOICE_TITLE|INVOICE_BP_ADDRESS_PHONE_NUM|INVOICE_BP_BANK_ACCOUNT|PAID_UP_CAPITAL|COMPANY_NATURE|PRIMARY_BUSINESS|MAIN_PRODUCTS|CHANGE_DESCRIPTION|ENABLED_FLAG|REF_V01|REF_V02|REF_V03|REF_V04|REF_V05|REF_V06|REF_V07|REF_V08|REF_V09|REF_V10|REF_V11|REF_V12|REF_V13|CONTRACT_PLACE|BLACK_FLAG|SAGG_FLAG|ISOLATION_WALL|LISTING_LOCATION|LAST_ASSESS_ID|LAST_FIVE_CODE|LAST_RISK_WARNING_ID|LAST_RISK_WARNING_GRADE|LAST_SCORE_ID|LAST_SCORE_STATUS|CHECK_PERIOD|CHECK_AUTO_CREATE_FLAG|CHECK_BP_SCORE_FLAG|AUTO_FIVE_CODE_FLAG|CREATED_BY|CREATION_DATE|LAST_UPDATED_BY|LAST_UPDATE_DATE|PROVINCE_ID_1|CITY_ID_1|DISTRICT_ID_1|PROVINCE_ID_2|CITY_ID_2|DISTRICT_ID_2|CONTRACT_SEQ|PHONE|CELL_PHONE|MAIL|BUSSINESS_SCOPE|BP_MASTER_STATUS|DATA_TIME","159934","0","","广发租赁业务管理系统","CD100 字典"
"16","PPM","ODATA_N_PPM.P_BAS_SUPPLIER_BASE_INFO","35","供应商管理","1","true","ACTIVE","","3","204546,204547,204548","NO_DDL_FOUND","0","","","0","","合作方人员管理系统","CD100 字典"
"17","CMI","ODATA_N_CMI.G_COOP_CUST_INFO","6561","合作客户信息","1","true","ACTIVE","自定义_数据重要性_重要","5","57567,73083,73084,73176,73177","NO_DDL_FOUND","0","","","0","","托管管理人综合信息平台","CD100 字典"
"18","XSM","ODATA_N_XSM.G_AML_CLIENT","516","基金客户","1","true","ACTIVE","自定义_数据重要性_重要","9","178887,178888,178891,178892,178893,178894,178895,178896","DDL_FOUND","49","CLIENT_ID|HS_CLIENTID|CLIENT_NAME|FULL_NAME|BRANCH_NO|CORP_CLIENT_GROUP|CORP_BEGIN_DATE|CORP_END_DATE|AML_RISK_LEVEL|CORP_RISK_LEVEL|CLIENT_GENDER|NATIONALITY|DSORGAN_FLAG|ID_KIND|ID_NO|ID_BEGINDATE|ID_ENDDATE|OPEN_DATE|CANCEL_DATE|CLIENT_STATUS|PASSWORD|POSITION_STR|CLIENT_TYPE_CTRLSTR|ID|CLIENT_INVEST_TYPE|CLIENT_TERM_TYPE|PRODTA_NO|AGENCY_NO|ADVANCE_MONTH|PROINVESTORS_FLAG|CONFIRM_RESULT|COMPANY_ID|CONFIRM_STEPS|INTRODUCER_NAME|INTRODUCER_ID|RESIDENT_TYPE|ORGAN_TYPE|BIRTHDAY|REGIST_DATE|UPDATE_TIME|SALES_TYPE|CUSTOMER_MANAGER|CUSTOMER_MANAGER_TEL|SALES_AGENCY|CUSTOMER_MANAGER_ORG|STRATEGIC_INVESTOR_RIGHTS|CLIENT_REMARK|ERP_CODE|DATA_TIME","176798","0","","信德综合业务管理平台","CD100 字典"
"19","BSP","ODATA_N_BSP.B_T_CP_COMPANY","7180","公司表","1","true","ACTIVE","","8","237758,237759,237760,237761,237763,237766,237767,239210","DDL_FOUND","31","ID|CREATE_BY|CREATE_DATE|UPDATE_BY|UPDATE_DATE|ECRM_ID|ECIF_ID|ECIF_UID|CREDIT_NO|ORG_NO|REG_NO|CASE_NO|FOREIGN_NO|OTHER_NO|FULL_NAME|ALIAS|EN_NAME|STATUS|OPERA_STATUS|COMP_ROLE_ID|IS_QXB_EXIST|CREATE_TYPE|COMP_TYPE|CORP_REMARK|COMP_CAT_ECRM|COMP_CAT_CMS|IS_COMP_CAT_CONFIRMED|IS_MAYBE_FIN|COMP_CAT_ECRM_CONFIRM|IS_COMP_CAT_ECRM_UPDATED|DATA_TIME","234244","0","","机构客户综合服务门户","CD100 字典"
"20","GKS","ODATA_N_GKS.C_REGISTERS","48689","聊天用户信息表","1","true","ACTIVE","自定义_数据重要性_重要","1","80133","NO_DDL_FOUND","0","","","0","","金钥匙系统","CD100 字典"
"21","CMI","ODATA_N_CMI.G_LP_ORG","44424","机构主表；机构基本信息","2","true","ACTIVE","自定义_数据重要性_重要","5","57562,57565,57587,73196,73197","NO_DDL_FOUND","0","","","0","","托管管理人综合信息平台","CD100 字典"
"22","RMS","ODATA_N_RMS.N_T_OVERSEA_CUSTOMER","141","海外客户关联的投研客户表","1","true","ACTIVE","","6","213003,213004,213007","DDL_FOUND","10","ID|TYPE|CUSTID|CUSTOMERNAME|TARGET_SALES|STATUS|REMOVE_TAG|CREATE_TIME|UPDATE_TIME|DATA_TIME","209681","0","","研究业务管理平台","CD100 字典"
"23","CAP","ODATA_N_CAP.P_BIZ_PRO_TRUSTEEBANK","64","托管行信息表","1","true","ACTIVE","","4","235460,235462,235463,235465","DDL_FOUND","23","ID|BANKACCO|BANKCODE|TRUSTEECREDITCODE|TRUSTEEBANK_SUB_ID|DELETED|CREATE_PERSON|CREATE_PERSONID|CREATE_TIME|UPDATE_PERSON|UPDATE_PERSONID|UPDATE_TIME|LAWMAN|FAX|POSTCODE|OFFICE_ADDR|REG_ADDR|MANAGER_NAME|MANAGER_PHONE|MANAGER_EMAIL|MOT_BANKACCO|MOT_BANKCODE|DATA_TIME","233662","0","","托管辅助平台","CD100 字典"
"24","TA5","ODATA_N_TA5.D_TA_TAGENCYINFO","157","销售商基本信息表；销售商编号","2","true","ACTIVE","自定义_数据重要性_核心","22","38186,40469,40476,41282,63173,63719,63752,63793","DDL_FOUND","69","L_ROWID|C_TENANTID|C_AGENCYNO|C_AGENCYNAME|C_AGENCYSTATUS|C_AGENCYTYPE|C_MANAGERCODE|C_COMPARETYPE|C_IVERSION|C_CENTERFLAG|C_MULTITRADEACCO|C_MODIFYTRADEACCO|C_AGENCYENGLISHNAME|C_AGENCYADDRESS|C_AGENCYZIPCODE|C_AGENCYCONTACT|C_AGENCYPHONE|C_AGENCYFAXNO|C_AGENCYEMAIL|C_ISDETAIL|C_SHARETYPES|C_ZTGONESTEP|C_LITTLEDEALTYPE|C_OVERTIMETYPE|C_FUNDCODEDEALTYPE|C_DATAISSUETYPE|C_REGMODIFYINFO|C_CANCELCHKTRADEACCO|C_SUBTEMPLATECODE|C_NOTEXPPARAMFILES|C_AGECREDITCODE|C_LIQBATCHNO|C_NEWNAVDATE|C_ISRECEIVEBROADCAST|C_OPENACCOFLAG|C_CHANGEONSTEP|L_CSERIALNO|C_PREASSIGN|C_ISEXPNOTFINISHED|C_TACODE|DATA_TIME|C_ISCONFIRMDETAIL|C_AGNCYMAIL|C_NAVADDRATIO|C_AMLCONTROLTRADE|C_ISNOUPGRADE|C_INOTHERAGCUPGRADE|C_ISNETTRADEACCO|C_ISYUEBAO|C_AGEREGION|C_REGADDRESS|C_LEGALREPRESEN|C_CUSTSERTEL|C_URL|C_PUBLISHPERSON|C_FEDJJDTALAUNCH|C_EXPCENTRALIZEDATA|C_CLEARSITE|C_CALINTEREST|C_YEBMFACCOREDEEMTYPE|C_NAVADDRESTDAYTYPE|C_SUPPORTAMLX2X4|C_AGENCYQRYTYPE|C_AGENCYORGANNO|C_EXP05TOTALDATA|C_T0OWNAGENCYEXPMODE|C_ECNTRCTFILEVER|C_FIRSTBATCHSELECT|C_IMPKT","35491,60454","0","","资产管理TA5","CD100 字典"
"25","TMC","ODATA_N_TMC.M_LP_ORG","66956","","0","true","ACTIVE","自定义_数据重要性_重要","2","","NO_DDL_FOUND","0","","","0","","托管管理人综合信息系统","CD100 字典"
"26","CRS","ODATA_N_CRS.R_CUSTOM","786","客户信息表","1","true","ACTIVE","自定义_数据重要性_重要","10","184762,184765,184766,184767,184768,184769,184770,184771","DDL_FOUND","36","ID|CUST_ID|NAME|USCC|DL_OF_CPS_CONTRACT|DL_OF_CONTRACT|MAIN_CONTRACT_ID|MAIN_CONTRACT_VERSION|SUP_CONTRACT_ID|GUARANTEE_CONTRACT_ID|EST_ACCT_DATE|IS_MUTUAL_VIDEO|ENTERPRISE_CATEGORY|CUST_CLASS|LEAP_LEVEL_TRADE|LEGAL_PERSON|ADDRESS|BANK_NAME|BANK_ACCT_ID|CREDIT_DATE|CREDIT_AMT|CREDIT_EXT_DATE|CONTACTOR|CONTACTOR_PHONE|TRADER|TRADER_PHONE|SOURCE|MARGIN_LEVEL|CUST_STATUS|GTIME|GUSER|GSTATUS|GMSG|DATE_TIME|BUSI_DATE|BUSI_ID","70954","0","","广发商贸风控结算管理系统","CD100 字典"
"27","MOT","ODATA_N_CMI.A_HSI_TENANT","22350","客户基本信息；管理人信息；管理人信息表","3","true","ACTIVE","","17","49329,49333,49462,49640,49644,50041,63216,63666,63713,63745,63823,63827","DDL_FOUND","27","C_TENANTID|C_TENANTNAME|C_CONTACTNAME|C_MOBILE|C_TELEPHONE|C_ADDRESS|C_REGADDRESS|D_REGDATE|L_REGCAPITAL|C_LAWNAME|C_REGACCNO|C_VIPTYPE|C_MANAGERCREDITCODE|C_WEBSITE|C_CSRCREGNUMBER|C_MAINFUNDTYPE|C_TENANTUSEDNAME|C_LEVELCLASSIFICATION|C_SEGMENTLEVEL|C_ISPACKAGESHELL|C_RISKDESCRIPTION|C_BLACKLISTREASON|C_OUTSERIALNO|D_UPDATETIME|C_CUSTOMERSERVICE|IS_ACCESS|DATA_TIME","193245,193924","0","","MOT系统/资产托管运营管控系统","CD100 字典"
"28","MOT","ODATA_N_MOT.M_TPDTORGANINFO","497","基金服务机构信息表","1","true","ACTIVE","自定义_数据重要性_重要","2","50042,63714","DDL_FOUND","24","L_ID|C_COMPANYCODE|C_COMPANYNAME|C_ENGLISHNAME|C_COMPANYTYPE|C_LAWMAN|C_REGADDRESS|F_REGCAPITAL|C_CONTACTOR|C_DUTY|C_MOBILENO|C_PHONE|C_ADDRESS|C_EMAIL|C_FAX|C_HOTLINE|C_WEBSITE|C_CREATOR|D_CREATEDATE|C_WEBCHATACCOUMT|C_RELATIVESOFTSERVICE|C_REMARK|C_REGCODE|DATA_TIME","61105","0","","MOT系统/资产托管运营管控系统","CD100 字典"
"29","LPS","ODATA_N_LPS.E_BR_BANK_CODE","61","银行信息表","1","true","ACTIVE","","3","229584,229585,229586","DDL_FOUND","4","BANK_CODE|BANK_NAME|IS_USE|DATA_TIME","225384","0","","新意法人结算系统","CD100 字典"
"30","STA","ODATA_N_STA.S_TAGENCYINFO","6","销售商基本信息表；销售商编号","2","true","ACTIVE","自定义_数据重要性_重要","14","38186,40471,40474,40478,63173,63727,63788,63795","DDL_FOUND","117","C_AGENCYNO|C_AGENCYNAME|C_FULLNAME|C_AGNCYADDRESS|C_AGNCYZIPCODE|C_AGNCYCONTACT|C_AGNCYPHONE|C_AGNCYFAXNO|C_AGNCYMAIL|C_AGNCYBANKNO|C_AGNCYBANKACCO|C_AGNCYBANKNAME|D_AGNCYREGDATE|C_AGNCYSTATUS|D_LASTDATE|C_AGENCYTYPE|C_DETAIL|C_RIGHT|C_ZDCODE|L_LIQUIDATEREDEEM|L_LIQUIDATEALLOT|L_LIQUIDATEBONUS|L_LIQUIDATESUB|C_SHARETYPES|F_AGIO|C_ZTGONESTEP|C_PREASSIGN|L_CSERIALNO|C_COMPARETYPE|C_LIQUIDATETYPE|C_MULTITRADEACCO|C_IVERSION|C_IMODE|C_CHANGEONSTEP|F_OUTAGIO|F_AGIOHINT|F_OUTAGIOHINT|C_ALLOTLIQTYPE|C_REDEEMLIQTYPE|C_CENTERFLAG|C_NETNO|C_LITTLEDEALTYPE|C_OVERTIMEDEAL|D_LASTINPUTTIME|F_INTERESTRATE|C_CLEARSITE|C_ISDEAL|C_AGENCYENGLISHNAME|L_FUNDACCONO|C_RATIONFLAG|C_INTERESTTYPE|C_CLTINTERESTMODE|C_CALINTEREST|D_SZLASTINPUTTIME|D_SZLASTDATE|C_REGMODIFYINFO|C_ISCROSSTACHG|C_EXPPARAMFILES|C_FINALRATIOLIMITCUSTTYPE|C_ISRECEIVEBROADCAST|C_SHORTCFRDMPARTCFM|C_ISDEPOSIT|D_DEPOSITAGCREQ|D_DEPOSITENDAGM|C_INDIVIDUALCANTOPEN|C_INSTITUTIONCANTOPEN|C_SCFRDMDEALTYPE|C_ISCREDITREDEEM|C_FORMAT03|C_MANUALFAILINTEREST|C_MANUALFAILSEND|C_SPLITFLAG|C_TACODE|C_EXPORTBYNEWAPPOINT|C_SCFCOMPARETYPE|C_NEEDQUOTEFILE|D_IMPECNTRCTDATE|C_LIMITDAYRDMPARTCFM|C_MONEYFUNDT0LIQFRCRDM|C_MANAGERCODE|C_ISOTC|C_THIRDPARTAGENCY|C_OPENCASHUNIONSTOCK|C_CONVERTSHARE|C_STOCKACCO|C_IDENTITYNO|C_SUBSEAT|C_IDENTITYNOSH|C_SUBSEATSH|C_STOCKACCOSH|C_ACCODEALREALTIME|D_IMPSTOCKREQCFM|D_EXPSTOCKREQCFM|C_EXPRESTINCOME|F_EXPNEWINCOME|C_EXPCONFILEMODE|C_TRANSFERCLASSDEALTYPE|C_IMPECNTRCT|C_CONFIRMCANUSE|C_SUPPORTESHARES|C_FROZENREALTIME|C_FEDJJDTALAUNCH|D_HOLIDAYT0RDM|C_RDMNOSHAREDEALTYPE|C_EXPZHENDDATE|C_EXPNATURALINCOME|C_ABCONFREQUESTNO|C_ABCONFDATE|C_ECNTRCTVERSION|C_TRADEACCODIFFNETNO|C_CANCELCHKTRADEACCO|C_EXPFUNDDATETYPE|C_ISSTANDARD400|C_SUPPEARLYLIQUID|C_AGEREGION|C_HKEXPTOTALNETVALUE|DATA_TIME","39952,62532","0","","资产管理分TA系统","CD100 字典"
"31","CMI","ODATA_N_CMI.G_TB_CST_UNIT","444504","新管理人6号报表(管理人法人代表信息入模)；新管理人系统6号报表","2","true","ACTIVE","自定义_数据重要性_重要","3","76046,76047,76048","NO_DDL_FOUND","0","","","0","","托管管理人综合信息平台","CD100 字典"
"32","RCC","ODATA_N_RCC.P_CSDCBANKINFO","22","中登银行信息","1","true","ACTIVE","分级_3,自定义_数据重要性_重要","3","98090,98091,98093","DDL_FOUND","6","CSDC_BANK_NO|BANK_NO|BANK_NAME|ENABLE_STATUS|MODIFY_TIME|DATA_TIME","97385","0","","零售柜台新一代清算系统","CD100 字典"
"33","RMS","ODATA_N_RMS.N_CRM_CUSTOMER","10779","客户信息","1","true","ACTIVE","分级_4,自定义_数据重要性_核心","33","36618,37121,37240,61526,63710,63732,122971,150113","DDL_FOUND","136","OBJID|FUNDCODE|STOCKMARKETCODE|PINYIN|COMPANYNAME|OPERATION|DEPARTMENT|POSITION|PLURALITY|BIRTHDAY|SEX|BUSINESSPHONE|HOMEPHONE|FAX|MOBILE_1|MOBILE_2|EMAIL_1|EMAIL_2|SPECIALITYANDLIKE|RECORDANDBACKDROP|INVESTATTRIBUTE|INVESTPERIOD|RISKTREND|LIKESTOCKS|LIKEINDUSTRY|CHARGEDFUNDCODE|STOREPERCENTAGE|SHAREHOLDERORG|SENIORMANAGERS|ASSOCIATEDFUNDS|INVESTTEAM|PDTSENDMATUREDATE|CUSTOMERCODE|NAMEPY|COMPANYCODE|CUSTTYPE|CUSTNAME|CUSTNAME_EN|ACCOUNTNAME|CUSTADDRESS|CUSTZIPCODE|COUNTRY|LANGUAGE|PROVINCE|CITY|CUSTTOTALPHONE|CUSTSITE|ADSCRIPTTYPE|CUSTLEVEL|ONMARKET|NEEDBANKROLL|PROVIDEBANKROLL|CUSTSORT|INDUSTRYTYPE|FAMILIARINDUSTRY|OPERATIONSCHEDULELEVEL|REFUSECALLPOSTION|POSTIONORDER|EXPECTYEARYIELD|REGISTERCAPITAL|TOTALASSET|MASTERINCOMELASTYEAR|RETAINEDPROFITSLASTYEAR|COMPANYINTRODUCTION|SEATFUND|INPUTID|HANDCAPITALSCOPE|REMOVETAG|STOCKCODE|CREATETIMESTAMP|UPDATETIMESTAMP|VERSION|ENTITYNAME|SIMPLENAME|OPERASCHEDULEPERCENT|SECTION|TOTALASSETNETVALUE|PDTSENDDEADLINE|POSITIONREMARK|TITLE|PUBMAILCONTACT|CUSTMANAGER|PUBLICMAIL|NEWQUALITY|RATIO|STATUS|GOTOTIME|USERSTATUS|APPROVESTATUS|PROPOSER|PRIVATENAME|LEADER|IDCARD|OTHERCONTACTWAY|PROPOSERCONTACT|APPROVESTATUSCONTACT|CUSTMANAGERID|REGION|COMMISSIONRATE|RESEARCHDIVISION|AREA|BUSINESSLICENCE|NATIONALORGCODE|SOCIALCREDITCODE|SITE|OPSCOPE|REGNO|REGCAP|INDUSTRYPHY|REGCAPCUR_NAME|CREDIT_CODE|FRNAME|STRATEGIC_FLG|PROF_INVE_FLG|INDI_TYP_CD|INTEGRITY_FLG|CUST_STATUS_CD|BUSINESSDEPARTMENT|ADVISER_NAME|EXT_SYSTEM_NO|SINGLEINVEST|INVESTAMOUNT|ISPERSONCUST|REMARK|INVESTPREFER|ISMANUAL|RISKGRADE|ECIFCUSTOMERNO|PARENTID|SALESTOCKTAG|ECIFUID|REGISTERED_ADDRESS|DPID|CLIENTPROPERTY|APPROVALTIME|DATA_TIME","36797,60455","0","","研究业务管理平台","CD100 字典"
"34","QCA","ODATA_N_QCA.G_BO_ACT_PE_MD_SPM","5143","项目信息主表","1","true","ACTIVE","自定义_数据重要性_重要","2","76215,76302","DDL_FOUND","126","ID|ORGID|BINDID|CREATEDATE|CREATEUSER|UPDATEDATE|UPDATEUSER|PROCESSDEFID|ISEND|PMID|SIMPLENAME|BUSINESS|BUSINESSID|PERSONINCHARGE|PERSONINCHARGEID|PMNAME|SETUPTIME|CORPORATION|SHARESCODE|CERTNUM|REGCAPITAL|TRADETYPE|AREA|INSIDETRADETYPE|REGADDRESS|OFFICEADDRESS|MAINBUSINESS|STAGE|CHANNEL|YJSHDATE|INVESTMODE|ISVIE|PLATE|VALUATION|YINVESTAMOUN|PROJECTTYPE|YSHARES|CONTRACTAMOUNT|QQLJHKJE|TZZT|SHARES|POSTVALUATION|OUERHOLDPRI|OUERHOLDPRO|SUBWQUITY|VALUATIONMETHOD|CROSSDATE|POSTINCHARGEID|POSTINCHARGENAME|POSTDEPTID|POSTDEPTNAME|JSLXR|JSLXRDH|TSCNSX|MOME|GSBS|SFYSB|YJSBRQ|HXTZTK|GSDJRQ|GGRQ|JJR|LJFH|TZYE|IFALLOT|STATUS|IFALLOTJY|MEETINGDATE|LJBCK|TZYG|COMPARABLENAME|XMJS|YSGLCHY|CLR|RKR|CLRNAME|RKRNAME|ZRZXMXX|PARENTPMID|IFZZXM|QXBPMID|SSRQ|ERPXMD|BEFORENAME|TZXYQSRQ|TZLC|ZXBSGSZGB|ZXCGBL|PMZXGZ|DOCUMENT_TYPE|JNW_BINDID|JNW_PMID|WPRY|YJDD|YJ_IS_INFO|YJ_YXQ_0|YJ_YXQ_N|HGTK|HG_IS_INFO|HG_YXQ_0|HG_YXQ_N|HG_SBTIME|HG_SSTIME|HG_QTSX|ZB_RYZB|ZB_RZZB|ZB_YJSX|ZB_QT_ZBMC|X_QSQ|X_SW|X_RGQ|X_GMQ|X_GTCSQ|X_FXS|X_ZXGTK|X_LSQ|X_QTSX|IS_CF|IS_JKR|PMZXGZ_DATE|YDDDYY|DDYYBC|YDHGYY|HGYYBC|XRLWXTK|DATE_TIME","75808","0","","乾和综合管理平台","CD100 字典"
"35","MOT","ODATA_N_MOT.M_TPDT_TRUSTEEBANK","68","","0","true","ACTIVE","自定义_数据重要性_重要","0","","DDL_FOUND","24","L_BANKID|C_BANKACCO|F_INTEREST|C_CUSTODIANBANK|C_CONTACEOR|C_PHONE|C_EMAIL|C_BANKCODE|C_TRUSTEECREDITCODE|C_TRUSTEEDESC|C_BANKACCOEN|D_FOUNDDATE|C_APPROVEFOUNDNUM|C_ORGANZINETYPE|C_HOLDPERIOD|C_SCOPEBUSINESS|C_POSTCODE|C_TRUSTEENUMBER|C_REGADDRESS|C_ADDRESS|C_LAWMAN|F_REGCAPITAL|C_FAX|DATA_TIME","39671,61106","0","","MOT系统/资产托管运营管控系统","CD100 字典"
"36","AMS","ODATA_N_AMS.A_C12_CUSTOMER","2155","交易对手信息；客户信息表","2","true","ACTIVE","分级_3,自定义_数据重要性_重要","14","52927,52934,53294,53298,53366,63206,63237,63617,63661,63683,63700,204021","DDL_FOUND","32","ID_TYPE|ID_NO|CUST_NAME|CUST_TYPE|PROVINCE|CITY|CLASS_PBC1|CLASS_PBC2|CLASS_FISP|RELATE_TYPE1|PROD_CODE|FUND_ACCOUNT|TYPE_CHG_DT|OTHER_INF_CHG_DT|PROVINCE_CHG_DT|CREATE_DATE|CUST_NO|ZIP|AGENCY_NO|COMP_NAME|WIND_COMP_ID|RELATE_TYPE|ADDRESS|CERT_ADDRESS|C_TYPE_EN|ID_NO_NT|ID_TYPE_NEW|FISP_OPEN_DATE|CANCEL_DATE|IS_GFAM_TA|C_BIRTHDAY|DATA_TIME","52810,61776","0","","资管运营系统","CD100 字典"
"37","CIP","ODATA_N_CIP.T_V_CUSTOMERINFO","114594","投资者信息表；投资者平台投资者信息表","2","true","ACTIVE","自定义_数据重要性_重要","5","91800,91801,91832","NO_DDL_FOUND","0","","","0","","托管投资者服务平台","库目录说明"
"38","RMS","ODATA_N_RMS.N_EXPERT_INFO","15513","专家信息表","1","true","ACTIVE","自定义_数据重要性_重要,分级_4","5","98510,98511,98512,98934","DDL_FOUND","27","ID|NAME|SHOW_NAME|NATION|CERT_TYPE|CERT_ID|INTRODUCE_TYPE|INTRODUCER|INTRODUCER_PHONE|SHOW_INTRO|INTRO|COMPANY|IN_SERVICE|POST|GROUP_CODE|DOMAIN|BANK|BANK_ACCOUNT|PARENT_ID|APPROVE_STATUS|CREATE_TIME|UPDATE_TIME|REMOVE_TAG|REMARK|TELECONFERENCE_ID|OFFLINE_EXPERT_ID|DATA_TIME","71363","0","","研究业务管理平台","CD100 字典"
"39","RCC","ODATA_N_RCC.A_CLIENT","25362624","一柜通客户信息表；客户基本信息","2","true","ACTIVE","分级_3,自定义_数据重要性_核心,分类_按重要数据目录分类_重要数据_个人信息类_个人基本信息_客户信息","218","35609,35656,35657,35882,35930,39153,61601,63150,63238,63611,63653,63846,182797,228556","DDL_FOUND","27","CLIENT_ID|BRANCH_NO|DEV_BRANCH_NO|CLIENT_CARD|CLIENT_NAME|FULL_NAME|CORP_CLIENT_GROUP|CORP_RISK_LEVEL|ASSET_LEVEL|CLIENT_GENDER|NATIONALITY|ORGAN_FLAG|ID_KIND|ID_NO|ID_BEGINDATE|ID_ENDDATE|OPEN_DATE|CANCEL_DATE|CONFIRM_DATE|CLIENT_STATUS|POSITION_STR|CORP_BEGIN_DATE|CORP_END_DATE|AML_RISK_LEVEL|DATA_TIME|CORP_RISK_TYPE|CORP_RISK_COMFIRM","35091,60471","0","","零售柜台新一代清算系统","CD100 字典"
"40","GBE","ODATA_N_GBE.O_B2E_LHH","168519","银行；银行表","2","true","ACTIVE","自定义_数据重要性_重要","2","123796,123798","NO_DDL_FOUND","0","","","0","","银行联行号来源（系统正式中文名待核实）","本表内容及任务 123799；非正式系统名"
"41","RMS","ODATA_N_RMS.N_CRM_CONTACT","106985","联系人","1","true","ACTIVE","自定义_数据重要性_重要,分级_4","9","94978,94979,95049,95051,95053","DDL_FOUND","93","OBJID|LANGUAGE|PROVINCE|CITY|ZIPCODE|BIRTHDAY|SEX|BUSINESSPHONE|HOMEPHONE|FAX|MOBILE_1|MOBILE_2|EMAIL_1|EMAIL_2|SPECIALITYANDLIKE|RECODEANDBACKDROP|INVESTATTRIBUTE|INVESTPERIOD|RISKTREND|REMARK|CUSTOMERID|REMOVETAG|CHARGEDFUNDCODE|INPUTID|SOURCEID|DEADLINE|PORTFOLIO|SNAME|STYPE|MKTCODE|PERSONCUSTCONTACTFLAG|PICTURESIZE|PICTUREFILENAME|PDTSENDSWITCH|MSN|BLOG|HASDIMISSION|POSITIONREMARK|SOCIALPORTFOLIO|TITLE|POS_BEGINDATE|VIPCONT|COMPANYNAME|POSTTEXT|DEPARTMENTTEXT|MANAGERID|CONTACTTYPE|QQ|SCODE|POSITIONTEXT|OPERATION|DEPARTMENT|POSITION|PLURALITY|ADDRESS|WEIBO|ENTRYTIME|PINYIN|NAME|NAME_EN|COUNTRY|CREATETIMESTAMP|UPDATETIMESTAMP|VERSION|ENTITYNAME|MAILSENDFLAG|STATUS|COMPANYNAMEWEIXIN|POSITIONNAMES|DEPARTMENTNAMES|COMMONEMAIL|OTHERPOSITIONNAMES|MSGENDDATE|MSGSUBSCRIBE|MAILSEND|ISNEEDEMAIL|ISNEEDMSG|PROPOSER|GOTOTIME|ISBUSINESS|APPROVESTATUS|OBJKEY|AREA|WEIXINACCOUNTID|WEIXINACCOUNTNAME|BUSINESSPHONEHEAD|MOBILE_1_HEAD|MOBILE_2_HEAD|ORGID|OAID|SYNCOA|DATA_TIME|DEPTTYPE","68968","0","","研究业务管理平台","CD100 字典"
"42","CSS","ODATA_N_CSS.E_SRC_DBF_QTYMTZL","22032521","中登接口全体一码通资料","1","true","ACTIVE","自定义_数据重要性_核心","10","129150,129155,129156,129157,129158,136768","NO_DDL_FOUND","0","","","0","","综合结算业务支撑系统","CD100 字典"
"43","TMC","ODATA_N_TMC.M_COOP_CUST_INFO","46865","","0","true","ACTIVE","自定义_数据重要性_重要","0","","NO_DDL_FOUND","0","","","0","","托管管理人综合信息系统","CD100 字典"
"44","ALM","ODATA_N_ALM.G_RR_COUNTERPARTY_COLL_MAPPING","41445","交易对手汇总表口径映射表","1","true","ACTIVE","自定义_数据重要性_重要","5","91419,91420,91421,91430","DDL_FOUND","15","CP_COLL_ID|TYPE_COLLECT|BUSI_TYPE|ACCOUNT_NAME|ORG_NAME|CUSTOMER_CLASS|CREATE_BY|CREATE_TIME|UPDATE_BY|UPDATE_TIME|REMARK|DEL_FLAG|DATA_FLAG|SYNC_NO|DATA_TIME","90169","0","","自有资金管理系统","CD100 字典"
"45","XIR","ODATA_N_XIR.T_TTRD_OTC_COUNTERPARTY","112943","交易对手表","1","true","ACTIVE","自定义_数据重要性_核心,分级_4","77","76982,76986,76989,77072,77076,77079,77082,81565,81569,83633,110356,110357,110358,110359,110362,110363,110364,110365,110366,110367,136769","DDL_FOUND","90","PARTYID|T_CODE|PARTYCODE|PARTYNAME|ISAGENT|BANKCODE|PAYSYSCODE|BELONGTOAREA|CLIENTKIND|CREDITLEVEL|ZZDACCNAME|ZZDACCCODE|CLIENTMGR|XSHE_SEATNO|XSHG_SEATNO|BANKACCINFO|LINKMANINFO|XSHG_FI_CODE|XSHG_FI_NAME|RELATEDPARTY|PARTYNAME_SHORT|ISSUER_FLAG|PARENTORGANPARTYID|QSSACCCODE|QSSACCNAME|PARTY_STATUS|ISG1COLLECTIONMEMBER|PARTYSOURCE|ZZDACCCLASS|QSSACCCLASS|ORGANPARTYID|SGEX_CODE|LEGALPERSON|EXPDATE|TELEPHONE|PLEGERRIGHT|REMARK1|REMARK2|REMARK3|REMARK4|REMARK5|REMARK6|REMARK7|REMARK8|REMARK9|REMARK10|IS_PLEDGEBOND|IS_OUTRIGHT|SPECIAL_POINT|COUNTERPARTY_REQUIRE|WIND_PARTY_NAME|IS_COMMON|CREDITCODE|ACTUALCONTROLPARTYID|PARTYID_EXT|MARKETMAKER_TYPE|ISSUER|REQUESTQUOTESELECTED|ORGCODE|XSHG_FI_TRADES|INNER_GRADE|CUSTOM_INDUSTRY|IS_MONEY_BLACK|IS_MONEY_LEVEL|INVESTORTYPE|MINIMUM_AMOUNT|PARENTISSUEPARTYID|PAPERSTYPE|PAPERSCODE|PAPERSDATE|ISLEGALPERSON|LEGALPERSONTYPE|PARTYNAME_ALIAS|ISPROFESSION|NON_FIN_INS_CODE|REGISTERED_CAPITAL|IDENTITYTYPE|FDRSZ_TRADER_CODE|FDRSZ_TRADER_SHORTNAME|FDRSZ_TRADESALE_CODE|FDRSZ_TRADESALE_SHORTNAME|FDRSZ_TRADEBODY_CODE|FDRSZ_TRADEBODY_SHORTNAME|RAISEWAY|COUNTERPARTY_TYPE|UPDATETIME|SOURCE_ID|ISSUE_CODE_ORG|COUNTERPARTYAREA|DATA_TIME","72072","0","","衡泰交易管理系统","CD100 字典"
"46","TMC","ODATA_N_TMC.G_T_AMAC_ACCOUNT_0001","44200","全市场协会机构信息表","1","true","ACTIVE","自定义_数据重要性_重要","6","69558,69560,69562,99693,99942,99963","DDL_FOUND","54","ID|CREATED_AT|UPDATED_AT|NAME|ENGLISH_NAME|REGISTER_NO|ORGANIZATION_CODE|CREDITCODE|LEGAL_PERSON|RECORD_DATE|BUILD_DATE|REGISTER_PROVINCE|REGISTER_CITY|REGISTER_ADRESS|OFFICE_PROVINCE|OFFICE_CITY|OFFICE_ADRESS|REGISTER_MONEY|ACT_MONEY|ACT_RATIO|ACCOUNT_PROPERTY|ORGTYPE|BUSINESS_TYPE|FULL_EMP_NUM|FUND_EMP_NUM|WEBSITE|ADVISE_ORG|VIP|VIP_TYPE|VIP_PERSON|VIP_DATE|VIP_NO|ACTUAL_CONTROLLER|REMOVE_FLAG|OFFICE_COORDINATE|REG_COORDINATE|SUB_COMP_TYPE|PARENT_ACCOUNTNAME|XN_CODE|SYNTIMESTAMP|PRIVATE_EQUITY_CLASSIFY|LOGOFF|LOGOFF_TYPE|LOGOFF_TIME|FUND_SCALE_TYPE|LAST_UPDATE_DATE|REMIND_INFOMATION|FUND_SCALE|FUND_COUNT|CREDITCODE_H|HAS_WARNING|HAS_GOODFAITH|LEAGE_NAME|DATA_TIME","71758","0","","托管管理人综合信息系统","CD100 字典"
"47","RCC","ODATA_N_RCC.P_PRODARG","174","TA信息","1","true","ACTIVE","自定义_数据重要性_重要,分级_3","8","35066,38365,63169,63633","DDL_FOUND","13","PRODTA_NO|TA_NAME|TA_SHORTNAME|TA_STATUS|AGENCY_NO|TA_CTRLSTR|INIT_DATE|PROD_TYPE|FBACK_DATE|BBACK_DATE|AGENCY_NAME|EN_COMPANY_NO|DATA_TIME","60419","0","","零售柜台新一代清算系统","CD100 字典"
"48","GPB","ODATA_N_GPB.U_BROKERLIST","14","券商清单","1","true","ACTIVE","自定义_数据重要性_重要","2","128885,128887","NO_DDL_FOUND","0","","","0","","广发投易通系统（极速版）","CD100 字典"
"49","PER","ODATA_N_PER.P_EQUITY_REPORT_RECORD_ENTITY","16","主体","1","true","ACTIVE","","2","221558,221559","NO_DDL_FOUND","0","","","0","","自营权益研究系统","来源标识匹配的数据源目录记录"
"50","OPF","ODATA_N_OPF.A_CLIENT","5470023","客户信息","1","true","ACTIVE","","5","246689,246692,246694,246696,246698","DDL_FOUND","28","BUSI_DATE|CLIENT_ID|BRANCH_NO|DEV_BRANCH_NO|CLIENT_CARD|CLIENT_NAME|FULL_NAME|CORP_CLIENT_GROUP|CORP_RISK_LEVEL|ASSET_LEVEL|CLIENT_GENDER|NATIONALITY|ORGAN_FLAG|ID_KIND|ID_NO|ID_BEGINDATE|ID_ENDDATE|OPEN_DATE|CANCEL_DATE|CONFIRM_DATE|CLIENT_STATUS|POSITION_STR|AML_RISK_LEVEL|CORP_BEGIN_DATE|CORP_END_DATE|CORP_RISK_TYPE|CORP_RISK_COMFIRM|DATA_TIME","244376","0","","期权仿真交易系统","库目录说明"
"51","ACV","ODATA_N_ACV.H_TQS","273","券商","1","true","ACTIVE","自定义_数据重要性_核心","6","136327,136330,136331","NO_DDL_FOUND","0","","","0","","托管外包估值系统","CD100 字典"
"52","IFC","ODATA_N_IFC.G_CLIENT","2439","直销客户基本信息","1","true","ACTIVE","分级_4,自定义_数据重要性_重要","4","63079,63146,63236,63748","NO_DDL_FOUND","0","","","0","","互联网金融柜台系统","CD100 字典"
"53","OIS","ODATA_N_OIS.O_OTC_DERIVATIVE_COUNTERPARTY","8229","直销客户基本信息；衍生品交易对手维护表","2","true","ACTIVE","自定义_数据重要性_核心,分级_4","34","35067,37232,37235,37242,37251,37302,37332,43960,63071,63147,63168,63199,63698,63712,63734,63814,134323,147454","NO_DDL_FOUND","0","","","0","","OTC综合业务平台","CD100 字典"
"54","ERP","ODATA_N_ERP.F_T_HR_USER_BASEINFO","307978","","0","true","ACTIVE","自定义_数据重要性_重要","0","","NO_DDL_FOUND","0","","","0","","企业资源计划","CD100 字典"
"55","SMP","ODATA_N_SMP.W_USERINFOS","474","客户信息","1","false","","","6","113232","NO_DDL_FOUND","0","","","0","","社交媒体平台服务系统","CD100 字典"
"56","CMI","ODATA_N_CMI.G_G_MANAGER_BASIC_INFO","4357","管理人基础信息表","1","true","ACTIVE","","4","193744,193746,193747,193748","NO_DDL_FOUND","0","","","0","","托管管理人综合信息平台","CD100 字典"
"57","SMS","ODATA_N_SMS.Q_DC_LENDER_NAME","1130","转融通出借方表","1","true","ACTIVE","自定义_数据重要性_重要","7","92717,92719,92720,92721,98089,104170","DDL_FOUND","11","ID|LENDER_NAME|LENDER_NO|DEV_BRANCH_NAME|DEVELOP_REL|REMARK|LENDER_TYPE|BRANCH_NO|DATA_TIME|DEVELOP_REL_OA|CRDT_ID","91053","0","","券管家","CD100 字典"
"58","XPB","ODATA_N_XPB.P_COMPANY_COMPANY","165","机构表","1","true","ACTIVE","自定义_数据重要性_重要","6","36619,36625,63101,63743","DDL_FOUND","21","ID|COMPANYNAME|COMPANYTYPE|CONTACTPERSON|MOBILE|EMAIL|ADDRESS|REMARKS|CREATETIME|UPDATETIME|CREATE_USER_ID|SHORTNAME|COMPANY_PERMISSION|TELEPHONE|CERTIFICATE_TYPE|CERTIFICATE_NUM|IS_FROZEN|FROZEN_DATE|ALGOPERMTEMPID|ALGOPERMTEMPNAME|DATA_TIME","149718,155267","0","","迅投PB主经纪商系统","CD100 字典"
"59","CVS","ODATA_N_CVS.A_T_FP_TGRJBXX","74","托管人基本信息","1","true","ACTIVE","自定义_数据重要性_重要","4","50203,63141,63722,63776","DDL_FOUND","56","FID|JGBH|QMRQ|GSDM|GSMC|GSJC|GSYWMC|JGLX|YWFW|SYYHLX|ZZXS|GSXZ|SFYGZBJDGD|SFGZKG|SFWZKG|CLRQ|FDDBR|FDDBRGJ|FDDBRZJLX|FDDBRZJHM|DJJG|ZCZB|SJZB|BZDM|JYFW|ZCDZ|ZCDSZGJHDQ|ZCDSZS|ZCDSZSH|ZCDZYB|ZCDSSXQ|BGDZ|BGDSZGJHDQ|BGDSZS|BGDSZSH|BGDZYB|BGDSSXQ|LXDH|GSWZ|DZXXDZ|CZHM|YGRS|QDJJCYZGRS|LXRXM|LXRDHHM|LXRYDDHHM|LXRDZYX|BZ|FIMP_DATE|FIMP_FILE|FIMP_FILE_NAME|FREAD_FLAG|FDELETED|FCLEAR_DATE|FFILE_DATE|DATA_TIME","61313","0","","托管系统5.0","CD100 字典"
"60","MIO","ODATA_N_MIO.H_JT_POTENTIAL","857623","客户旅程_潜客","1","true","ACTIVE","","1","175395","DDL_FOUND","5","MOBILE_NO|LABELS|CREATED_AT|UPDATED_AT|DATA_TIME","174267","0","","手机数字化智能运营中台","CD100 字典"
"61","TIT","ODATA_N_TIT.D_REF_COUNTERPARTY","1680","交易对手；系统静态数据-交易对手数据表","2","true","ACTIVE","","9","77078,104299,105379,114401,219164","DDL_FOUND","16","ID|DEPARTMENT|CTPTY_TYPE|LONG_NAME|SHORT_NAME|CTPTY_LEGAL_ENTITY|NAME_ABBREVIATION|UNIFIEDSOCIAL_CODE|IS_DELETED|IS_INNER|GROUP_FLAG|CREATED_DATETIME|CREATED_BY|UPDATED_DATETIME|UPDATED_BY|DATA_TIME","213687","0","","场外衍生品投资管理系统","CD100 字典"
"62","RCC","ODATA_N_RCC.A_SRPFUNDER","147","股票质押融出方信息表","1","true","ACTIVE","自定义_数据重要性_核心,分级_3","26","72470,72472,72712,72715,72716","DDL_FOUND","36","COMPANY_NO|FUNDER_NO|FUNDER_NAME|PLEDGEE_TYPE|PLEDGEE_NAME|FUNDER_TYPE|STOCK_ACCOUNT|SEAT_NO|FUNDER_RATIO|TOTAL_QUOTA|USED_QUOTA|STATUS|SETUP_DATE|FUNDER_RATE|SZDC_STOCK_ACCOUNT|SZDC_SEAT_NO|COUNTER_CLEAR_FLAG|FUND_ACCOUNT|MOBILE_TEL|ZIPCODE|ADDRESS|REGISTER_ADDRESS|INSTREPR_ID_NO|INSTREPR_NAME|OPEN_DATE|EXPIRE_DATE|INSTREPR_ID_KIND|FUNDER_ID_KIND|FUNDER_ID_NO|PHONECODE|FUNDER_CAPITAL_RATIO|FUNDER_STOCK_CONC_RATIO|FUNDER_CLIENT_CONC_RATIO|INVESTOR_NAME|DATA_TIME|BUSI_DATE","70887","0","","零售柜台新一代清算系统","CD100 字典"
"63","TA5","ODATA_N_TA5.D_TA_TFUNDTRUSTEE","51","托管行信息表","1","true","ACTIVE","自定义_数据重要性_核心","4","95770,95771","DDL_FOUND","12","C_FORMAT|C_IVERSION|C_MULTIMANAGER|C_NOREXPNOLIQDATA|C_T5ISMULTIMGR|C_TACODE|C_TENANTID|C_TRUSTEECODE|C_TRUSTEENAME|C_TRUSTMAIL|L_ROWID|DATA_TIME","93615","0","","资产管理TA5","CD100 字典"
"64","ALM","ODATA_N_ALM.G_HK_COUNTERPARTY_DATA","100","香港公司交易对手信息表","1","true","ACTIVE","自定义_数据重要性_重要","6","181035,181036,181037,181038,211681,211682","DDL_FOUND","15","COUNTERPARTY_ID|COUNTERPARTY_FULL_NAME|COUNTERPARTY_SHOR_NAME_CN|COUNTERPARTY_SHOR_NAME_EN|BANK_LEVEL|OWNERSHIP_TYPE|REMARK|CREATE_BY|CREATE_TIME|UPDATE_BY|UPDATE_TIME|DEL_FLAG|DATA_FLAG|SYSN_NO|DATA_TIME","176387","0","","自有资金管理系统","CD100 字典"
"65","AMS","ODATA_N_AMS.M_CUS_TUOGUAN_INFO_NEW","222","","0","true","ACTIVE","","2","","NO_DDL_FOUND","0","","","0","","资管运营系统","CD100 字典"
"66","SSM","ODATA_N_SSM.S_SEAT_BANK","43","席位托管银行","1","true","ACTIVE","自定义_数据重要性_重要","2","159710,159711","NO_DDL_FOUND","0","","","0","","席位管理系统","库目录说明"
"67","TA5","ODATA_N_TA5.D_TA_TCUSTOMERINFO","5538447","账户资料表","1","true","ACTIVE","自定义_数据重要性_核心","52","35068,39790,40465,40468,40472,40475,49330,63068,63165,63184,63260,63753,63789,63792,63825","DDL_FOUND","74","C_TENANTID|C_TACODE|C_FUNDACCO|D_IDNOVALIDDATE|D_LASTMODIFY|C_ZIPCODE|C_ADDRESS|C_PHONE|C_FAXNO|C_MOBILENO|C_EMAIL|C_SEX|C_BIRTHDAY|C_VOCATION|C_EDUCATION|C_ANNUALEARNINGS|C_CORPNAME|C_CORPTEL|C_CONTACT|C_CONTYPE|C_CONTNO|C_CONTIDCARD18LEN|C_BILLSENDFLAG|C_CALLCENTER|C_INTERNET|C_BILLSENDPASS|C_NATIONALITY|C_LAWNAME|C_LAWIDTYPE|C_LAWIDNO|C_BROKER|C_RECOMMENDER|C_RECOMMENDERTYPE|C_CITYNO|C_ACTCODE|C_BACKREASON|C_HOMETELNO|C_MINORFLAG|C_TRANSACTTYPE|D_CONTIDNOVALIDDATE|D_LAWIDNOVALIDDATE|C_RISKLEVEL|C_MANAGERANGE|C_CONTROLHOLDER|C_ACTUALCONTROLLER|C_MARITAL|L_FAMILYNUM|F_PENATES|C_MEDIAHOBBY|C_INSTITUTIONTYPE|C_ENGLISHFIRSTNAME|C_ENGLISHFAMILYNAME|C_INDUSTRY|C_COMPANYCHAR|F_EMPLOYEENUM|C_HOBBYTYPE|C_PROVINCE|C_CITY|C_COUNTY|C_SPECIALCODE|C_LIQBATCHNO|D_BAKDATE|C_INSTREPRIDTYPE|C_INSTREPRIDCODE|C_SHACCO|C_SZACCO|C_ACCOUNTCARDID|DATA_TIME|C_INVESTORPROCODE|C_AUXCERTTYPE|C_AUXCERTCODE|D_AUXCERTVALIDDATE|D_X1IDNOVALIDDATE|MODIFY_TIMESTAMP","35558,60464","0","","资产管理TA5","CD100 字典"
"68","CSS","ODATA_N_CSS.E_TSM_UNIT","228","使用单位管理","1","true","ACTIVE","自定义_数据重要性_重要","3","79796,79799,79800","DDL_FOUND","15","ID|NAME|FLAG|CGYH|CONTACT1|CONTACT2|QUERY_TYPE|REMARK|CREDENTIALS_TYPE|CREDENTIALS_NO|UNIT_TYPE|ECIF_CUSTOMER_NO|UNIT_CLASS|DATA_TIME|BUSI_DATE","70916","0","","综合结算业务支撑系统","CD100 字典"
"69","ECR","ODATA_N_ECR.S_CX_CONTACT","325906","联系人主表","1","true","ACTIVE","自定义_数据重要性_重要","5","114846,114850,114851,122368","NO_DDL_FOUND","0","","","0","","企业级CRM","CD100 字典"
"70","TIT","ODATA_N_TIT.D_REF_COUNTER_PARTY","7263","交易参数-交易对手；交易对手","2","true","ACTIVE","自定义_数据重要性_重要","29","76984,105076,105077,105518,114423","DDL_FOUND","62","ID|LONG_NAME|SHORT_NAME|CTPTY_TYPE|CTPTY_LEGAL_ENTITY|CREATED_DATETIME|CREATED_BY|UPDATED_DATETIME|UPDATED_BY|IS_DELETED|NAME_ABBREVIATION|COLLATERAL_FACTOR_X|DEALER_LEVEL|APTITUDE|CTPTY_FEE_RATE|HK_CTPTY_FEE_RATE|CUSTOMER_MANAGER|INTRODUCTION_DEPARTMENT_NO|HK_FEE_RATE_US|HK_FEE_RATE_HK|HK_FIXED_RATE|RELATED_PARTY_FLAG|DEPARTMENT|INS_RECORD_CODE|DATA_TIME|DAY_COUNT|FIXED_RATE|EXCHANGE_RATE_TYPE|INTEREST_INTERVAL|NOTIONAL_LIMIT|OPERATOR|GRANT_BALANCE|GRANT_BALANCE_EXPIRE_DATE|AB_FUTURES_PREMIUM_RATE|AB_FUTURES_LEVEL_FACTOR|CLIENT_QUALIFY_REVIEW|CLIENT_QUALIFY_REVIEW_DES|SPREAD|UNIFIEDSOCIAL_CODE|LEGAL_REPRESENTATIVE|CONTROLLER_NAME|HK_TRS_COMMISSION_TYPE|US_TRS_COMMISSION_TYPE|HK_PER_SHARE_COMMISSION_2CTPTY|HK_PER_SHARE_COMMISSION_2GM|US_PER_SHARE_COMMISSION_2CTPTY|US_PER_SHARE_COMMISSION_2GM|AIRBAGX_FEE_RATE|FLOATING_RATE_CAP|IS_INNER|SPREAD_US|HK_FIXED_RATE_US|CROSS_FLOATING_RATE_TARGET_HK|CROSS_FLOATING_RATE_TARGET_US|DOMESTIC_OPEN_RATES|DOMESTIC_CLOSE_RATES|HK_OPEN_RATES|HK_CLOSE_RATES|US_CTPTY_FEE_RATE|MASTER_AGREEMENT_ID_BOTH|SUPPLEMENT_AGREEMENT_ID_BOTH|TAX_RATIO","78470","0","","场外衍生品投资管理系统","CD100 字典"
"71","RCC","ODATA_N_RCC.A_BANKARG","489","银行参数表","1","true","ACTIVE","自定义_数据重要性_核心,分级_3","17","35885,35895,35932,63194,63696,63766","DDL_FOUND","14","BANK_NO|BANK_NAME|BANK_TYPE|BRANCH_NO|AM_OPEN|AM_CLOSE|PM_OPEN|PM_CLOSE|INIT_DATE|BANK_STATUS|BUSINESS_DATE|BANKARG_FLAG|DS_DATE|DATA_TIME","60469","0","","零售柜台新一代清算系统","CD100 字典"
"72","FOC","ODATA_N_FOC.T_FT_DEPT_INFO","3938","机构信息表","1","true","ACTIVE","","5","231873,231876,231877,231879,231881","DDL_FOUND","43","DEP_CODE|DEP_NAME|DEP_KIND|DEP_PROP|LINKMAN|TELEPHONE|MOBILE|SELL_FAX|FEE_FAX|ADDRESS|POST_CODE|EMAIL|NOTE|IS_SEND_FAX|MARGE_FLAG|SETTLE_ACC_ID|MARKET_CODE|TRACOM_FAX|LOCK_STATUS|UNION_FUND_CODE|SALE_BELONG|FEE_EMAIL|BELONG_DEP_CODE|MANAGER_TYPE|OP_FLAG|CUST_SVR_TYPE|MGR_CREDIT|TRANSFER_MODE|PB_MANAGER_NO|IS_REG|SEND_TO_MSP|FAR_CODE|PROVIS_MODE|DOT_NUMBER|REPORTING_ID|FIID|ASS_DEP_TYPE|PRODUCT_SOURCE|NEED_RETURN_VISIT|CREATE_TIME|RECON_METHOD|BONUS_FROZEN_TYPE|DATA_TIME","228950","0","","外包资金清算系统","库目录说明"
"73","FCT","ODATA_N_FCT.A_V_T_INVESTOR_ZQ","1241","投资者","1","true","ACTIVE","自定义_数据重要性_重要","7","91843,91846,91847,91848,91849,91852,92285","NO_DDL_FOUND","0","","","0","","广发期货柜台交易系统","CD100 字典"
"74","GPB","ODATA_N_GPB.U_SYS_ORG","2969","机构-机构信息","1","true","ACTIVE","自定义_数据重要性_重要","5","37949,38362,63262,63634","NO_DDL_FOUND","0","","","0","","广发投易通系统（极速版）","CD100 字典"
"75","HPB","ODATA_N_HPB.T_TORGANIZATIONINFO","633","公司信息表","1","true","ACTIVE","自定义_数据重要性_重要","10","36620,37228,37238,43961,63086,63182,63668,63702","DDL_FOUND","53","L_ORG_ID|VC_ORG_CODE|VC_ORG_NAME|VC_ORG_SHORTNAME|VC_ORG_TYPE|VC_ORG_ADDRESS|VC_CONTACTS_NAME1|VC_CELLPHONE1|VC_PHONE1|VC_EMAIL1|VC_QQ1|VC_CONTACTS_NAME2|VC_CELLPHONE2|VC_PHONE2|VC_EMAIL2|VC_QQ2|C_STATUS|L_RC_CONNECT_COUNT|L_UFX_CONNECT_COUNT|VC_REMARKS|VC_INVEST_TYPES|VC_BUSIN_CLASSES|VC_STOCKTYPE_RIGHT|VC_ENTRDIRE_RIGHT|VC_PERMIT_MARKET|VC_FUTURES_INVEST_TYPES|L_HOMES_CONNECT_COUNT|L_ENTRUST_PUR_SECONDS|L_QUERY_PUR_SECONDS|L_TOTAL_ENTRUST_DAILY|VC_KJ_CUSTOMER_ACCO|VC_KJ_PASSWORD|C_APPROVE_TYPE|L_REGISTER_DATE|L_CANCEL_DATE|L_MOULD_ID|C_USE_IP_CONTROL|C_TRADE_SERVICE|C_DEFAPPROVE_MODE|VC_STORMCOMPANY_IDS|VC_STRATEGY_NAME|L_QR_CONNECT_COUNT|C_APPROVE_SHORTCUT|C_STATION_CONTROL|VC_TIMESTAMP|L_VIRTUAL_KEY|C_AUTOCASHDEAL|VC_REMIND_TYPE|C_UFR|C_DEFAPPROVE_PROC|C_FILEENTRUST_MODE|C_FILEENTRUST_SHORTCUT|DATA_TIME","60456","0","","恒生PB主经纪商系统","CD100 字典"
"76","SMP","ODATA_N_SMP.W_APPLET_PEPC_USERINFOS","1216","客户信息；用户信息","2","true","ACTIVE","自定义_数据重要性_核心","7","113226,113229,113230,113231,113234","DDL_FOUND","31","ID|CREATED_AT|UPDATED_AT|DELETED_AT|ERP|PORTAL_ID|NAME|CARD_TYPE|CARD_NO|CARD_ADDR|DEPT|START_AT|END_AT|SEX|COUNTRY|BIRTHDAY|EDUCATION|TELEPHONE|MOBILE|PROFESSION|PROVINCE|CITY|DISTRICT|ADDRESS|EMAIL|ELIG_TEST_RISK_VALID|ELIG_TEST_CORP_RISK_LEVEL|ELIG_TEST_TIME|ELIG_TEST_EN_INVEST_KIND|ELIG_TEST_EN_INVEST_TERM|DATE_TIME","106814","0","","社交媒体平台服务系统","CD100 字典"
"77","AMS","ODATA_N_AMS.K_TB_ZC_VIP_CUST","1229","","0","true","ACTIVE","自定义_数据重要性_重要,分级_4","0","","NO_DDL_FOUND","0","","","0","","资管运营系统","CD100 字典"
"78","CVS","ODATA_N_CVS.A_TP_ORGINFO","6159","机构信息表","1","true","ACTIVE","自定义_数据重要性_重要","5","50330,63142,63163,63733,63775","DDL_FOUND","12","FID|FORG|FORGALL|FORGCODE|FTYPE|FLINKMAN|FPHONE|FOTHER|FSH|FSOURCE|DATA_TIME|BUSI_DATE","50245,61347","0","","托管系统5.0","CD100 字典"
"79","ERP","ODATA_N_ERP.B_ERP_A_AP_SUPPLIERS","87386","供应商","1","true","ACTIVE","","2","201446,201447","DDL_FOUND","181","VENDOR_ID|LAST_UPDATE_DATE|LAST_UPDATED_BY|VENDOR_NAME|VENDOR_NAME_ALT|SEGMENT1|SUMMARY_FLAG|ENABLED_FLAG|SEGMENT2|SEGMENT3|SEGMENT4|SEGMENT5|LAST_UPDATE_LOGIN|CREATION_DATE|CREATED_BY|EMPLOYEE_ID|VENDOR_TYPE_LOOKUP_CODE|CUSTOMER_NUM|ONE_TIME_FLAG|PARENT_VENDOR_ID|MIN_ORDER_AMOUNT|SHIP_TO_LOCATION_ID|BILL_TO_LOCATION_ID|SHIP_VIA_LOOKUP_CODE|FREIGHT_TERMS_LOOKUP_CODE|FOB_LOOKUP_CODE|TERMS_ID|SET_OF_BOOKS_ID|CREDIT_STATUS_LOOKUP_CODE|CREDIT_LIMIT|ALWAYS_TAKE_DISC_FLAG|PAY_DATE_BASIS_LOOKUP_CODE|PAY_GROUP_LOOKUP_CODE|PAYMENT_PRIORITY|INVOICE_CURRENCY_CODE|PAYMENT_CURRENCY_CODE|INVOICE_AMOUNT_LIMIT|EXCHANGE_DATE_LOOKUP_CODE|HOLD_ALL_PAYMENTS_FLAG|HOLD_FUTURE_PAYMENTS_FLAG|HOLD_REASON|DISTRIBUTION_SET_ID|ACCTS_PAY_CODE_COMBINATION_ID|DISC_LOST_CODE_COMBINATION_ID|DISC_TAKEN_CODE_COMBINATION_ID|EXPENSE_CODE_COMBINATION_ID|PREPAY_CODE_COMBINATION_ID|NUM_1099|TYPE_1099|WITHHOLDING_STATUS_LOOKUP_CODE|WITHHOLDING_START_DATE|ORGANIZATION_TYPE_LOOKUP_CODE|VAT_CODE|START_DATE_ACTIVE|END_DATE_ACTIVE|MINORITY_GROUP_LOOKUP_CODE|PAYMENT_METHOD_LOOKUP_CODE|BANK_ACCOUNT_NAME|BANK_ACCOUNT_NUM|BANK_NUM|BANK_ACCOUNT_TYPE|WOMEN_OWNED_FLAG|SMALL_BUSINESS_FLAG|STANDARD_INDUSTRY_CLASS|HOLD_FLAG|PURCHASING_HOLD_REASON|HOLD_BY|HOLD_DATE|TERMS_DATE_BASIS|PRICE_TOLERANCE|INSPECTION_REQUIRED_FLAG|RECEIPT_REQUIRED_FLAG|QTY_RCV_TOLERANCE|QTY_RCV_EXCEPTION_CODE|ENFORCE_SHIP_TO_LOCATION_CODE|DAYS_EARLY_RECEIPT_ALLOWED|DAYS_LATE_RECEIPT_ALLOWED|RECEIPT_DAYS_EXCEPTION_CODE|RECEIVING_ROUTING_ID|ALLOW_SUBSTITUTE_RECEIPTS_FLAG|ALLOW_UNORDERED_RECEIPTS_FLAG|HOLD_UNMATCHED_INVOICES_FLAG|EXCLUSIVE_PAYMENT_FLAG|AP_TAX_ROUNDING_RULE|AUTO_TAX_CALC_FLAG|AUTO_TAX_CALC_OVERRIDE|AMOUNT_INCLUDES_TAX_FLAG|TAX_VERIFICATION_DATE|NAME_CONTROL|STATE_REPORTABLE_FLAG|FEDERAL_REPORTABLE_FLAG|ATTRIBUTE_CATEGORY|ATTRIBUTE1|ATTRIBUTE2|ATTRIBUTE3|ATTRIBUTE4|ATTRIBUTE5|ATTRIBUTE6|ATTRIBUTE7|ATTRIBUTE8|ATTRIBUTE9|ATTRIBUTE10|ATTRIBUTE11|ATTRIBUTE12|ATTRIBUTE13|ATTRIBUTE14|ATTRIBUTE15|REQUEST_ID|PROGRAM_APPLICATION_ID|PROGRAM_ID|PROGRAM_UPDATE_DATE|OFFSET_VAT_CODE|VAT_REGISTRATION_NUM|AUTO_CALCULATE_INTEREST_FLAG|VALIDATION_NUMBER|EXCLUDE_FREIGHT_FROM_DISCOUNT|TAX_REPORTING_NAME|CHECK_DIGITS|BANK_NUMBER|ALLOW_AWT_FLAG|AWT_GROUP_ID|GLOBAL_ATTRIBUTE1|GLOBAL_ATTRIBUTE2|GLOBAL_ATTRIBUTE3|GLOBAL_ATTRIBUTE4|GLOBAL_ATTRIBUTE5|GLOBAL_ATTRIBUTE6|GLOBAL_ATTRIBUTE7|GLOBAL_ATTRIBUTE8|GLOBAL_ATTRIBUTE9|GLOBAL_ATTRIBUTE10|GLOBAL_ATTRIBUTE11|GLOBAL_ATTRIBUTE12|GLOBAL_ATTRIBUTE13|GLOBAL_ATTRIBUTE14|GLOBAL_ATTRIBUTE15|GLOBAL_ATTRIBUTE16|GLOBAL_ATTRIBUTE17|GLOBAL_ATTRIBUTE18|GLOBAL_ATTRIBUTE19|GLOBAL_ATTRIBUTE20|GLOBAL_ATTRIBUTE_CATEGORY|EDI_TRANSACTION_HANDLING|EDI_PAYMENT_METHOD|EDI_PAYMENT_FORMAT|EDI_REMITTANCE_METHOD|EDI_REMITTANCE_INSTRUCTION|BANK_CHARGE_BEARER|BANK_BRANCH_TYPE|MATCH_OPTION|FUTURE_DATED_PAYMENT_CCID|CREATE_DEBIT_MEMO_FLAG|OFFSET_TAX_FLAG|PARTY_ID|PARENT_PARTY_ID|NI_NUMBER|TCA_SYNC_NUM_1099|TCA_SYNC_VENDOR_NAME|TCA_SYNC_VAT_REG_NUM|INDIVIDUAL_1099|UNIQUE_TAX_REFERENCE_NUM|PARTNERSHIP_UTR|PARTNERSHIP_NAME|CIS_ENABLED_FLAG|FIRST_NAME|SECOND_NAME|LAST_NAME|SALUTATION|TRADING_NAME|WORK_REFERENCE|COMPANY_REGISTRATION_NUMBER|NATIONAL_INSURANCE_NUMBER|VERIFICATION_NUMBER|VERIFICATION_REQUEST_ID|MATCH_STATUS_FLAG|CIS_VERIFICATION_DATE|PAY_AWT_GROUP_ID|CIS_PARENT_VENDOR_ID|BUS_CLASS_LAST_CERTIFIED_DATE|BUS_CLASS_LAST_CERTIFIED_BY|DATA_TIME","199059","0","","企业资源计划","CD100 字典"
"80","HPB","ODATA_N_HPB.T_TBROKER","41","券商表","1","true","ACTIVE","自定义_数据重要性_重要","3","128889,128890,128891","DDL_FOUND","33","VC_BROKER_NO|VC_PARENT_BROKER_NO|VC_BROKER_NAME|VC_COUNTRY_NO|VC_BIC_CODE|C_FIX_ALLOCATION|VC_OMGEO_BROKER_TYPE|VC_OMGEO_BROKER_CODE|VC_OMGEO_BRMG|VC_TRADE_MEMBER|C_TYPE|C_PROFIT_AVAILABLE|VC_EXTERNAL_BROKER_NO|C_RIGHT_CONFIRM|C_ACCOUNTCHECK_TYPE|VC_SIGN_FUNDS|C_ENTRUSTS_COMBI|VC_REPORTCODE_TYPE|VC_CLIENT_ID|VC_TRADE_MEMBER_SQ|VC_TRADE_MEMBER_ZZ|VC_TRADE_MEMBER_DL|VC_PRICE_TYPE|VC_TRADE_MEMBER_NY|C_CONTRACT_EXTENT_FLAG|C_SPECIAL_QUOTA_MODE|L_SH_REPORT_NUMBER_DIGITS|L_SZ_REPORT_NUMBER_DIGITS|L_GZ_REPORT_NUMBER_DIGITS|VC_TIMESTAMP|L_VIRTUAL_KEY|C_RZRQ_IMPORT_TYPE|DATA_TIME","71206","0","","恒生PB主经纪商系统","CD100 字典"
"81","AO3","ODATA_N_AO3.T_TTRADERIVAL","56594","交易对手表；资管O32交易对手","2","true","ACTIVE","自定义_数据重要性_重要","11","63112,63230,63253,63255","DDL_FOUND","52","L_RIVAL_ID|VC_RIVAL_CODE|VC_NAME|VC_ALL_NAME|C_RIVAL_TYPE|C_OUTER_APPRAISE|C_INSIDE_APPRAISE|C_APPRAISE|VC_ADDRESS|VC_LINKMAN|VC_PHONE|VC_FAX|VC_SUMMARY|L_BANK_ID|C_BUY_SETTLEMENT|C_SALE_SETTLEMENT|VC_ENTRUST_RIGHT|VC_FUND_IDS|VC_CONTROL_RIGHT|VC_MARKET_TYPES|C_STATUS|EN_CAPITAL|EN_TOTAL_ASSET|EN_NET_ASSET|L_BANKHEAD_ID|VC_BANK_ACCOUNT|C_TRADE_CLASS|VC_SHCLEARING_ACCOUNT|C_CHINABOND_DVP|C_SHCLEARING_DVP|VC_PARTY_CODE|VC_BANK_NAME|VC_SHCLEARING_NAME|L_ISSUER_ID|VC_TIMESTAMP|VC_FIXED_ID|C_ORGMASTERORSLAVE|L_MASTERORG_RIVAL_ID|EN_ASSET_SCALE|L_ORG_ID|VC_HIS_NAME|C_MARKET_MAKER|L_UPPER_BANK_ID|VC_UPPER_BANK_NAME|C_RIVAL_PROPERTY|VC_SPV_CODE|VC_DIRECT_RIVAL_TYPE|VC_MEMBER_ID|VC_INVESTOR_ID|VC_INVESTOR_NAME|VC_INVESTOR_TYPE|DATA_TIME","60377","0","","资管O32投资交易系统","CD100 字典"
"82","CAP","ODATA_N_CAP.P_BIZ_ACC_EQ_CODE_COMPARED","38267","经纪商编码对照表","1","true","ACTIVE","","3","235456,235457,235459","DDL_FOUND","23","ID|ORG_NAME|ORG_TYPE|ORG_MARK|MOT_CODE|OTC_VALUATION|MANAGED_VALUATION|COMMAND_SYSTEM|DATA_SOURCE|CREATE_PERSON|CREATE_PERSONID|CREATE_TIME|UPDATE_PERSON|UPDATE_PERSONID|UPDATE_TIME|DELETED|EMAIL|REGISTRARS|VALUATION_OUTSOURCING_AGENCIES|REG_ADDRESS|TIME_FOR_SYN|ZBW_MEMBER_CODE|DATA_TIME","233663","0","","托管辅助平台","CD100 字典"
"83","AMS","ODATA_N_AMS.M_CUS_BANK_MANAGE","408","","0","true","ACTIVE","分级_2","0","","NO_DDL_FOUND","0","","","0","","资管运营系统","CD100 字典"
"84","AMS","ODATA_N_AMS.A_INVEST_TRADE_RIVAL_INFO","583","交易对手信息","1","true","ACTIVE","自定义_数据重要性_重要,分级_4","8","52871,53067,53117,63233,63254,63797","DDL_FOUND","18","ID|TRADE_RIVAL_CODE|TRADE_RIVAL_NAME|TRADE_RIVAL_TYPE|RIVAL_O32_CODE|TRADE_DS_PROD|RIVAL_CERT_TYPE|CREATER|CREATE_DATE|UPDATER|UPDATE_DATE|TRADE_RIVAL_DETAIL_TYPE|IF_O32_PROD|IF_ZDY|IF_FIRST|TRADE_LEVEL|FIRST_TYPE|DATA_TIME","61775","0","","资管运营系统","CD100 字典"
"85","PRD","ODATA_N_PRD.P_COMPANY","427250","机构列表","1","true","ACTIVE","自定义_数据重要性_重要","2","156291","DDL_FOUND","16","ID|COMCODE|COMTYPE|CHINAME|CHINAMEABBR|CHISPELLING|CREATEAT|CREATEBY|UPDATEBY|UPDATETIME|SOURCE|REG_CODE|REG_TIME|COUNTRY|COMACCESS|DATA_TIME","66121","0","","产品中心","CD100 字典"
"86","ALM","ODATA_N_ALM.G_RR_CO_BASE_INFO","107","交易对手代码表","1","true","ACTIVE","自定义_数据重要性_重要","6","91422,91423,91425,91428","DDL_FOUND","13","CO_ID|CORP_NAME|CORP_SHORT_NAME|CORP_ID|CREATE_BY|CREATE_TIME|UPDATE_BY|UPDATE_TIME|REMARK|DEL_FLAG|DATA_FLAG|SYNC_NO|DATA_TIME","90116","0","","自有资金管理系统","CD100 字典"
"87","CSO","ODATA_N_CSO.C_ODS_BS_OUT_DIST_ORG_INFO","3937","","0","true","ACTIVE","","2","","NO_DDL_FOUND","0","","","0","","结算交易运营系统","库目录说明"
"88","ECR","ODATA_N_ECR.S_V_CRM_ACCOUNT_INFO","104038","CRM客户基本信息；客户信息表；客户基本信息","3","true","ACTIVE","自定义_数据重要性_重要","25","35884,35894,35931,37233,63103,63152,63195,63610,63805,91418","DDL_FOUND","29","OU_NUM|ROW_ID|CUST_STAT_CD|NAME|SHORT_NAME|ACCNT_VAL_CD|REG_CAPITAL|OU_TYPE_CD|FINS_COMP_FLG|COMP_PROPERTY|LEGAL_REP|ACT_CONTROAL|FOUND_DATE|CREATOR_LAST_NAME|CREATOR_LOGIN|ACCNT_DIVISION|ACCNT_DIVISION_CODE|URL|LISTED_FLG|LISTING_DATE|ASSESSMENT_DATE|MARKET_VALUE|TTM|MAIN_BUSINESS|DATA_TIME|X_ACCNT_CLS|USCC|EUID|U_ID","60449","0","","企业级CRM","CD100 字典"
